country,market_segment,previous_cancellations,booking_changes,deposit_type,days_in_waiting_list,customer_type,reserved_room_type,required_car_parking_spaces,total_of_special_requests,is_canceled
IRL,Offline TA/TO,0,0,No Deposit,0,Transient-Party,A,0,0,0
FRA,Online TA,0,0,No Deposit,0,Transient,A,0,2,0
PRT,Online TA,0,1,No Deposit,0,Transient,A,0,2,0
NLD,Online TA,0,0,No Deposit,0,Transient,A,0,1,1
PRT,Online TA,0,2,No Deposit,0,Transient,A,0,2,0
ESP,Direct,0,1,No Deposit,0,Transient-Party,A,0,1,0
PRT,Groups,0,0,Non Refund,0,Transient,A,0,0,1
Others,Online TA,0,0,No Deposit,0,Transient,E,0,1,1
PRT,Groups,1,0,Non Refund,0,Contract,A,0,0,1
CN,Groups,0,1,No Deposit,0,Transient-Party,A,0,1,0
PRT,Online TA,0,0,No Deposit,0,Transient,A,0,1,0
PRT,Groups,1,0,Non Refund,0,Transient,A,0,0,1
FRA,Online TA,0,0,No Deposit,0,Transient,E,0,0,1
PRT,Offline TA/TO,0,0,Non Refund,3,Transient,A,0,0,1
Others,Direct,0,0,No Deposit,0,Transient,D,1,0,0
BRA,Offline TA/TO,0,1,No Deposit,0,Transient-Party,A,0,1,0
BEL,Online TA,0,1,No Deposit,0,Transient,A,0,1,0
Others,Online TA,0,0,No Deposit,0,Transient,A,0,2,0
DEU,Offline TA/TO,0,0,No Deposit,0,Transient,A,0,0,0
FRA,Offline TA/TO,0,0,No Deposit,0,Transient,D,0,0,0
ITA,Online TA,0,0,No Deposit,0,Transient,A,0,1,1
PRT,Offline TA/TO,0,0,Non Refund,39,Transient,A,0,0,1
PRT,Groups,0,0,No Deposit,0,Transient-Party,A,0,0,0
ESP,Offline TA/TO,0,1,No Deposit,0,Transient,A,0,1,0
ESP,Offline TA/TO,0,0,No Deposit,0,Transient,D,0,0,0
PRT,Offline TA/TO,0,0,Non Refund,0,Transient,A,0,0,1
CHE,Online TA,0,2,No Deposit,0,Transient,A,0,2,0
GBR,Groups,0,2,No Deposit,0,Transient-Party,A,0,0,0
ESP,Online TA,0,0,No Deposit,0,Transient,A,0,2,1
PRT,Offline TA/TO,1,0,No Deposit,0,Transient,A,0,0,1
PRT,Direct,0,0,No Deposit,0,Transient,A,0,0,0
BEL,Online TA,0,0,No Deposit,0,Transient,A,0,2,1
PRT,Offline TA/TO,0,0,No Deposit,0,Transient-Party,A,0,0,1
DEU,Online TA,0,0,No Deposit,0,Transient-Party,A,0,2,0
Others,Online TA,0,0,No Deposit,0,Transient,F,0,1,1
PRT,Corporate,0,1,No Deposit,0,Transient-Party,A,0,0,0
DEU,Groups,0,0,No Deposit,0,Transient-Party,A,0,0,0
Others,Offline TA/TO,0,0,No Deposit,0,Transient-Party,A,0,0,0
PRT,Complementary,0,0,No Deposit,0,Transient,B,0,1,0
PRT,Online TA,0,0,No Deposit,0,Transient,A,1,2,0
FRA,Online TA,0,0,No Deposit,0,Transient,A,0,0,1
ESP,Direct,0,0,No Deposit,0,Transient,E,0,2,0
FRA,Offline TA/TO,0,0,No Deposit,0,Transient,A,0,0,0
BEL,Online TA,0,0,No Deposit,0,Transient,D,0,2,0
Others,Online TA,0,0,No Deposit,0,Transient,E,0,1,0
IRL,Online TA,0,0,No Deposit,0,Transient,D,0,2,0
PRT,Corporate,0,0,Non Refund,0,Transient-Party,E,0,0,1
FRA,Online TA,0,0,No Deposit,0,Transient,D,0,2,0
FRA,Online TA,0,0,No Deposit,0,Transient,D,0,1,0
IRL,Online TA,0,1,No Deposit,0,Transient,A,0,1,1
ESP,Online TA,0,0,No Deposit,0,Transient,A,0,1,0
GBR,Groups,0,1,No Deposit,0,Transient-Party,D,0,0,0
ESP,Online TA,0,0,No Deposit,0,Transient,D,0,1,0
FRA,Groups,0,0,No Deposit,0,Transient-Party,A,0,1,0
IRL,Online TA,0,0,No Deposit,0,Transient,A,0,1,1
BEL,Online TA,0,0,No Deposit,0,Transient,D,0,0,1
DEU,Online TA,0,0,No Deposit,0,Transient,D,0,1,0
BEL,Offline TA/TO,0,0,No Deposit,0,Transient,A,0,0,0
GBR,Groups,0,0,No Deposit,0,Transient-Party,A,0,0,0
DEU,Online TA,0,0,No Deposit,0,Transient-Party,A,0,0,0
ESP,Groups,1,0,Non Refund,0,Transient,A,0,0,1
DEU,Online TA,0,0,No Deposit,0,Transient,A,0,0,1
DEU,Online TA,0,0,No Deposit,0,Transient,E,0,0,1
FRA,Offline TA/TO,0,0,No Deposit,0,Transient,E,0,0,0
FRA,Online TA,0,5,No Deposit,0,Transient,D,0,1,0
PRT,Online TA,0,1,No Deposit,0,Transient,A,0,2,1
ITA,Online TA,0,0,No Deposit,0,Transient,A,0,0,1
PRT,Direct,0,1,No Deposit,0,Transient-Party,E,0,2,0
PRT,Online TA,0,0,No Deposit,0,Transient,G,0,0,0
PRT,Corporate,0,0,No Deposit,0,Transient,A,1,2,0
PRT,Online TA,0,0,No Deposit,0,Transient,D,0,0,1
IRL,Offline TA/TO,0,0,No Deposit,0,Contract,E,0,0,0
GBR,Online TA,0,0,No Deposit,0,Transient,A,0,1,0
PRT,Online TA,0,0,No Deposit,0,Transient,D,1,2,0
PRT,Direct,0,0,No Deposit,0,Transient,D,0,2,0
GBR,Offline TA/TO,0,0,No Deposit,0,Contract,A,0,1,0
FRA,Direct,0,0,No Deposit,0,Transient,A,1,0,0
CN,Online TA,0,0,No Deposit,0,Transient,A,0,1,0
ESP,Offline TA/TO,0,0,No Deposit,0,Transient,A,0,0,0
CHN,Online TA,0,0,No Deposit,0,Transient,G,1,3,0
SWE,Direct,0,0,No Deposit,0,Transient,A,0,0,0
PRT,Online TA,0,1,No Deposit,0,Transient-Party,A,0,3,0
PRT,Direct,0,1,No Deposit,0,Transient-Party,A,0,1,0
FRA,Online TA,0,2,No Deposit,0,Transient,D,0,2,0
BEL,Online TA,0,0,No Deposit,0,Transient,A,0,1,1
GBR,Online TA,0,0,No Deposit,0,Transient,A,0,2,0
SWE,Groups,0,1,No Deposit,0,Transient,A,0,0,0
DEU,Online TA,0,1,No Deposit,0,Transient,F,0,0,0
AUT,Online TA,0,0,No Deposit,0,Transient,A,0,1,0
ESP,Direct,0,0,No Deposit,0,Transient,A,0,1,0
PRT,Offline TA/TO,0,1,No Deposit,0,Transient,A,0,0,0
DEU,Online TA,0,0,No Deposit,0,Transient,A,0,1,0
FRA,Online TA,0,1,No Deposit,0,Transient,E,1,3,0
Others,Online TA,0,1,No Deposit,0,Transient,A,0,1,1
PRT,Direct,0,1,No Deposit,0,Transient,A,0,1,0
PRT,Online TA,0,0,No Deposit,0,Transient,A,0,1,1
NLD,Online TA,0,0,No Deposit,0,Transient,D,0,0,1
Others,Offline TA/TO,0,0,No Deposit,0,Transient-Party,A,0,0,0
CHE,Online TA,0,0,No Deposit,0,Transient,A,0,2,1
GBR,Offline TA/TO,0,1,No Deposit,0,Transient,E,0,0,0
DEU,Online TA,0,0,No Deposit,0,Transient,A,0,0,0
ESP,Online TA,0,0,No Deposit,0,Transient-Party,A,0,0,0
PRT,Offline TA/TO,0,0,No Deposit,0,Transient-Party,A,0,0,0
ITA,Online TA,0,0,No Deposit,0,Transient,A,0,0,0
ITA,Online TA,0,2,No Deposit,0,Transient,A,0,0,0
BEL,Online TA,0,0,No Deposit,0,Transient,A,0,0,1
ITA,Offline TA/TO,0,0,No Deposit,0,Transient-Party,A,0,0,0
PRT,Online TA,0,0,No Deposit,0,Transient,G,0,0,1
PRT,Online TA,0,2,No Deposit,0,Transient,A,0,1,1
ESP,Groups,0,0,No Deposit,0,Transient-Party,A,0,0,0
DEU,Offline TA/TO,0,2,No Deposit,0,Transient-Party,A,0,0,0
BEL,Offline TA/TO,0,0,No Deposit,0,Transient-Party,D,0,1,0
PRT,Corporate,0,0,No Deposit,0,Transient,A,0,0,0
Others,Online TA,0,0,No Deposit,0,Transient,D,0,0,0
PRT,Offline TA/TO,1,0,No Deposit,0,Transient-Party,A,0,2,1
DEU,Offline TA/TO,0,1,No Deposit,0,Transient-Party,A,0,0,0
POL,Offline TA/TO,0,0,No Deposit,0,Transient-Party,A,0,0,0
PRT,Groups,1,0,No Deposit,0,Contract,A,0,0,1
ITA,Online TA,0,0,No Deposit,0,Transient,A,0,2,1
IRL,Offline TA/TO,0,0,No Deposit,0,Transient,A,0,0,0
FRA,Online TA,0,0,No Deposit,0,Transient,A,0,1,0
BEL,Online TA,0,0,No Deposit,0,Transient,E,0,1,0
USA,Online TA,0,1,No Deposit,0,Transient-Party,G,1,2,0
PRT,Corporate,0,0,No Deposit,0,Transient,A,0,0,1
PRT,Online TA,0,0,No Deposit,0,Transient,E,0,1,0
PRT,Groups,0,1,No Deposit,0,Transient-Party,D,0,0,1
DEU,Groups,0,0,No Deposit,0,Transient-Party,D,0,0,0
FRA,Direct,0,0,No Deposit,0,Transient,A,0,0,0
USA,Online TA,0,1,No Deposit,0,Transient,D,0,1,0
CN,Offline TA/TO,0,0,No Deposit,0,Transient,D,1,1,0
PRT,Direct,0,0,No Deposit,0,Transient,E,0,0,0
BEL,Online TA,0,2,No Deposit,0,Transient,D,1,1,0
GBR,Offline TA/TO,0,1,No Deposit,0,Transient,D,0,0,0
PRT,Offline TA/TO,0,1,No Deposit,0,Transient,A,1,0,0
PRT,Direct,1,0,No Deposit,0,Transient,A,0,0,0
Others,Offline TA/TO,0,1,No Deposit,0,Transient-Party,A,0,0,0
RUS,Online TA,0,0,No Deposit,0,Transient,D,0,0,1
DEU,Online TA,0,0,No Deposit,0,Transient,A,0,2,0
PRT,Groups,0,1,No Deposit,0,Transient-Party,A,0,0,1
FRA,Offline TA/TO,0,2,No Deposit,0,Transient-Party,A,0,0,0
USA,Online TA,0,0,No Deposit,0,Transient,A,0,1,1
PRT,Groups,0,0,No Deposit,0,Transient-Party,A,0,0,1
PRT,Aviation,0,0,No Deposit,0,Transient,D,0,0,0
DEU,Online TA,0,0,No Deposit,0,Transient,D,0,1,1
PRT,Online TA,0,0,No Deposit,0,Transient,D,0,2,0
SWE,Online TA,0,0,No Deposit,0,Transient,A,0,0,0
IRL,Offline TA/TO,0,0,No Deposit,0,Contract,A,0,1,0
PRT,Direct,0,0,No Deposit,0,Transient,A,0,2,0
PRT,Online TA,0,0,No Deposit,0,Transient,A,0,2,0
PRT,Offline TA/TO,1,0,Non Refund,0,Transient,A,0,0,1
USA,Online TA,0,0,No Deposit,0,Transient,A,0,1,0
GBR,Online TA,0,0,No Deposit,0,Transient,A,0,1,1
GBR,Online TA,0,0,No Deposit,0,Transient,D,0,0,1
PRT,Groups,1,0,Non Refund,0,Transient-Party,A,0,0,1
PRT,Offline TA/TO,1,0,Non Refund,0,Transient-Party,A,0,0,1
SWE,Groups,0,3,No Deposit,0,Transient-Party,E,1,0,0
PRT,Online TA,0,0,No Deposit,0,Transient,E,0,1,1
GBR,Direct,0,0,No Deposit,0,Transient,A,0,3,0
ITA,Offline TA/TO,0,0,No Deposit,0,Transient,F,0,1,0
FRA,Offline TA/TO,0,0,No Deposit,0,Transient-Party,A,0,0,0
PRT,Groups,0,1,No Deposit,0,Transient-Party,A,0,0,0
ROU,Offline TA/TO,0,0,No Deposit,0,Transient,D,0,0,0
PRT,Groups,0,0,No Deposit,0,Transient-Party,A,0,1,0
DEU,Offline TA/TO,0,0,No Deposit,0,Transient-Party,A,0,1,0
PRT,Offline TA/TO,0,0,No Deposit,0,Transient,A,0,0,0
FRA,Online TA,0,2,No Deposit,0,Transient,D,0,1,1
DEU,Groups,0,2,No Deposit,0,Transient-Party,A,0,0,0
POL,Online TA,0,0,No Deposit,0,Transient,A,0,2,1
CHN,Online TA,0,0,No Deposit,0,Transient-Party,A,0,3,0
PRT,Direct,0,2,No Deposit,0,Transient,E,0,0,0
ITA,Online TA,0,0,No Deposit,0,Transient,F,0,2,0
PRT,Direct,0,0,No Deposit,0,Transient,E,0,1,0
ESP,Online TA,0,0,No Deposit,0,Transient,A,0,0,1
PRT,Corporate,0,0,No Deposit,0,Transient,A,1,0,0
USA,Online TA,0,0,No Deposit,0,Transient,A,0,0,1
PRT,Online TA,0,0,No Deposit,0,Transient-Party,A,0,2,0
ESP,Direct,0,1,No Deposit,0,Transient,A,0,0,0
PRT,Online TA,0,0,No Deposit,0,Transient,A,0,2,1
ESP,Online TA,0,0,No Deposit,0,Transient,F,0,1,0
ESP,Offline TA/TO,0,1,No Deposit,0,Transient,A,0,0,0
PRT,Corporate,0,0,Non Refund,0,Transient,A,0,0,1
POL,Offline TA/TO,0,0,No Deposit,0,Transient,A,0,0,0
PRT,Complementary,0,1,No Deposit,0,Transient,F,0,1,0
ITA,Online TA,0,0,No Deposit,0,Contract,D,0,1,0
USA,Offline TA/TO,0,0,No Deposit,0,Transient,D,1,0,0
ESP,Groups,0,0,No Deposit,0,Transient,A,0,0,0
FRA,Online TA,0,0,No Deposit,0,Transient,D,0,0,1
GBR,Offline TA/TO,0,0,No Deposit,0,Transient,D,0,2,0
PRT,Direct,0,3,No Deposit,0,Transient,D,1,1,0
FRA,Online TA,0,1,No Deposit,0,Transient,D,0,1,1
ESP,Online TA,0,1,No Deposit,0,Transient-Party,A,0,1,1
ITA,Online TA,0,0,No Deposit,0,Transient,E,0,0,1
ESP,Online TA,0,2,No Deposit,0,Transient,F,0,0,0
CN,Offline TA/TO,0,0,No Deposit,0,Transient-Party,A,0,1,0
PRT,Online TA,0,0,No Deposit,0,Transient,A,1,3,0
PRT,Online TA,0,0,No Deposit,0,Transient-Party,D,0,0,0
FRA,Online TA,0,0,No Deposit,0,Transient,A,0,3,0
DEU,Online TA,0,1,No Deposit,0,Transient-Party,A,0,2,0
IRL,Online TA,0,0,No Deposit,0,Transient,D,0,1,0
NLD,Online TA,0,0,No Deposit,0,Transient,A,0,1,0
DEU,Offline TA/TO,0,0,No Deposit,0,Transient-Party,A,0,0,0
GBR,Offline TA/TO,0,0,No Deposit,0,Transient,E,0,0,0
ESP,Corporate,0,4,No Deposit,0,Transient-Party,A,0,0,0
ESP,Online TA,0,0,No Deposit,0,Transient-Party,A,0,2,0
GBR,Groups,0,0,No Deposit,0,Transient-Party,A,0,1,0
ESP,Online TA,0,0,No Deposit,0,Transient,D,1,2,0
PRT,Direct,0,1,No Deposit,0,Transient,D,1,0,0
DEU,Direct,0,0,No Deposit,0,Transient-Party,D,0,0,0
GBR,Offline TA/TO,0,0,No Deposit,0,Contract,E,0,0,0
ITA,Direct,0,0,No Deposit,0,Transient,A,0,0,0
PRT,Corporate,0,0,No Deposit,0,Transient,A,1,1,0
ITA,Online TA,0,0,No Deposit,0,Transient,D,0,2,0
FRA,Online TA,0,0,No Deposit,0,Transient,E,0,2,0
BRA,Online TA,0,0,No Deposit,0,Transient,A,0,0,1
Others,Online TA,0,0,No Deposit,0,Transient,A,0,1,0
PRT,Online TA,0,0,No Deposit,0,Transient,G,1,1,0
BRA,Online TA,0,0,No Deposit,0,Transient,A,0,1,0
ESP,Direct,0,0,No Deposit,0,Transient,D,0,0,0
PRT,Groups,0,0,Refundable,0,Transient-Party,D,0,0,1
FRA,Direct,0,0,No Deposit,0,Transient-Party,A,0,0,1
FRA,Online TA,0,0,No Deposit,0,Transient,D,0,1,1
PRT,Corporate,0,1,No Deposit,0,Transient,A,0,0,0
CHE,Online TA,0,0,No Deposit,0,Transient,E,0,0,0
PRT,Corporate,0,0,No Deposit,0,Transient,E,0,0,0
GBR,Online TA,0,0,No Deposit,0,Transient,E,0,1,0
IRL,Online TA,0,0,No Deposit,0,Transient,E,0,0,0
BRA,Online TA,0,1,No Deposit,0,Transient,A,0,1,1
GBR,Online TA,0,3,No Deposit,0,Transient,A,0,0,0
ITA,Direct,0,1,No Deposit,0,Transient,E,1,2,0
IRL,Online TA,0,1,No Deposit,0,Transient,D,1,1,0
ESP,Corporate,0,0,No Deposit,0,Transient,A,0,0,0
PRT,Offline TA/TO,1,0,Non Refund,46,Transient,A,0,0,1
BEL,Online TA,0,1,No Deposit,0,Transient-Party,A,0,0,0
AUT,Online TA,0,1,No Deposit,0,Transient-Party,D,0,2,0
ITA,Online TA,0,0,No Deposit,0,Transient,A,0,1,0
PRT,Offline TA/TO,0,0,No Deposit,0,Transient,A,0,1,0
DNK,Online TA,0,1,No Deposit,0,Transient,A,0,0,1
PRT,Online TA,0,0,No Deposit,0,Transient,A,0,0,0
DEU,Online TA,0,0,No Deposit,0,Transient,A,0,1,1
SWE,Online TA,0,0,No Deposit,0,Transient-Party,A,0,2,0
PRT,Direct,1,0,No Deposit,0,Transient,A,0,0,1
USA,Online TA,0,1,No Deposit,0,Transient,F,0,1,1
FRA,Aviation,0,0,No Deposit,0,Transient,D,0,0,0
CHN,Online TA,0,0,No Deposit,0,Transient,D,0,0,1
GBR,Groups,0,0,Refundable,0,Transient-Party,A,0,0,0
GBR,Online TA,0,1,No Deposit,0,Transient,E,0,1,1
CN,Groups,0,0,No Deposit,0,Transient-Party,A,0,1,0
Others,Online TA,0,0,No Deposit,0,Transient,A,0,0,1
FRA,Direct,0,0,No Deposit,0,Transient,E,0,2,0
POL,Groups,0,4,No Deposit,0,Transient-Party,A,0,0,0
PRT,Online TA,0,0,No Deposit,0,Transient,E,1,0,0
GBR,Online TA,0,0,No Deposit,0,Transient,A,0,0,0
PRT,Offline TA/TO,0,0,No Deposit,0,Transient,A,1,1,0
PRT,Direct,0,0,No Deposit,0,Transient,A,0,0,1
DEU,Offline TA/TO,0,1,No Deposit,0,Transient-Party,A,0,1,0
GBR,Online TA,0,0,No Deposit,0,Transient,E,0,0,0
FRA,Online TA,0,0,No Deposit,0,Transient,A,0,0,0
Others,Groups,0,1,No Deposit,0,Transient-Party,A,0,0,0
GBR,Direct,0,0,No Deposit,0,Transient,E,0,0,1
AUT,Online TA,0,1,No Deposit,0,Transient,A,0,3,0
PRT,Offline TA/TO,0,1,No Deposit,0,Transient-Party,A,0,0,0
Others,Online TA,0,0,No Deposit,0,Transient,A,0,1,1
ESP,Offline TA/TO,0,1,No Deposit,0,Transient-Party,A,0,0,0
PRT,Groups,0,0,No Deposit,0,Transient-Party,E,0,0,0
FRA,Online TA,0,1,No Deposit,0,Transient,D,0,2,0
ESP,Online TA,0,0,No Deposit,0,Transient,A,0,0,0
ESP,Online TA,0,0,No Deposit,0,Transient,A,0,2,0
PRT,Groups,0,0,No Deposit,0,Transient-Party,D,0,0,1
Others,Online TA,0,0,No Deposit,0,Transient,A,0,2,1
BRA,Online TA,0,0,No Deposit,0,Transient,D,0,2,0
FRA,Groups,0,0,No Deposit,0,Transient-Party,A,0,0,0
PRT,Offline TA/TO,0,0,No Deposit,0,Transient,A,0,2,1
ESP,Groups,0,0,Non Refund,0,Transient,A,0,0,1
GBR,Offline TA/TO,0,0,No Deposit,0,Contract,D,1,0,0
PRT,Direct,0,0,No Deposit,0,Transient,F,0,0,0
BEL,Online TA,0,0,No Deposit,0,Transient,A,0,2,0
PRT,Online TA,0,0,No Deposit,0,Transient,A,0,0,1
PRT,Online TA,0,1,No Deposit,0,Transient,A,0,1,0
GBR,Online TA,0,0,No Deposit,0,Transient,D,0,1,1
ITA,Groups,0,0,No Deposit,0,Transient-Party,A,0,0,0
ITA,Online TA,0,1,No Deposit,0,Transient,A,0,2,0
IRL,Online TA,0,0,No Deposit,0,Group,A,0,2,0
ESP,Offline TA/TO,0,0,No Deposit,0,Transient,A,0,1,0
BRA,Online TA,0,0,No Deposit,0,Transient,E,0,3,1
FRA,Offline TA/TO,0,0,No Deposit,0,Group,D,0,0,0
GBR,Online TA,0,0,No Deposit,0,Transient,E,0,2,0
Others,Online TA,0,0,No Deposit,0,Transient,A,0,1,0
PRT,Offline TA/TO,0,0,No Deposit,0,Transient,A,0,0,1
Others,Online TA,0,0,No Deposit,0,Transient,D,0,0,1
ROU,Direct,0,0,No Deposit,0,Transient,A,0,0,1
FRA,Online TA,0,0,No Deposit,0,Transient,C,0,1,0
FRA,Online TA,0,0,No Deposit,0,Transient,A,0,1,1
Others,Offline TA/TO,0,0,No Deposit,0,Transient-Party,A,0,0,0
DEU,Online TA,0,0,No Deposit,0,Transient,A,0,2,1
Others,Direct,0,0,No Deposit,0,Transient,F,0,2,1
PRT,Online TA,0,1,No Deposit,0,Transient-Party,A,1,0,0
GBR,Online TA,0,2,No Deposit,0,Transient,A,0,1,0
PRT,Online TA,0,3,No Deposit,0,Transient-Party,E,0,2,0
Others,Online TA,0,2,No Deposit,0,Transient,A,0,1,1
PRT,Groups,0,0,Non Refund,0,Transient,D,0,0,1
PRT,Complementary,0,2,No Deposit,0,Transient,E,1,2,0
PRT,Direct,0,0,No Deposit,0,Transient,A,0,1,1
PRT,Direct,0,0,No Deposit,0,Transient-Party,A,0,0,0
PRT,Offline TA/TO,0,0,No Deposit,0,Transient,D,0,0,1
ITA,Offline TA/TO,0,2,No Deposit,4,Transient-Party,A,0,0,0
Others,Online TA,0,0,No Deposit,0,Transient,A,0,0,0
GBR,Offline TA/TO,0,0,No Deposit,0,Transient,A,0,1,0
FRA,Online TA,0,0,No Deposit,0,Contract,A,0,2,0
CHN,Online TA,0,2,No Deposit,0,Transient,A,0,1,0
Others,Offline TA/TO,0,0,No Deposit,0,Transient-Party,A,0,1,0
POL,Offline TA/TO,0,1,No Deposit,0,Transient-Party,A,0,0,0
PRT,Direct,0,0,No Deposit,0,Transient,D,1,1,0
BRA,Online TA,0,0,No Deposit,0,Transient,A,0,1,1
PRT,Offline TA/TO,0,0,Non Refund,0,Transient-Party,A,0,0,1
PRT,Online TA,0,0,No Deposit,0,Transient,D,0,3,1
FRA,Online TA,0,0,No Deposit,0,Transient-Party,A,1,2,0
Others,Online TA,0,0,No Deposit,0,Transient,A,0,1,1
PRT,Online TA,0,0,No Deposit,0,Transient-Party,D,0,1,0
PRT,Groups,0,0,Non Refund,31,Transient,A,0,0,1
ESP,Groups,0,4,No Deposit,0,Transient-Party,A,0,0,0
FRA,Offline TA/TO,0,0,No Deposit,0,Transient,A,0,1,0
BEL,Online TA,0,0,No Deposit,0,Transient,D,0,3,0
PRT,Direct,0,1,No Deposit,0,Transient,A,0,0,0
CHN,Online TA,0,0,No Deposit,0,Transient,D,0,2,0
AUT,Direct,0,0,No Deposit,0,Transient-Party,E,0,0,0
Others,Online TA,0,0,No Deposit,0,Transient,G,0,0,1
PRT,Groups,1,0,No Deposit,0,Transient-Party,A,0,0,1
PRT,Online TA,0,1,No Deposit,0,Transient,A,0,0,0
BRA,Online TA,0,0,No Deposit,0,Transient,D,0,1,1
Others,Direct,0,1,No Deposit,0,Transient,A,0,1,0
DEU,Online TA,0,2,No Deposit,0,Transient-Party,A,0,2,0
Others,Online TA,0,0,No Deposit,0,Transient,A,0,0,1
BRA,Direct,0,0,No Deposit,0,Transient,A,0,4,0
BEL,Direct,0,0,No Deposit,0,Transient,D,0,2,0
PRT,Online TA,0,0,No Deposit,0,Contract,A,0,2,1
GBR,Offline TA/TO,0,0,No Deposit,0,Contract,D,0,0,0
PRT,Online TA,0,0,No Deposit,0,Transient,D,0,1,0
CHE,Online TA,0,1,No Deposit,0,Transient,B,0,3,0
PRT,Online TA,0,0,No Deposit,0,Transient,D,0,0,0
GBR,Online TA,0,1,No Deposit,0,Transient,D,0,2,0
PRT,Groups,0,0,No Deposit,34,Transient-Party,A,0,0,1
DEU,Online TA,0,0,No Deposit,0,Transient,F,0,0,1
BEL,Direct,0,0,No Deposit,0,Transient,A,0,0,0
ESP,Direct,0,2,No Deposit,0,Transient,A,0,2,0
SWE,Online TA,0,0,No Deposit,0,Transient,D,0,0,1
DEU,Online TA,0,1,No Deposit,0,Transient,A,0,1,0
Others,Online TA,0,0,No Deposit,0,Transient,D,0,0,0
PRT,Online TA,0,1,No Deposit,0,Transient,A,0,1,1
SWE,Online TA,0,0,No Deposit,0,Transient,A,0,2,0
DEU,Offline TA/TO,0,1,No Deposit,0,Transient,A,0,0,0
SWE,Online TA,0,0,No Deposit,0,Transient,D,0,0,0
PRT,Groups,0,0,No Deposit,0,Transient,A,0,1,0
PRT,Groups,25,0,Non Refund,0,Transient,A,0,0,1
PRT,Direct,0,3,No Deposit,0,Transient,F,1,0,0
GBR,Online TA,0,0,No Deposit,0,Transient,A,0,0,1
Others,Online TA,0,0,No Deposit,0,Transient-Party,A,0,1,0
PRT,Online TA,0,2,No Deposit,0,Transient-Party,A,0,0,0
PRT,Online TA,1,0,No Deposit,0,Transient,A,0,0,1
IRL,Online TA,0,0,No Deposit,0,Transient,D,0,0,1
USA,Online TA,0,0,No Deposit,0,Transient-Party,D,0,1,0
CN,Offline TA/TO,0,0,No Deposit,0,Transient,D,0,1,0
PRT,Direct,1,0,No Deposit,0,Transient,B,0,0,1
FRA,Offline TA/TO,0,0,No Deposit,0,Transient-Party,A,0,1,0
IRL,Offline TA/TO,0,0,No Deposit,0,Transient,D,0,0,0
GBR,Online TA,0,1,No Deposit,0,Transient,A,0,1,0
IRL,Online TA,0,0,No Deposit,0,Transient,A,0,0,0
ITA,Offline TA/TO,0,2,No Deposit,0,Transient-Party,A,0,0,0
ESP,Offline TA/TO,0,0,No Deposit,0,Contract,D,0,0,0
DEU,Online TA,0,3,No Deposit,0,Transient,D,0,1,0
GBR,Offline TA/TO,0,2,No Deposit,0,Transient-Party,A,0,0,0
GBR,Online TA,0,0,No Deposit,0,Transient,G,0,0,1
ITA,Online TA,0,0,No Deposit,0,Transient,D,0,4,1
FRA,Direct,0,0,No Deposit,0,Transient,F,1,0,0
NLD,Online TA,0,0,No Deposit,0,Transient,A,0,2,0
POL,Direct,0,0,No Deposit,0,Transient,F,0,0,1
PRT,Corporate,2,0,No Deposit,0,Transient,A,1,2,0
GBR,Online TA,0,0,No Deposit,0,Transient,A,0,3,1
GBR,Direct,0,0,No Deposit,0,Transient,F,0,0,0
USA,Online TA,0,2,No Deposit,0,Transient,A,0,0,1
PRT,Online TA,0,0,No Deposit,0,Transient,C,0,2,0
Others,Online TA,0,0,No Deposit,0,Transient,A,0,0,0
ESP,Online TA,0,0,No Deposit,0,Transient,D,0,0,1
PRT,Online TA,0,0,No Deposit,0,Transient,D,0,2,1
PRT,Online TA,1,0,No Deposit,0,Transient,G,0,0,1
NLD,Online TA,0,2,No Deposit,0,Transient,A,0,2,0
PRT,Groups,0,0,Non Refund,57,Transient,A,0,0,1
BRA,Offline TA/TO,0,0,No Deposit,0,Transient-Party,A,0,0,0
NOR,Online TA,0,0,No Deposit,0,Transient-Party,D,0,0,0
PRT,Corporate,1,0,No Deposit,0,Transient-Party,A,0,0,1
ESP,Online TA,0,0,No Deposit,0,Transient-Party,A,0,1,0
PRT,Direct,0,1,No Deposit,0,Transient,D,0,1,0
POL,Online TA,0,0,No Deposit,0,Contract,A,0,2,0
PRT,Complementary,0,0,No Deposit,0,Transient,A,0,0,0
CN,Online TA,0,0,No Deposit,0,Transient,A,0,0,0
CHN,Online TA,0,0,No Deposit,0,Transient,A,0,2,1
PRT,Direct,0,1,No Deposit,0,Transient,B,0,1,0
ESP,Online TA,0,0,No Deposit,0,Transient,E,0,2,1
SWE,Online TA,0,0,No Deposit,0,Transient,A,0,1,0
PRT,Corporate,0,2,Non Refund,0,Transient-Party,A,0,0,1
FIN,Online TA,0,1,No Deposit,0,Transient,H,1,3,0
DEU,Online TA,0,0,No Deposit,0,Transient,D,0,2,0
ESP,Online TA,0,0,No Deposit,0,Transient,D,0,1,1
Others,Online TA,0,0,No Deposit,0,Transient,D,0,0,0
PRT,Groups,0,0,Refundable,0,Transient-Party,A,0,0,1
IRL,Online TA,0,0,No Deposit,0,Transient,A,0,1,0
PRT,Online TA,0,0,No Deposit,0,Transient,E,0,0,1
AUT,Online TA,0,0,No Deposit,0,Transient,D,0,3,0
PRT,Offline TA/TO,0,0,No Deposit,0,Transient,D,0,1,0
CHE,Online TA,0,0,No Deposit,0,Transient,A,0,0,1
DNK,Online TA,0,0,No Deposit,0,Transient,A,0,0,1
GBR,Offline TA/TO,0,0,No Deposit,0,Contract,D,0,1,0
PRT,Direct,0,0,No Deposit,0,Transient,A,0,1,0
ESP,Online TA,0,0,No Deposit,0,Transient,A,1,1,0
ESP,Online TA,0,1,No Deposit,0,Transient-Party,D,0,0,0
DEU,Direct,0,0,No Deposit,0,Transient-Party,A,0,2,0
FRA,Online TA,0,0,No Deposit,0,Transient,D,0,3,0
Others,Online TA,0,0,No Deposit,0,Transient,A,0,1,1
BRA,Online TA,0,2,No Deposit,0,Transient,A,0,0,1
IRL,Direct,0,0,No Deposit,0,Transient,F,0,0,0
CHN,Online TA,0,0,No Deposit,0,Transient,E,0,0,1
IRL,Direct,0,0,No Deposit,0,Transient-Party,G,0,2,0
GBR,Online TA,0,0,No Deposit,0,Transient,D,0,3,1
BRA,Direct,0,0,No Deposit,0,Transient,A,0,0,1
DEU,Online TA,0,0,No Deposit,0,Transient,D,1,3,0
GBR,Direct,0,0,No Deposit,0,Transient,G,0,0,0
ESP,Direct,0,1,No Deposit,0,Transient,G,0,3,0
IRL,Offline TA/TO,0,0,No Deposit,0,Transient,E,0,2,0
PRT,Offline TA/TO,0,0,No Deposit,0,Contract,E,0,1,0
ITA,Online TA,0,0,No Deposit,0,Transient,A,0,2,0
PRT,Online TA,0,0,No Deposit,0,Transient,D,0,1,1
PRT,Online TA,0,1,No Deposit,0,Transient,F,0,2,0
BEL,Online TA,0,0,No Deposit,0,Transient-Party,A,0,0,0
PRT,Online TA,0,1,No Deposit,0,Transient-Party,D,0,1,0
DEU,Online TA,0,0,No Deposit,0,Transient,F,0,1,0
DEU,Online TA,0,1,No Deposit,0,Transient-Party,D,0,0,0
PRT,Corporate,0,0,No Deposit,0,Transient,A,0,1,0
PRT,Direct,0,0,No Deposit,0,Transient,D,0,1,1
AUT,Online TA,0,0,No Deposit,0,Transient,A,0,0,0
GBR,Direct,0,2,No Deposit,0,Transient,D,0,2,0
DEU,Groups,0,0,No Deposit,0,Transient-Party,A,0,1,0
PRT,Corporate,3,0,No Deposit,0,Transient,A,0,0,0
FRA,Online TA,0,0,No Deposit,0,Transient,A,0,2,1
POL,Online TA,0,0,No Deposit,0,Transient,A,0,1,0
CN,Offline TA/TO,0,0,No Deposit,0,Transient,A,0,0,0
PRT,Corporate,0,2,No Deposit,0,Transient,A,1,1,0
ROU,Online TA,0,0,No Deposit,0,Transient,F,0,0,0
PRT,Corporate,0,2,No Deposit,0,Transient,A,0,0,0
GBR,Corporate,0,0,No Deposit,0,Transient,A,0,0,0
ITA,Online TA,0,0,No Deposit,0,Transient,D,0,0,1
DEU,Online TA,0,0,No Deposit,0,Transient,D,0,0,1
NLD,Online TA,0,2,No Deposit,0,Transient,D,1,0,0
GBR,Groups,0,1,No Deposit,0,Transient-Party,A,0,0,0
PRT,Offline TA/TO,0,2,No Deposit,0,Transient,A,0,0,1
NOR,Direct,0,0,No Deposit,0,Transient,E,0,0,0
DEU,Online TA,0,0,No Deposit,0,Transient-Party,A,0,1,0
DEU,Offline TA/TO,0,1,No Deposit,0,Transient,D,0,0,0
BEL,Online TA,0,0,No Deposit,0,Transient,A,0,1,0
Others,Online TA,0,0,No Deposit,0,Transient,A,0,1,0
PRT,Online TA,1,0,No Deposit,0,Contract,F,0,1,1
ISR,Groups,0,2,No Deposit,0,Transient-Party,A,0,0,0
FRA,Online TA,0,0,No Deposit,0,Transient,F,0,2,1
GBR,Offline TA/TO,0,0,No Deposit,0,Transient,A,0,0,0
ESP,Direct,0,0,No Deposit,0,Transient,G,0,0,0
PRT,Offline TA/TO,0,0,No Deposit,0,Transient,A,0,1,1
FRA,Online TA,0,1,No Deposit,0,Transient,A,0,0,0
PRT,Offline TA/TO,0,0,No Deposit,0,Transient,D,0,1,1
GBR,Online TA,0,0,No Deposit,0,Transient,D,0,2,0
ESP,Online TA,0,1,No Deposit,0,Transient,D,1,3,0
ESP,Direct,0,3,No Deposit,0,Transient,D,0,0,0
PRT,Online TA,0,0,No Deposit,0,Transient,G,1,0,0
PRT,Corporate,0,0,No Deposit,0,Transient,D,1,1,0
Others,Direct,0,0,No Deposit,0,Transient,C,0,1,0
POL,Online TA,0,0,No Deposit,0,Transient,G,0,3,0
PRT,Offline TA/TO,0,0,No Deposit,0,Transient-Party,B,0,0,0
PRT,Direct,0,0,No Deposit,0,Group,A,0,1,0
PRT,Online TA,0,0,No Deposit,0,Transient-Party,A,2,1,0
ROU,Online TA,0,0,No Deposit,0,Transient,A,0,0,1
POL,Groups,0,0,Non Refund,0,Transient,A,0,0,1
PRT,Direct,0,0,No Deposit,0,Transient,D,0,1,0
ITA,Online TA,0,0,No Deposit,0,Transient,A,0,3,0
IRL,Online TA,0,0,No Deposit,0,Transient,A,0,2,0
ESP,Offline TA/TO,0,0,No Deposit,0,Transient,A,1,1,0
ESP,Online TA,0,2,No Deposit,0,Transient,A,0,1,0
PRT,Direct,0,0,No Deposit,0,Transient,D,0,0,0
PRT,Offline TA/TO,1,0,Non Refund,50,Transient,A,0,0,1
ITA,Offline TA/TO,0,0,No Deposit,0,Transient-Party,A,0,1,0
GBR,Direct,0,0,No Deposit,0,Transient,A,1,1,0
AUT,Online TA,0,1,No Deposit,0,Transient-Party,E,0,3,0
PRT,Direct,0,1,No Deposit,0,Transient,D,1,2,0
CN,Offline TA/TO,0,0,No Deposit,0,Transient-Party,A,0,0,0
GBR,Online TA,0,1,No Deposit,0,Transient,A,1,0,0
PRT,Offline TA/TO,0,1,No Deposit,0,Transient-Party,H,0,0,0
PRT,Groups,1,0,Non Refund,17,Transient,A,0,0,1
Others,Online TA,0,0,No Deposit,0,Transient,A,0,0,0
GBR,Offline TA/TO,0,0,No Deposit,0,Transient,D,0,1,0
FIN,Online TA,0,0,No Deposit,0,Transient-Party,D,1,2,0
PRT,Corporate,0,1,No Deposit,0,Transient,A,0,0,1
CHN,Online TA,0,0,No Deposit,0,Transient,A,0,0,0
PRT,Direct,0,1,No Deposit,0,Group,E,0,0,0
PRT,Groups,0,0,No Deposit,0,Transient-Party,D,0,1,0
ESP,Online TA,0,0,No Deposit,0,Transient,H,0,0,0
PRT,Offline TA/TO,0,0,No Deposit,0,Transient-Party,A,0,1,0
GBR,Offline TA/TO,0,0,No Deposit,0,Contract,A,0,0,0
USA,Groups,0,0,No Deposit,0,Transient-Party,A,0,0,0
DEU,Online TA,0,1,No Deposit,0,Transient-Party,A,0,1,1
DEU,Online TA,0,0,No Deposit,0,Transient-Party,D,0,0,1
RUS,Corporate,0,0,No Deposit,0,Transient-Party,A,0,0,0
GBR,Online TA,0,0,No Deposit,0,Transient,E,0,2,1
SWE,Online TA,0,0,No Deposit,0,Transient,E,0,0,1
CHN,Online TA,0,0,No Deposit,0,Transient,B,0,1,0
PRT,Offline TA/TO,0,0,No Deposit,0,Transient,E,0,0,1
FRA,Online TA,0,0,No Deposit,0,Transient,D,0,0,0
IRL,Direct,0,0,No Deposit,0,Transient,B,0,1,0
IRL,Direct,0,1,No Deposit,0,Transient,A,0,1,0
CHE,Online TA,0,0,No Deposit,0,Transient,D,0,1,0
CHE,Online TA,0,0,No Deposit,0,Contract,A,0,1,0
GBR,Online TA,0,0,No Deposit,0,Transient,E,0,1,1
PRT,Online TA,0,0,No Deposit,0,Transient,A,1,1,0
CHE,Online TA,0,2,No Deposit,0,Transient,D,0,0,1
PRT,Online TA,0,1,No Deposit,0,Transient,A,0,0,1
PRT,Direct,0,0,No Deposit,0,Transient,E,1,1,0
IRL,Direct,0,1,No Deposit,0,Transient,G,0,0,0
IRL,Direct,0,0,No Deposit,0,Transient,A,0,1,0
GBR,Online TA,0,0,No Deposit,0,Transient,A,0,3,0
PRT,Direct,0,0,No Deposit,0,Transient,F,0,1,0
NOR,Online TA,0,0,No Deposit,0,Transient,D,0,0,1
Others,Online TA,0,0,No Deposit,0,Transient,F,0,0,0
PRT,Direct,0,1,No Deposit,0,Transient,C,0,2,0
ISR,Groups,0,0,No Deposit,0,Transient-Party,A,0,1,0
PRT,Direct,0,0,No Deposit,0,Transient,H,1,0,0
GBR,Online TA,0,0,No Deposit,0,Contract,A,0,2,0
FRA,Direct,0,0,No Deposit,0,Transient,E,0,0,0
Others,Online TA,0,2,No Deposit,0,Transient,F,0,2,0
GBR,Online TA,0,0,No Deposit,0,Transient-Party,D,0,0,0
POL,Groups,0,0,No Deposit,0,Transient-Party,A,0,0,0
ESP,Online TA,0,0,No Deposit,0,Transient,A,0,1,1
GBR,Direct,0,0,No Deposit,0,Transient,A,0,1,1
GBR,Offline TA/TO,0,0,No Deposit,0,Transient,D,0,0,0
ITA,Corporate,0,2,No Deposit,0,Transient,A,0,1,0
BEL,Offline TA/TO,0,0,No Deposit,0,Transient,A,0,1,0
PRT,Groups,0,0,Non Refund,32,Transient,A,0,0,1
GBR,Groups,0,4,No Deposit,0,Transient-Party,A,1,0,0
ITA,Corporate,0,0,No Deposit,0,Transient-Party,A,0,0,0
NLD,Online TA,0,0,No Deposit,0,Contract,D,0,2,0
USA,Online TA,0,0,No Deposit,0,Transient,D,0,0,0
ESP,Direct,0,0,No Deposit,0,Transient,F,0,0,1
POL,Offline TA/TO,0,0,No Deposit,0,Transient-Party,A,1,1,0
CN,Groups,0,2,No Deposit,0,Transient-Party,A,0,0,0
PRT,Offline TA/TO,0,0,No Deposit,0,Contract,A,0,0,1
GBR,Online TA,0,0,No Deposit,0,Transient,D,0,0,0
GBR,Offline TA/TO,0,0,No Deposit,0,Transient-Party,A,0,0,0
PRT,Online TA,0,0,No Deposit,0,Transient,E,1,2,0
DEU,Online TA,0,0,No Deposit,0,Transient,A,0,3,0
FRA,Online TA,0,1,No Deposit,0,Transient,A,0,3,0
ESP,Online TA,0,0,No Deposit,0,Transient,F,0,0,1
PRT,Direct,0,0,No Deposit,0,Transient,G,0,1,0
PRT,Groups,0,1,Non Refund,0,Transient,H,0,0,1
Others,Online TA,0,2,No Deposit,0,Transient,A,0,0,0
IRL,Online TA,0,0,No Deposit,0,Transient,D,0,0,0
DEU,Groups,0,1,No Deposit,0,Transient-Party,A,0,0,0
SWE,Online TA,0,0,No Deposit,0,Contract,F,0,2,0
PRT,Online TA,0,1,No Deposit,0,Transient,E,1,1,0
FIN,Online TA,0,0,No Deposit,0,Transient,E,0,1,0
FRA,Direct,0,1,No Deposit,0,Transient,E,0,0,0
CN,Online TA,0,0,No Deposit,0,Transient,D,0,0,1
GBR,Groups,0,0,No Deposit,0,Transient-Party,D,1,0,0
Others,Online TA,0,0,No Deposit,0,Transient,A,0,2,0
Others,Groups,0,0,No Deposit,0,Transient-Party,A,0,0,0
PRT,Direct,0,0,No Deposit,0,Transient,E,0,2,0
GBR,Offline TA/TO,0,1,No Deposit,0,Transient,A,0,0,0
Others,Online TA,0,0,No Deposit,0,Transient,A,0,1,1
ESP,Offline TA/TO,0,0,No Deposit,0,Transient,D,0,2,0
ISR,Online TA,0,0,No Deposit,0,Transient,A,0,0,1
BRA,Online TA,0,0,No Deposit,0,Transient,E,0,0,1
GBR,Groups,1,0,Non Refund,0,Transient,A,0,0,1
NLD,Online TA,0,0,No Deposit,0,Transient,D,0,1,0
Others,Groups,0,0,No Deposit,0,Transient-Party,A,0,0,0
USA,Direct,0,0,No Deposit,0,Transient,D,0,1,0
PRT,Corporate,0,0,No Deposit,0,Transient,A,0,2,0
FRA,Offline TA/TO,0,1,No Deposit,0,Transient,D,0,1,0
DEU,Direct,0,2,No Deposit,0,Transient,A,0,1,0
Others,Online TA,0,0,No Deposit,0,Transient,A,0,0,0
BEL,Online TA,0,0,No Deposit,0,Transient-Party,D,0,1,0
USA,Online TA,0,0,No Deposit,0,Transient,F,0,1,0
PRT,Offline TA/TO,0,0,No Deposit,0,Transient-Party,A,0,2,1
GBR,Online TA,0,0,No Deposit,0,Transient,A,2,1,0
AUT,Offline TA/TO,0,0,No Deposit,0,Transient,A,0,1,0
PRT,Corporate,0,0,No Deposit,0,Transient-Party,A,0,1,0
PRT,Groups,0,0,No Deposit,0,Transient-Party,A,0,2,0
IRL,Direct,0,1,No Deposit,0,Transient,E,0,1,1
PRT,Complementary,0,0,No Deposit,0,Transient,G,1,2,0
ITA,Offline TA/TO,0,1,No Deposit,0,Transient-Party,A,0,1,0
CHE,Online TA,0,0,No Deposit,0,Transient,A,0,0,0
CHE,Direct,0,1,No Deposit,0,Transient,E,0,1,0
Others,Online TA,0,0,No Deposit,0,Transient,E,0,2,0
SWE,Online TA,0,0,No Deposit,0,Transient,D,0,2,0
GBR,Online TA,0,0,Non Refund,0,Transient-Party,B,0,0,0
AUT,Online TA,0,0,No Deposit,0,Transient,A,0,0,1
Others,Groups,0,0,No Deposit,0,Transient-Party,A,0,1,0
USA,Online TA,0,0,No Deposit,0,Transient,D,0,1,0
PRT,Corporate,1,0,No Deposit,0,Transient,A,0,1,0
PRT,Offline TA/TO,0,0,No Deposit,0,Transient,D,0,0,0
Others,Online TA,0,0,No Deposit,0,Transient,A,0,0,0
DEU,Online TA,0,0,No Deposit,0,Transient-Party,A,1,1,0
POL,Online TA,0,0,No Deposit,0,Transient,D,0,2,0
DEU,Online TA,0,0,No Deposit,0,Transient,D,0,0,0
Others,Online TA,0,0,No Deposit,0,Transient,A,0,1,0
FRA,Offline TA/TO,0,0,No Deposit,43,Transient-Party,A,0,1,0
DEU,Offline TA/TO,0,0,No Deposit,0,Transient,A,0,1,0
ITA,Online TA,0,0,No Deposit,0,Transient,E,0,1,0
ITA,Online TA,0,0,No Deposit,0,Transient,D,0,0,0
AUT,Groups,0,3,No Deposit,0,Transient-Party,E,0,0,0
Others,Direct,0,0,No Deposit,0,Transient,A,0,2,0
FRA,Groups,0,1,No Deposit,0,Transient-Party,A,0,2,0
PRT,Direct,0,1,No Deposit,0,Transient,F,0,0,0
PRT,Online TA,0,0,No Deposit,0,Transient,H,0,0,0
CHE,Offline TA/TO,0,1,No Deposit,0,Transient-Party,A,0,0,0
SWE,Online TA,0,1,No Deposit,0,Transient,A,0,0,0
PRT,Online TA,0,0,No Deposit,0,Transient,H,1,0,0
GBR,Online TA,0,0,No Deposit,0,Transient,F,0,1,0
DEU,Direct,0,0,No Deposit,0,Transient,A,1,0,0
NOR,Offline TA/TO,0,0,No Deposit,0,Transient,A,0,0,0
ITA,Direct,0,0,No Deposit,0,Transient,E,0,1,0
ESP,Online TA,0,2,No Deposit,0,Transient,A,0,2,0
IRL,Direct,0,0,No Deposit,0,Transient,D,0,0,0
PRT,Direct,0,0,No Deposit,0,Transient,A,1,0,0
USA,Online TA,0,0,No Deposit,0,Transient,A,0,3,0
PRT,Online TA,0,1,No Deposit,0,Transient,B,0,0,0
ITA,Offline TA/TO,0,0,No Deposit,0,Transient-Party,A,0,0,1
PRT,Online TA,0,1,No Deposit,0,Transient-Party,B,0,1,0
FRA,Offline TA/TO,0,1,No Deposit,0,Transient-Party,A,0,0,0
ESP,Online TA,0,0,No Deposit,0,Transient,A,0,3,0
Others,Online TA,0,0,No Deposit,0,Transient,E,0,1,1
BRA,Online TA,0,2,No Deposit,0,Transient,A,0,0,0
GBR,Online TA,0,0,No Deposit,0,Transient,F,0,0,1
SWE,Online TA,0,0,No Deposit,0,Transient,D,0,1,0
CHE,Online TA,0,1,No Deposit,0,Transient,A,0,0,0
PRT,Offline TA/TO,1,0,Non Refund,44,Transient,A,0,0,1
PRT,Online TA,0,0,No Deposit,0,Transient,G,0,1,0
Others,Online TA,0,0,No Deposit,0,Transient,A,0,0,0
FRA,Corporate,0,0,No Deposit,0,Transient,A,0,0,0
AUT,Online TA,0,0,No Deposit,0,Transient,E,0,1,0
RUS,Online TA,0,1,No Deposit,0,Transient,A,0,2,0
PRT,Complementary,0,0,No Deposit,0,Transient,A,0,1,0
ESP,Direct,0,0,No Deposit,0,Transient,A,1,0,0
ESP,Groups,0,1,No Deposit,0,Transient-Party,A,0,1,0
PRT,Direct,0,3,No Deposit,0,Transient,C,0,1,0
DNK,Online TA,0,0,No Deposit,0,Transient,A,0,2,0
PRT,Groups,0,0,No Deposit,0,Transient,A,0,0,0
NLD,Online TA,0,0,No Deposit,0,Transient,D,0,3,0
CHE,Online TA,0,1,No Deposit,0,Transient-Party,D,0,1,0
BRA,Groups,0,0,No Deposit,0,Transient-Party,A,0,0,0
BEL,Online TA,0,0,No Deposit,0,Transient,A,0,0,0
GBR,Offline TA/TO,0,1,No Deposit,0,Contract,D,0,1,0
PRT,Direct,0,1,No Deposit,0,Transient,E,0,1,1
PRT,Groups,1,0,Non Refund,22,Transient,A,0,0,1
ITA,Groups,0,0,No Deposit,0,Transient-Party,A,0,1,0
Others,Online TA,0,0,No Deposit,0,Transient-Party,A,0,0,0
ITA,Offline TA/TO,0,0,No Deposit,44,Transient-Party,A,0,0,0
NLD,Online TA,0,2,No Deposit,0,Transient,A,0,0,1
IRL,Direct,0,0,No Deposit,0,Transient,D,0,1,0
FRA,Offline TA/TO,0,0,No Deposit,0,Contract,A,0,0,0
AUT,Online TA,0,0,No Deposit,0,Transient-Party,D,1,2,0
NLD,Online TA,0,0,No Deposit,0,Transient,F,0,2,0
IRL,Online TA,0,0,No Deposit,0,Transient,A,1,1,0
Others,Online TA,0,1,No Deposit,0,Transient,B,0,0,0
ITA,Online TA,0,0,No Deposit,0,Transient,D,0,3,0
ISR,Groups,0,0,No Deposit,0,Group,A,0,0,0
AUT,Groups,0,0,No Deposit,0,Transient-Party,A,0,0,0
ITA,Direct,0,0,No Deposit,0,Transient,E,1,0,0
Others,Online TA,0,0,No Deposit,0,Transient,A,0,0,1
Others,Online TA,0,0,No Deposit,0,Transient,D,0,2,0
SWE,Offline TA/TO,0,0,No Deposit,0,Transient,A,0,0,0
USA,Online TA,0,1,No Deposit,0,Transient,F,0,2,0
PRT,Online TA,0,2,No Deposit,0,Transient,D,1,1,0
PRT,Corporate,0,0,No Deposit,0,Transient,D,0,1,0
GBR,Online TA,0,1,No Deposit,0,Transient,A,0,0,1
IRL,Online TA,0,0,No Deposit,0,Transient,A,0,2,1
SWE,Offline TA/TO,0,0,No Deposit,0,Transient,D,0,0,0
BRA,Online TA,0,0,No Deposit,0,Transient,A,0,0,0
PRT,Offline TA/TO,0,0,No Deposit,0,Transient-Party,A,0,1,1
RUS,Online TA,0,0,No Deposit,0,Transient,G,0,0,1
PRT,Online TA,0,0,No Deposit,0,Transient,A,1,0,0
PRT,Corporate,0,0,No Deposit,0,Transient-Party,A,0,0,1
PRT,Offline TA/TO,0,0,No Deposit,0,Transient,C,1,0,0
GBR,Online TA,0,0,No Deposit,0,Transient,G,0,1,0
ESP,Online TA,0,0,No Deposit,0,Transient-Party,D,0,2,1
Others,Groups,0,1,No Deposit,0,Transient-Party,A,0,0,0
IRL,Online TA,0,0,No Deposit,0,Transient,G,0,0,1
USA,Online TA,0,0,No Deposit,0,Transient,F,0,0,1
IRL,Online TA,0,0,No Deposit,0,Transient,F,0,0,0
RUS,Direct,0,0,No Deposit,0,Transient,A,0,1,0
Others,Online TA,0,0,No Deposit,0,Transient,D,1,1,0
PRT,Direct,0,0,No Deposit,0,Transient,F,0,2,0
SWE,Offline TA/TO,0,0,No Deposit,0,Transient-Party,A,0,0,0
CN,Online TA,0,0,No Deposit,0,Transient,A,0,1,1
IRL,Online TA,0,0,No Deposit,0,Transient-Party,A,0,1,0
BRA,Offline TA/TO,0,0,No Deposit,0,Transient-Party,A,0,1,0
ROU,Online TA,0,0,No Deposit,0,Transient,A,0,1,0
Others,Direct,0,3,No Deposit,0,Transient-Party,B,0,1,0
DNK,Online TA,0,0,No Deposit,0,Transient-Party,A,0,0,0
ISR,Online TA,0,0,No Deposit,0,Transient,D,0,0,1
Others,Offline TA/TO,0,0,No Deposit,0,Transient,A,0,0,0
ISR,Groups,0,0,No Deposit,58,Transient-Party,A,0,0,0
Others,Online TA,0,0,No Deposit,0,Transient,G,0,0,1
GBR,Online TA,0,0,No Deposit,0,Transient,D,0,1,0
Others,Direct,0,0,No Deposit,0,Transient,A,0,0,0
ISR,Online TA,0,3,No Deposit,0,Transient-Party,A,0,0,0
FRA,Online TA,0,2,No Deposit,0,Transient,A,1,2,0
ESP,Online TA,0,1,No Deposit,0,Transient,G,1,1,0
FRA,Online TA,0,0,No Deposit,0,Contract,A,0,1,0
Others,Online TA,0,0,No Deposit,0,Transient,A,0,0,1
CHE,Online TA,0,0,No Deposit,0,Transient,D,0,2,0
PRT,Offline TA/TO,0,1,No Deposit,0,Transient,A,0,0,1
PRT,Online TA,11,0,No Deposit,0,Transient,A,0,1,0
IRL,Online TA,0,0,No Deposit,0,Transient,D,0,3,0
PRT,Groups,0,0,No Deposit,38,Transient-Party,A,0,0,1
USA,Online TA,0,2,No Deposit,0,Transient,A,0,2,0
PRT,Groups,0,1,No Deposit,58,Transient-Party,A,0,0,0
DEU,Direct,0,0,No Deposit,0,Transient,A,0,1,0
PRT,Corporate,1,0,No Deposit,0,Transient,A,0,0,0
GBR,Online TA,0,0,No Deposit,0,Transient,E,1,1,0
ESP,Online TA,0,0,No Deposit,0,Transient,A,1,0,0
DEU,Online TA,0,1,No Deposit,0,Transient,B,0,2,0
SWE,Direct,0,1,No Deposit,0,Transient,D,0,0,0
IRL,Groups,1,0,No Deposit,0,Transient-Party,A,0,0,1
ESP,Online TA,0,0,No Deposit,0,Transient,E,1,2,0
PRT,Offline TA/TO,0,1,No Deposit,0,Transient-Party,A,0,1,0
SWE,Online TA,0,0,No Deposit,0,Transient,A,1,0,0
ESP,Online TA,0,1,No Deposit,0,Transient,D,0,0,1
NLD,Offline TA/TO,0,0,No Deposit,0,Transient,D,1,0,0
ESP,Online TA,0,0,No Deposit,0,Transient,G,1,0,0
PRT,Offline TA/TO,0,4,No Deposit,0,Transient-Party,A,0,0,0
FRA,Online TA,0,1,No Deposit,0,Transient,A,0,1,0
Others,Online TA,0,0,No Deposit,0,Transient,D,0,1,0
FRA,Online TA,0,2,No Deposit,0,Transient,A,0,1,0
ITA,Online TA,0,1,No Deposit,0,Transient,A,0,3,0
PRT,Online TA,0,0,No Deposit,0,Transient-Party,A,0,0,0
PRT,Offline TA/TO,0,0,No Deposit,48,Transient-Party,A,0,0,1
Others,Direct,0,0,No Deposit,0,Transient,A,0,1,0
PRT,Direct,0,1,No Deposit,0,Transient,A,1,3,0
PRT,Online TA,0,0,No Deposit,0,Transient-Party,A,0,1,1
USA,Online TA,0,1,No Deposit,0,Transient,E,0,4,0
PRT,Online TA,0,0,No Deposit,0,Transient-Party,A,0,1,0
Others,Online TA,0,0,No Deposit,0,Transient,A,0,1,1
ITA,Offline TA/TO,0,1,No Deposit,0,Transient-Party,A,0,0,1
PRT,Direct,0,0,No Deposit,0,Transient,B,0,1,0
GBR,Offline TA/TO,0,0,No Deposit,0,Contract,A,0,2,0
PRT,Offline TA/TO,1,0,Non Refund,25,Transient,A,0,0,1
PRT,Online TA,0,0,No Deposit,0,Transient,H,0,0,1
IRL,Offline TA/TO,0,0,No Deposit,0,Transient,D,1,0,0
ESP,Corporate,0,1,No Deposit,0,Transient-Party,D,0,0,0
Others,Online TA,0,0,No Deposit,0,Transient,A,0,0,0
SWE,Groups,0,0,No Deposit,0,Transient-Party,A,0,0,0
DEU,Offline TA/TO,0,0,No Deposit,0,Transient,D,0,0,0
FRA,Online TA,0,1,No Deposit,0,Transient,E,0,1,0
BRA,Online TA,0,0,No Deposit,0,Transient,E,0,3,0
PRT,Offline TA/TO,0,0,No Deposit,0,Transient,A,1,0,0
IRL,Offline TA/TO,0,0,No Deposit,0,Transient,D,0,1,0
USA,Direct,0,0,No Deposit,0,Transient,C,1,0,0
FIN,Online TA,0,0,No Deposit,0,Transient,D,0,0,1
ESP,Online TA,0,0,No Deposit,0,Transient,D,2,2,0
FRA,Direct,0,0,No Deposit,0,Transient,D,0,2,0
GBR,Offline TA/TO,0,1,No Deposit,0,Transient-Party,A,0,0,0
Others,Online TA,0,0,No Deposit,0,Transient,A,0,1,0
NLD,Online TA,0,0,No Deposit,0,Transient,D,0,0,0
Others,Offline TA/TO,0,0,No Deposit,0,Transient,A,0,1,0
ESP,Online TA,0,0,No Deposit,0,Contract,A,0,2,0
DNK,Corporate,0,0,No Deposit,0,Transient-Party,A,0,0,0
Others,Online TA,0,0,No Deposit,0,Transient,A,0,2,0
FRA,Online TA,0,0,No Deposit,0,Contract,A,1,1,0
FRA,Offline TA/TO,0,0,No Deposit,0,Transient-Party,B,0,1,0
PRT,Corporate,0,0,No Deposit,0,Transient,D,0,2,1
DEU,Groups,0,0,Non Refund,0,Transient-Party,A,0,0,0
PRT,Online TA,0,1,No Deposit,0,Transient-Party,A,0,1,0
Others,Online TA,0,0,No Deposit,0,Transient,A,0,2,0
PRT,Online TA,0,0,No Deposit,0,Transient,E,1,3,0
IRL,Online TA,0,1,No Deposit,0,Transient-Party,A,0,2,0
GBR,Online TA,0,1,No Deposit,0,Transient,A,0,2,0
DEU,Online TA,0,0,No Deposit,0,Transient-Party,D,0,0,0
PRT,Offline TA/TO,0,3,No Deposit,0,Transient-Party,D,0,1,0
BEL,Direct,0,0,No Deposit,0,Transient,E,0,0,0
PRT,Online TA,0,0,No Deposit,0,Transient,G,0,2,0
PRT,Offline TA/TO,1,0,Non Refund,19,Transient,A,0,0,1
DNK,Offline TA/TO,0,0,No Deposit,0,Transient-Party,E,0,0,0
Others,Online TA,0,0,No Deposit,0,Transient,A,0,0,0
PRT,Direct,0,0,No Deposit,0,Transient-Party,D,0,0,1
Others,Online TA,0,0,No Deposit,0,Transient,D,0,0,1
PRT,Complementary,0,0,No Deposit,0,Transient,A,0,0,1
USA,Online TA,0,0,No Deposit,0,Transient,G,1,0,0
GBR,Online TA,0,0,No Deposit,0,Transient,D,0,3,0
GBR,Online TA,0,0,No Deposit,0,Transient,A,0,2,1
Others,Online TA,0,0,No Deposit,0,Transient,D,0,1,1
USA,Online TA,0,4,No Deposit,0,Transient,D,0,3,0
FRA,Online TA,0,0,No Deposit,0,Transient,A,1,1,0
ESP,Direct,0,0,No Deposit,0,Transient,D,0,1,0
GBR,Online TA,0,1,No Deposit,0,Contract,A,0,2,0
AUT,Online TA,0,0,No Deposit,0,Transient,A,1,0,0
PRT,Direct,0,0,No Deposit,0,Transient,G,1,0,0
Others,Offline TA/TO,0,0,No Deposit,0,Transient-Party,A,0,2,0
CHN,Online TA,0,0,No Deposit,0,Transient,A,0,2,0
PRT,Online TA,0,0,No Deposit,0,Contract,A,0,2,0
IRL,Online TA,0,0,No Deposit,0,Transient,B,0,3,1
GBR,Online TA,0,0,No Deposit,0,Transient-Party,A,1,2,0
GBR,Direct,0,1,No Deposit,0,Transient,D,0,1,0
PRT,Online TA,0,0,No Deposit,0,Transient,C,0,0,1
SWE,Online TA,0,0,No Deposit,0,Transient,G,0,1,0
IRL,Direct,0,1,No Deposit,0,Transient-Party,F,0,1,0
DEU,Offline TA/TO,0,0,No Deposit,0,Transient-Party,D,0,1,0
PRT,Corporate,0,0,No Deposit,0,Transient-Party,A,0,0,0
Others,Online TA,0,1,No Deposit,0,Transient,G,0,1,0
Others,Groups,0,0,No Deposit,0,Transient-Party,A,0,1,0
ESP,Online TA,0,0,No Deposit,0,Transient,E,0,1,0
PRT,Online TA,0,0,No Deposit,0,Contract,A,0,3,0
ESP,Online TA,0,2,No Deposit,0,Transient,D,0,2,0
CHN,Direct,0,0,No Deposit,0,Transient-Party,A,0,0,0
PRT,Groups,24,0,Non Refund,0,Transient,A,0,0,1
AUT,Online TA,0,0,No Deposit,0,Transient,D,0,2,0
NOR,Online TA,0,0,No Deposit,0,Transient,D,0,1,0
DEU,Online TA,0,1,No Deposit,0,Transient,A,0,0,0
PRT,Corporate,0,2,No Deposit,0,Transient-Party,A,0,0,0
FRA,Direct,0,1,No Deposit,0,Transient,E,1,0,0
Others,Online TA,0,0,No Deposit,0,Transient,A,0,2,0
ITA,Offline TA/TO,0,0,No Deposit,0,Transient,A,0,0,0
SWE,Groups,0,1,No Deposit,0,Transient-Party,A,0,0,0
GBR,Online TA,0,1,No Deposit,0,Transient,E,0,0,0
CN,Offline TA/TO,0,0,No Deposit,0,Group,A,0,1,0
GBR,Direct,0,0,No Deposit,0,Transient,D,0,0,0
CHE,Online TA,0,0,No Deposit,0,Transient,A,0,1,0
AUT,Online TA,0,2,No Deposit,0,Transient,D,0,0,0
FRA,Offline TA/TO,0,1,No Deposit,0,Contract,A,0,1,0
ITA,Online TA,0,0,No Deposit,0,Transient,D,0,1,1
Others,Online TA,0,0,No Deposit,0,Transient,D,0,0,0
RUS,Online TA,0,0,No Deposit,0,Transient,A,0,1,0
PRT,Online TA,0,0,No Deposit,0,Transient,F,0,1,1
ROU,Online TA,0,0,No Deposit,0,Transient,A,0,2,0
PRT,Direct,0,0,No Deposit,0,Transient,D,0,0,1
CHN,Online TA,0,0,No Deposit,0,Transient,A,0,0,1
GBR,Direct,0,0,No Deposit,0,Transient,A,0,1,0
ESP,Direct,0,1,No Deposit,0,Transient-Party,F,0,1,0
BRA,Online TA,0,0,No Deposit,0,Transient-Party,D,1,1,0
ROU,Online TA,0,0,No Deposit,0,Transient,D,0,0,1
POL,Online TA,0,0,No Deposit,0,Transient,A,0,0,0
AUT,Online TA,0,0,No Deposit,0,Transient,A,1,1,0
ESP,Offline TA/TO,0,0,No Deposit,0,Transient,E,0,0,0
FIN,Online TA,0,0,No Deposit,0,Transient,F,0,1,0
PRT,Online TA,0,1,No Deposit,0,Transient,D,0,4,0
ESP,Direct,0,0,No Deposit,0,Transient,A,0,0,0
CHE,Direct,0,0,No Deposit,0,Transient,D,0,0,0
GBR,Online TA,0,0,No Deposit,0,Transient-Party,A,0,2,1
NOR,Direct,0,1,No Deposit,0,Transient-Party,A,1,2,0
POL,Offline TA/TO,0,0,No Deposit,0,Transient-Party,A,0,1,0
Others,Online TA,0,2,No Deposit,0,Transient,A,0,1,0
PRT,Online TA,1,0,No Deposit,0,Contract,A,0,2,1
GBR,Online TA,0,2,No Deposit,0,Transient,A,0,0,1
PRT,Direct,0,0,No Deposit,0,Transient-Party,D,0,1,0
ITA,Online TA,0,0,No Deposit,0,Transient-Party,A,0,0,0
ESP,Online TA,0,1,No Deposit,0,Transient,A,0,1,0
CHN,Online TA,0,1,No Deposit,0,Transient,D,0,0,0
GBR,Offline TA/TO,0,0,No Deposit,0,Transient-Party,D,0,1,0
FRA,Online TA,0,1,No Deposit,0,Transient,D,0,1,0
RUS,Online TA,0,0,No Deposit,0,Transient,D,0,1,1
GBR,Direct,0,0,No Deposit,0,Transient,A,0,0,0
PRT,Direct,0,1,No Deposit,0,Transient,E,0,2,0
PRT,Offline TA/TO,0,1,No Deposit,0,Transient-Party,A,0,0,1
FRA,Direct,0,0,No Deposit,0,Transient,B,0,1,1
CHN,Online TA,0,0,No Deposit,0,Transient,F,0,0,1
PRT,Groups,0,0,Non Refund,39,Transient,A,0,0,1
NOR,Online TA,0,5,No Deposit,0,Transient,G,0,0,1
GBR,Direct,0,1,No Deposit,0,Transient,A,0,0,0
Others,Online TA,0,0,No Deposit,0,Transient,A,0,0,1
PRT,Direct,1,0,No Deposit,0,Transient,A,0,1,1
SWE,Offline TA/TO,0,1,No Deposit,0,Transient,A,0,0,0
PRT,Corporate,0,3,No Deposit,0,Transient,A,1,0,0
PRT,Direct,0,2,No Deposit,0,Transient,F,1,0,0
PRT,Online TA,0,1,No Deposit,0,Transient,A,1,1,0
NOR,Online TA,0,0,No Deposit,0,Transient,D,0,2,1
PRT,Online TA,0,2,No Deposit,0,Transient,E,0,1,1
ITA,Online TA,0,0,No Deposit,0,Transient,D,0,1,0
NLD,Online TA,0,0,No Deposit,0,Transient,D,1,1,0
PRT,Corporate,0,0,No Deposit,0,Transient-Party,A,1,0,0
ITA,Corporate,0,0,No Deposit,0,Transient,E,0,1,0
FIN,Direct,0,1,No Deposit,0,Transient,E,1,0,0
PRT,Corporate,0,1,No Deposit,0,Transient,A,0,1,0
ESP,Online TA,0,0,No Deposit,0,Contract,A,0,1,0
IRL,Online TA,0,0,No Deposit,0,Transient,E,0,3,1
IRL,Direct,0,0,No Deposit,0,Transient-Party,D,0,3,0
PRT,Corporate,0,0,No Deposit,0,Transient,D,0,0,1
BRA,Online TA,0,0,No Deposit,0,Transient,A,0,2,0
Others,Groups,0,0,No Deposit,0,Transient-Party,A,0,1,0
GBR,Groups,0,6,No Deposit,0,Transient-Party,D,0,0,0
IRL,Online TA,0,0,No Deposit,0,Transient,F,0,2,0
PRT,Offline TA/TO,0,0,No Deposit,0,Transient,A,0,2,0
FRA,Online TA,0,0,No Deposit,0,Transient-Party,A,0,3,0
USA,Online TA,0,0,No Deposit,0,Transient,A,0,0,0
PRT,Complementary,0,0,No Deposit,0,Transient,E,1,2,0
RUS,Online TA,0,2,No Deposit,0,Transient,A,1,1,0
CN,Groups,0,1,No Deposit,0,Transient-Party,E,0,0,0
Others,Online TA,0,0,No Deposit,0,Transient,A,0,0,1
RUS,Online TA,0,0,No Deposit,0,Transient,A,0,0,1
AUT,Online TA,0,0,No Deposit,0,Transient,D,0,0,0
GBR,Direct,0,2,No Deposit,0,Transient,A,0,0,0
PRT,Online TA,0,0,No Deposit,0,Transient,H,0,1,1
PRT,Corporate,3,1,No Deposit,0,Transient,A,0,2,0
ESP,Online TA,0,0,No Deposit,0,Transient,D,1,1,0
ESP,Offline TA/TO,0,0,No Deposit,0,Transient,D,0,1,0
FRA,Direct,0,0,No Deposit,0,Transient,B,0,0,0
ESP,Direct,0,3,No Deposit,0,Transient,H,1,0,0
DEU,Online TA,0,2,No Deposit,0,Transient,A,1,2,0
PRT,Online TA,0,1,No Deposit,0,Transient,D,0,0,1
FRA,Online TA,0,0,No Deposit,0,Transient,D,0,2,1
FRA,Groups,0,2,No Deposit,0,Transient-Party,A,0,0,0
PRT,Complementary,0,1,No Deposit,0,Transient,E,0,2,0
USA,Offline TA/TO,0,0,No Deposit,0,Transient-Party,A,0,1,0
DEU,Online TA,0,1,No Deposit,0,Transient-Party,D,0,1,0
CN,Groups,0,0,No Deposit,0,Transient-Party,D,0,1,0
PRT,Offline TA/TO,1,0,Non Refund,28,Transient,A,0,0,1
PRT,Online TA,0,0,No Deposit,0,Transient,F,0,0,1
DEU,Offline TA/TO,0,0,No Deposit,0,Transient,E,0,0,0
PRT,Corporate,0,0,No Deposit,0,Transient,E,0,3,1
CHE,Online TA,0,0,No Deposit,0,Transient,A,0,2,0
GBR,Online TA,0,1,No Deposit,0,Transient,A,0,0,0
Others,Online TA,0,0,No Deposit,0,Transient,E,0,2,0
PRT,Online TA,1,0,No Deposit,0,Contract,B,0,1,1
CHE,Online TA,0,1,No Deposit,0,Transient,E,0,1,0
DEU,Online TA,0,0,No Deposit,0,Transient,A,1,0,0
Others,Online TA,0,0,No Deposit,0,Transient,A,0,1,1
GBR,Corporate,0,2,No Deposit,0,Transient,A,0,0,0
ESP,Direct,0,2,No Deposit,0,Transient,D,0,0,0
USA,Offline TA/TO,0,0,No Deposit,0,Transient-Party,A,0,0,0
PRT,Offline TA/TO,0,0,No Deposit,0,Transient-Party,A,0,2,0
PRT,Direct,0,0,No Deposit,0,Transient-Party,D,0,0,0
CHE,Offline TA/TO,0,2,No Deposit,0,Contract,E,0,1,0
GBR,Online TA,0,0,No Deposit,0,Transient,E,0,0,1
IRL,Direct,0,1,No Deposit,0,Transient,A,0,0,0
CN,Online TA,0,0,No Deposit,0,Transient,D,0,1,0
GBR,Offline TA/TO,0,0,No Deposit,0,Transient,A,1,0,0
PRT,Offline TA/TO,1,0,No Deposit,0,Transient-Party,A,0,0,1
DEU,Online TA,0,2,No Deposit,0,Transient,A,0,2,1
NLD,Online TA,0,1,No Deposit,0,Transient,A,0,3,0
Others,Online TA,0,0,No Deposit,0,Transient,A,0,1,0
GBR,Offline TA/TO,0,2,No Deposit,0,Contract,A,0,0,0
POL,Online TA,0,0,No Deposit,0,Transient,A,0,2,0
PRT,Online TA,0,4,No Deposit,0,Contract,A,0,1,0
PRT,Online TA,0,0,No Deposit,0,Transient-Party,D,1,2,0
PRT,Direct,1,0,No Deposit,0,Transient,D,0,1,1
PRT,Offline TA/TO,1,0,Non Refund,38,Transient,A,0,0,1
IRL,Online TA,0,0,No Deposit,0,Transient,E,0,0,1
PRT,Groups,0,1,No Deposit,34,Transient-Party,A,0,0,1
CN,Online TA,0,0,No Deposit,0,Transient,E,0,1,0
Others,Online TA,0,1,No Deposit,0,Contract,F,0,3,0
AUT,Online TA,0,1,No Deposit,0,Transient,D,0,0,1
PRT,Online TA,0,0,No Deposit,0,Transient,B,0,0,0
PRT,Corporate,0,0,No Deposit,0,Contract,A,0,0,0
Others,Online TA,0,0,No Deposit,0,Transient,A,0,1,0
PRT,Online TA,0,1,No Deposit,0,Transient,C,1,0,0
BRA,Online TA,0,0,No Deposit,0,Transient,D,0,4,0
Others,Online TA,0,0,No Deposit,0,Transient,A,0,1,0
Others,Online TA,0,0,No Deposit,0,Transient-Party,A,0,0,0
Others,Direct,0,0,No Deposit,0,Transient,E,0,0,0
NLD,Direct,0,0,No Deposit,0,Transient,A,0,3,0
ESP,Direct,0,4,No Deposit,0,Transient,A,0,1,0
FRA,Online TA,0,2,No Deposit,0,Transient,A,0,0,0
FRA,Direct,0,2,No Deposit,0,Transient,D,0,1,0
BEL,Offline TA/TO,0,0,No Deposit,0,Transient-Party,A,0,0,0
PRT,Offline TA/TO,0,2,No Deposit,0,Transient-Party,A,0,1,0
Others,Offline TA/TO,0,1,No Deposit,48,Transient-Party,A,0,0,0
BRA,Online TA,0,2,No Deposit,0,Transient,A,0,1,1
DNK,Groups,0,1,No Deposit,0,Transient-Party,A,0,0,0
FRA,Online TA,0,2,No Deposit,0,Transient-Party,A,0,1,0
DEU,Offline TA/TO,0,0,No Deposit,0,Transient,A,1,0,0
PRT,Online TA,0,0,No Deposit,0,Transient,A,0,3,1
DEU,Offline TA/TO,0,0,No Deposit,0,Group,D,0,0,0
GBR,Online TA,0,0,No Deposit,0,Transient-Party,A,0,0,0
FRA,Offline TA/TO,0,0,No Deposit,0,Transient,D,0,1,0
PRT,Corporate,3,1,No Deposit,0,Transient,A,1,0,0
DEU,Groups,0,1,No Deposit,0,Contract,A,0,0,0
POL,Offline TA/TO,0,2,No Deposit,0,Transient-Party,A,0,0,0
PRT,Offline TA/TO,0,2,No Deposit,0,Transient-Party,A,0,0,0
PRT,Direct,0,0,No Deposit,0,Transient,G,0,0,1
PRT,Complementary,0,1,No Deposit,0,Transient,A,0,0,0
Others,Online TA,0,0,No Deposit,0,Transient,D,0,0,1
AUT,Aviation,0,0,No Deposit,0,Transient,D,0,0,0
PRT,Offline TA/TO,0,0,No Deposit,0,Transient-Party,D,0,0,1
ESP,Direct,0,1,No Deposit,0,Transient,A,1,1,0
FRA,Online TA,0,0,No Deposit,0,Transient,F,0,0,1
GBR,Offline TA/TO,0,0,No Deposit,0,Group,A,0,3,0
ITA,Online TA,0,3,No Deposit,0,Transient,D,0,2,1
PRT,Groups,1,0,Non Refund,35,Transient,A,0,0,1
FRA,Online TA,0,1,No Deposit,0,Transient,A,1,1,0
ITA,Direct,0,0,No Deposit,0,Transient,A,0,2,0
CHN,Online TA,0,4,No Deposit,0,Transient,D,0,2,1
GBR,Online TA,0,1,No Deposit,0,Transient,D,0,1,0
PRT,Direct,0,0,No Deposit,0,Transient,C,1,0,0
GBR,Direct,0,0,No Deposit,0,Transient,E,0,1,0
FRA,Online TA,0,0,No Deposit,0,Transient-Party,A,1,3,0
PRT,Direct,0,2,No Deposit,0,Transient,A,0,0,0
AUT,Groups,0,0,No Deposit,0,Transient-Party,A,0,1,0
SWE,Online TA,0,2,No Deposit,0,Transient,A,0,0,0
ESP,Online TA,0,0,No Deposit,0,Transient,G,0,1,0
FRA,Direct,0,0,No Deposit,0,Transient,E,1,0,0
POL,Online TA,0,0,No Deposit,0,Transient,A,0,1,1
CN,Groups,0,1,No Deposit,0,Transient-Party,A,0,0,0
IRL,Direct,0,0,No Deposit,0,Transient,E,0,0,0
ESP,Online TA,0,0,No Deposit,0,Transient,D,0,2,0
NLD,Online TA,0,0,No Deposit,0,Transient,A,0,0,1
ESP,Online TA,0,1,No Deposit,0,Transient,A,1,1,0
PRT,Online TA,0,0,No Deposit,0,Transient,A,0,4,0
ESP,Corporate,0,0,No Deposit,0,Transient,A,0,1,0
Others,Online TA,0,0,No Deposit,0,Transient,F,0,1,1
GBR,Online TA,0,0,No Deposit,0,Transient-Party,A,0,0,1
PRT,Offline TA/TO,1,0,Non Refund,42,Transient,A,0,0,1
BEL,Direct,0,2,No Deposit,0,Transient,E,0,0,0
CHE,Offline TA/TO,0,0,No Deposit,0,Transient,A,0,0,0
ROU,Online TA,0,1,No Deposit,0,Transient,A,0,2,0
PRT,Online TA,0,0,No Deposit,0,Transient-Party,C,0,0,0
AUT,Offline TA/TO,0,0,No Deposit,0,Transient,A,0,0,0
CN,Direct,0,2,No Deposit,0,Transient,A,0,0,0
NLD,Corporate,0,0,No Deposit,0,Transient-Party,A,0,0,0
DEU,Direct,0,0,No Deposit,0,Transient,F,1,0,0
FRA,Offline TA/TO,0,1,No Deposit,0,Group,A,0,0,0
Others,Online TA,0,0,No Deposit,0,Transient,A,0,1,0
PRT,Offline TA/TO,0,0,No Deposit,0,Contract,D,0,1,0
Others,Online TA,0,0,No Deposit,0,Transient,A,0,2,0
USA,Online TA,0,0,No Deposit,0,Transient,D,0,2,0
CN,Offline TA/TO,0,0,No Deposit,0,Transient,E,0,1,0
PRT,Online TA,0,0,No Deposit,0,Transient,E,0,0,0
BEL,Online TA,0,0,No Deposit,0,Transient,D,0,1,0
CHE,Online TA,0,0,No Deposit,0,Transient,D,0,0,0
DEU,Online TA,0,0,No Deposit,0,Transient,F,0,2,1
Others,Offline TA/TO,0,1,No Deposit,0,Transient-Party,A,0,0,0
PRT,Direct,1,0,No Deposit,0,Transient,E,0,2,0
ESP,Groups,0,1,No Deposit,0,Transient-Party,A,0,0,0
PRT,Direct,0,0,No Deposit,0,Transient,E,0,3,0
PRT,Online TA,1,0,No Deposit,0,Transient,D,0,3,1
AUT,Online TA,0,0,No Deposit,0,Transient-Party,A,0,1,0
Others,Groups,0,0,No Deposit,0,Transient-Party,A,0,0,0
ITA,Offline TA/TO,0,1,No Deposit,0,Transient-Party,A,0,0,0
ESP,Direct,0,0,No Deposit,0,Transient,E,1,1,0
PRT,Groups,1,0,No Deposit,0,Transient,A,0,0,1
AUT,Online TA,0,0,No Deposit,0,Transient,D,0,1,1
Others,Online TA,0,0,No Deposit,0,Transient-Party,D,0,1,0
PRT,Online TA,0,0,No Deposit,0,Transient-Party,E,0,0,0
ITA,Online TA,0,0,No Deposit,0,Contract,A,0,2,0
PRT,Offline TA/TO,0,2,No Deposit,0,Transient,A,0,0,0
PRT,Corporate,0,0,Non Refund,59,Transient,A,0,0,1
NOR,Online TA,0,0,No Deposit,0,Transient,A,0,1,0
ITA,Aviation,0,0,No Deposit,0,Transient,D,0,2,0
BRA,Direct,1,1,No Deposit,0,Transient-Party,B,0,1,1
ESP,Online TA,0,0,No Deposit,0,Transient,F,1,2,0
ESP,Online TA,0,2,No Deposit,0,Transient,C,0,0,1
DNK,Online TA,0,0,No Deposit,0,Transient,C,0,0,1
Others,Online TA,0,1,No Deposit,0,Transient,A,0,2,0
GBR,Online TA,0,2,No Deposit,0,Transient,D,0,0,0
CHE,Direct,0,0,No Deposit,0,Transient-Party,A,0,0,0
ESP,Online TA,0,0,No Deposit,0,Transient-Party,D,0,2,0
PRT,Online TA,0,5,No Deposit,0,Transient,A,1,2,0
Others,Direct,0,1,No Deposit,0,Transient,D,0,2,0
CN,Offline TA/TO,0,1,No Deposit,0,Transient,D,0,0,0
FRA,Direct,0,0,No Deposit,0,Transient-Party,A,1,0,0
IRL,Groups,0,1,No Deposit,0,Transient-Party,A,0,1,0
Others,Offline TA/TO,0,0,No Deposit,0,Transient,A,0,0,0
PRT,Online TA,1,0,No Deposit,0,Transient,A,0,1,1
PRT,Groups,0,1,No Deposit,0,Transient-Party,A,0,1,0
Others,Online TA,0,0,No Deposit,0,Transient,A,0,1,1
Others,Online TA,0,0,No Deposit,0,Transient,E,0,3,0
IRL,Online TA,0,0,No Deposit,0,Transient,A,0,0,1
CHE,Online TA,0,0,No Deposit,0,Transient,A,0,3,1
PRT,Online TA,0,0,No Deposit,0,Transient,F,1,1,0
NOR,Online TA,0,0,No Deposit,0,Transient,A,1,1,0
ITA,Online TA,0,0,No Deposit,0,Transient,G,0,0,1
Others,Offline TA/TO,0,0,No Deposit,0,Transient,E,0,0,0
Others,Online TA,0,6,No Deposit,0,Transient,A,0,1,1
Others,Offline TA/TO,0,0,No Deposit,0,Transient-Party,A,0,0,0
Others,Online TA,0,0,No Deposit,0,Transient,F,0,1,1
BEL,Online TA,0,0,No Deposit,0,Contract,A,0,2,0
PRT,Online TA,0,1,No Deposit,0,Transient,G,0,2,1
DEU,Offline TA/TO,0,0,No Deposit,0,Transient,D,0,2,0
PRT,Groups,0,0,Non Refund,0,Contract,A,0,0,1
DNK,Online TA,0,1,No Deposit,0,Group,B,0,2,0
NLD,Offline TA/TO,0,0,No Deposit,0,Transient,A,0,0,0
PRT,Online TA,1,1,No Deposit,0,Contract,D,0,1,1
ITA,Corporate,0,0,No Deposit,0,Transient-Party,D,0,0,0
PRT,Direct,0,0,No Deposit,0,Transient,E,1,0,0
AUT,Online TA,0,7,No Deposit,0,Transient,F,0,0,0
DNK,Online TA,0,0,No Deposit,0,Transient,D,0,0,1
FRA,Direct,0,3,No Deposit,0,Transient,A,0,2,0
ESP,Online TA,0,0,No Deposit,0,Transient-Party,E,1,0,0
ITA,Online TA,0,0,No Deposit,0,Transient-Party,A,0,2,0
ITA,Offline TA/TO,0,1,No Deposit,44,Transient-Party,A,0,0,0
PRT,Direct,0,0,No Deposit,0,Transient,H,0,0,0
ESP,Direct,0,0,No Deposit,0,Transient,F,0,2,0
CN,Direct,0,0,No Deposit,0,Transient,A,0,0,0
AUT,Online TA,0,0,No Deposit,0,Transient,B,0,2,1
NOR,Online TA,0,2,No Deposit,0,Transient-Party,D,0,2,0
FRA,Direct,0,1,No Deposit,0,Transient,D,0,0,0
PRT,Direct,0,3,No Deposit,0,Transient,D,0,3,0
Others,Offline TA/TO,0,0,No Deposit,0,Transient,D,0,0,0
NLD,Online TA,0,0,No Deposit,0,Transient,A,0,2,1
FRA,Online TA,0,0,No Deposit,0,Transient,A,0,3,1
GBR,Groups,0,0,No Deposit,0,Transient-Party,A,1,0,0
CN,Online TA,0,0,No Deposit,0,Transient,G,0,0,1
CHN,Online TA,0,0,No Deposit,0,Transient,A,0,1,1
RUS,Offline TA/TO,0,0,No Deposit,0,Transient,A,0,0,0
FRA,Direct,0,0,No Deposit,0,Transient,D,0,1,0
ITA,Online TA,0,0,No Deposit,0,Transient,F,0,0,1
RUS,Online TA,0,0,No Deposit,0,Transient-Party,B,0,1,0
CHN,Online TA,0,0,No Deposit,0,Transient,A,0,3,0
CN,Online TA,0,0,No Deposit,0,Transient,A,0,2,0
BRA,Online TA,0,0,No Deposit,0,Transient,A,1,2,0
PRT,Offline TA/TO,0,0,Non Refund,24,Transient,A,0,0,1
ESP,Offline TA/TO,0,0,No Deposit,0,Transient-Party,A,0,0,0
DEU,Direct,0,0,No Deposit,0,Transient-Party,E,0,1,0
PRT,Offline TA/TO,1,0,No Deposit,0,Group,A,0,0,0
FRA,Groups,0,0,No Deposit,0,Transient-Party,A,0,0,1
PRT,Online TA,0,2,No Deposit,0,Transient,E,0,5,0
Others,Groups,0,0,No Deposit,0,Transient-Party,A,0,0,0
PRT,Corporate,0,1,No Deposit,0,Transient,D,1,1,0
AUT,Online TA,0,0,No Deposit,0,Transient,D,0,1,0
GBR,Groups,0,0,No Deposit,8,Transient-Party,A,0,0,0
ESP,Direct,0,3,No Deposit,0,Transient,E,0,1,0
Others,Offline TA/TO,0,0,No Deposit,0,Transient,A,0,0,0
IRL,Direct,0,0,No Deposit,0,Transient,A,0,0,0
DEU,Direct,0,0,No Deposit,0,Transient,D,0,1,0
FRA,Online TA,0,0,No Deposit,0,Transient-Party,D,0,0,1
ESP,Online TA,0,0,No Deposit,0,Transient,D,0,2,1
FRA,Direct,0,0,No Deposit,0,Transient-Party,D,0,0,0
NLD,Online TA,0,0,No Deposit,0,Transient,A,0,3,0
PRT,Online TA,0,1,No Deposit,0,Transient-Party,A,0,2,0
CN,Offline TA/TO,0,0,No Deposit,0,Transient,A,0,1,0
GBR,Offline TA/TO,0,1,No Deposit,0,Transient-Party,D,0,1,0
Others,Online TA,0,0,No Deposit,0,Transient,D,0,0,1
GBR,Online TA,0,0,No Deposit,0,Transient,E,1,0,0
IRL,Direct,0,1,No Deposit,0,Transient-Party,D,0,1,0
FIN,Online TA,0,2,No Deposit,0,Transient,D,0,0,0
NLD,Online TA,0,1,No Deposit,0,Transient,F,0,2,0
PRT,Online TA,0,2,No Deposit,0,Transient,D,0,1,0
Others,Online TA,0,0,No Deposit,0,Transient,A,0,2,1
Others,Direct,0,0,No Deposit,0,Transient,A,0,0,0
Others,Online TA,0,0,No Deposit,0,Transient,D,0,1,0
DEU,Online TA,0,1,No Deposit,0,Transient,A,1,0,0
Others,Online TA,0,0,No Deposit,0,Transient,A,0,2,0
ROU,Offline TA/TO,0,0,No Deposit,0,Transient,A,0,0,0
ESP,Online TA,0,1,No Deposit,0,Transient,E,1,2,0
IRL,Direct,0,0,No Deposit,0,Transient-Party,F,0,2,0
PRT,Groups,0,0,No Deposit,58,Transient-Party,A,0,0,0
AUT,Online TA,0,0,No Deposit,0,Transient,D,0,2,1
PRT,Direct,0,0,No Deposit,0,Transient-Party,A,0,1,0
FRA,Direct,0,0,No Deposit,0,Transient,C,0,0,1
PRT,Direct,0,2,No Deposit,0,Transient-Party,D,0,0,0
PRT,Complementary,0,0,No Deposit,0,Transient-Party,A,0,0,1
ROU,Online TA,0,0,No Deposit,0,Transient-Party,G,1,2,0
DEU,Online TA,0,1,No Deposit,0,Transient,E,0,2,0
PRT,Offline TA/TO,13,0,No Deposit,31,Transient-Party,A,0,0,1
GBR,Online TA,0,1,No Deposit,0,Transient,E,0,2,1
PRT,Offline TA/TO,0,2,No Deposit,0,Transient,C,1,0,0
PRT,Groups,0,2,No Deposit,0,Transient-Party,A,0,0,0
FIN,Online TA,0,1,No Deposit,0,Transient,D,1,0,0
FRA,Online TA,0,6,No Deposit,0,Transient,A,1,1,0
Others,Offline TA/TO,0,0,No Deposit,0,Transient-Party,A,0,0,0
Others,Online TA,0,0,No Deposit,0,Transient,A,0,2,1
FRA,Online TA,0,0,No Deposit,0,Transient,E,0,0,0
FRA,Direct,0,1,No Deposit,0,Transient,A,1,1,0
PRT,Direct,0,0,No Deposit,0,Transient,C,0,0,0
BEL,Groups,0,1,No Deposit,0,Transient-Party,A,0,0,0
Others,Online TA,0,0,No Deposit,0,Transient,A,0,0,1
FRA,Direct,0,0,No Deposit,0,Group,A,0,1,0
CHN,Online TA,0,0,No Deposit,0,Transient,A,0,1,0
GBR,Online TA,0,0,No Deposit,0,Contract,D,0,1,0
Others,Online TA,0,0,No Deposit,0,Transient,A,0,0,0
IRL,Online TA,0,0,No Deposit,0,Transient-Party,D,0,2,0
PRT,Offline TA/TO,2,0,No Deposit,0,Transient,A,0,1,1
PRT,Direct,0,0,No Deposit,0,Transient,D,1,0,0
USA,Online TA,0,0,No Deposit,0,Transient,F,1,0,0
USA,Corporate,0,1,No Deposit,0,Transient-Party,A,0,1,0
PRT,Online TA,1,0,No Deposit,0,Contract,A,0,3,1
ESP,Online TA,0,0,No Deposit,0,Transient,D,0,0,0
ESP,Online TA,0,0,No Deposit,0,Transient,E,0,1,1
PRT,Online TA,1,0,No Deposit,0,Contract,A,0,1,1
POL,Online TA,0,3,No Deposit,0,Transient,F,0,1,0
FRA,Direct,0,0,No Deposit,0,Transient,A,0,1,0
AUT,Online TA,0,0,No Deposit,0,Transient,D,1,1,0
GBR,Online TA,0,1,No Deposit,0,Group,A,0,1,0
PRT,Online TA,1,0,No Deposit,0,Transient,G,0,2,1
Others,Online TA,0,1,No Deposit,0,Transient,A,0,1,0
Others,Online TA,0,0,No Deposit,0,Transient-Party,A,0,2,0
NLD,Online TA,0,1,No Deposit,0,Transient,A,0,1,0
PRT,Online TA,0,1,No Deposit,0,Transient-Party,A,0,0,0
FRA,Groups,0,0,No Deposit,0,Transient,A,0,0,1
PRT,Direct,0,0,No Deposit,0,Transient,A,0,3,0
FRA,Corporate,0,0,No Deposit,0,Transient,E,0,1,0
CN,Online TA,0,0,No Deposit,0,Transient,A,0,0,1
FRA,Offline TA/TO,0,0,No Deposit,0,Transient,A,0,3,0
Others,Online TA,0,0,No Deposit,0,Transient,D,0,0,1
BEL,Online TA,0,0,No Deposit,0,Transient,B,0,2,0
PRT,Online TA,0,1,No Deposit,0,Transient,D,0,0,0
NLD,Online TA,0,0,No Deposit,0,Contract,A,0,0,0
DEU,Direct,0,1,No Deposit,0,Transient,A,0,0,0
ITA,Aviation,0,0,No Deposit,0,Transient,D,0,0,0
ESP,Online TA,0,4,No Deposit,0,Transient,D,0,0,1
Others,Online TA,0,0,No Deposit,0,Transient,A,0,3,0
ESP,Direct,0,1,No Deposit,0,Transient,F,1,0,0
CHE,Direct,0,0,No Deposit,0,Transient,C,1,0,0
PRT,Groups,0,1,Non Refund,0,Transient,A,0,0,1
ROU,Online TA,0,0,No Deposit,0,Transient,D,0,1,1
PRT,Offline TA/TO,0,0,No Deposit,0,Contract,E,0,0,1
BRA,Online TA,0,0,No Deposit,0,Transient,D,0,0,1
PRT,Offline TA/TO,0,0,No Deposit,0,Transient,E,0,0,0
PRT,Direct,0,1,No Deposit,0,Transient,D,0,0,0
BRA,Online TA,0,1,No Deposit,0,Contract,D,0,1,0
Others,Online TA,0,0,No Deposit,0,Transient,D,0,0,1
FRA,Online TA,0,0,No Deposit,0,Transient,E,1,1,0
FRA,Offline TA/TO,0,0,No Deposit,0,Transient,F,0,0,0
FRA,Online TA,0,0,No Deposit,0,Transient,A,1,0,0
ITA,Direct,0,0,No Deposit,0,Transient,D,0,3,0
BEL,Online TA,0,1,No Deposit,0,Transient-Party,D,0,1,1
ESP,Online TA,0,1,No Deposit,0,Transient,E,0,2,0
PRT,Offline TA/TO,0,0,Non Refund,21,Transient,A,0,0,1
GBR,Online TA,0,0,No Deposit,0,Transient,E,0,3,0
PRT,Online TA,0,4,No Deposit,0,Transient-Party,D,0,1,0
ESP,Direct,0,1,No Deposit,0,Transient,A,0,1,0
PRT,Offline TA/TO,0,0,No Deposit,56,Transient-Party,A,0,0,0
DEU,Online TA,0,1,No Deposit,0,Transient,D,0,2,1
Others,Offline TA/TO,0,0,No Deposit,0,Contract,D,0,3,0
PRT,Online TA,0,0,No Deposit,0,Transient,F,0,2,0
PRT,Direct,0,2,No Deposit,0,Transient,B,0,0,0
IRL,Offline TA/TO,0,0,No Deposit,0,Transient,A,0,5,0
DEU,Online TA,0,0,No Deposit,0,Transient,E,0,0,0
FIN,Direct,0,0,No Deposit,0,Transient,E,0,0,0
GBR,Offline TA/TO,0,0,No Deposit,0,Transient-Party,A,0,1,0
BEL,Direct,0,0,No Deposit,0,Transient,D,0,0,0
PRT,Offline TA/TO,0,0,No Deposit,0,Contract,A,0,0,0
Others,Online TA,0,0,No Deposit,0,Transient,A,0,1,0
Others,Offline TA/TO,0,1,No Deposit,0,Transient-Party,A,0,0,0
CN,Online TA,0,0,No Deposit,0,Transient,A,1,1,0
PRT,Online TA,0,0,No Deposit,0,Group,B,0,2,0
NLD,Groups,0,0,No Deposit,0,Transient-Party,D,0,0,0
GBR,Direct,0,1,No Deposit,0,Transient,A,0,2,0
USA,Online TA,0,0,No Deposit,0,Transient,G,0,2,0
POL,Online TA,0,0,No Deposit,0,Transient,D,0,1,0
ESP,Online TA,0,2,No Deposit,0,Transient,F,1,0,0
DEU,Online TA,0,0,No Deposit,0,Contract,A,0,2,0
AUT,Aviation,0,0,No Deposit,0,Transient,A,0,0,0
PRT,Direct,0,1,No Deposit,0,Transient,A,0,0,1
ESP,Direct,0,2,No Deposit,0,Transient,A,0,0,0
DEU,Online TA,0,1,No Deposit,0,Transient,A,0,4,0
Others,Online TA,0,2,No Deposit,0,Transient,G,0,2,1
BEL,Direct,0,2,No Deposit,0,Transient,A,0,1,0
Others,Direct,0,0,No Deposit,0,Transient,A,0,0,0
USA,Direct,0,0,No Deposit,0,Transient,F,0,0,1
FIN,Online TA,0,0,No Deposit,0,Transient,D,0,1,0
BRA,Online TA,0,0,No Deposit,0,Transient,D,0,1,0
NOR,Direct,0,1,No Deposit,0,Transient,A,0,1,0
ITA,Groups,0,2,No Deposit,0,Transient-Party,A,0,0,0
ITA,Online TA,0,2,No Deposit,0,Transient,D,0,2,1
GBR,Groups,0,0,No Deposit,0,Transient-Party,E,0,2,0
PRT,Complementary,0,0,No Deposit,0,Transient,A,0,1,1
PRT,Direct,0,1,No Deposit,0,Transient,E,1,1,0
CN,Groups,0,0,Non Refund,0,Transient,A,0,0,1
Others,Online TA,0,0,No Deposit,0,Transient,A,0,0,0
PRT,Direct,0,0,No Deposit,0,Transient,A,1,2,0
PRT,Offline TA/TO,0,1,No Deposit,0,Contract,D,0,0,1
PRT,Direct,0,0,No Deposit,0,Transient-Party,A,0,2,0
Others,Online TA,0,0,No Deposit,0,Transient,D,0,0,1
PRT,Corporate,1,0,No Deposit,0,Transient,A,1,2,0
CHN,Online TA,0,0,No Deposit,0,Contract,D,0,3,0
PRT,Online TA,1,1,No Deposit,0,Transient,A,0,0,1
IRL,Online TA,0,0,No Deposit,0,Transient,E,0,1,0
CN,Online TA,0,1,No Deposit,0,Transient,E,0,2,0
PRT,Online TA,0,0,No Deposit,0,Transient,E,0,2,1
FRA,Online TA,0,0,No Deposit,0,Contract,A,0,0,0
Others,Online TA,0,0,No Deposit,0,Transient,D,0,3,0
SWE,Online TA,0,0,No Deposit,0,Transient,G,0,0,1
Others,Online TA,0,0,No Deposit,0,Transient,A,0,0,1
DEU,Offline TA/TO,0,0,No Deposit,0,Transient,D,1,0,0
POL,Direct,0,3,No Deposit,0,Transient,A,0,0,0
PRT,Online TA,0,2,No Deposit,0,Transient,A,0,1,0
ESP,Offline TA/TO,0,0,Non Refund,0,Transient,A,0,0,1
DEU,Online TA,0,2,No Deposit,0,Transient,D,0,1,1
PRT,Online TA,0,1,No Deposit,0,Transient-Party,D,1,2,0
ITA,Groups,0,1,No Deposit,0,Transient-Party,A,0,0,0
ISR,Groups,0,1,No Deposit,0,Transient-Party,A,0,1,0
SWE,Offline TA/TO,0,0,No Deposit,0,Contract,A,0,0,0
DEU,Online TA,0,0,No Deposit,0,Contract,A,1,2,0
PRT,Corporate,6,0,No Deposit,0,Transient,A,0,2,0
BEL,Online TA,0,0,No Deposit,0,Transient,G,0,1,0
PRT,Offline TA/TO,0,0,No Deposit,0,Contract,D,0,0,1
RUS,Online TA,0,0,No Deposit,0,Transient,A,0,2,0
CHN,Online TA,0,0,No Deposit,0,Transient,E,0,1,1
NOR,Online TA,0,0,No Deposit,0,Transient,H,0,0,1
Others,Online TA,0,1,No Deposit,0,Transient-Party,B,0,0,1
Others,Direct,0,0,No Deposit,0,Transient,D,0,0,0
PRT,Direct,0,5,No Deposit,0,Transient,F,0,2,0
ESP,Online TA,0,0,No Deposit,0,Transient,G,0,0,1
Others,Online TA,0,0,No Deposit,0,Transient,A,0,1,0
Others,Online TA,0,0,No Deposit,0,Transient,A,0,1,1
PRT,Direct,0,2,No Deposit,0,Transient,G,0,2,0
PRT,Online TA,1,0,No Deposit,0,Contract,B,0,0,1
PRT,Offline TA/TO,0,1,No Deposit,0,Transient,A,0,1,1
SWE,Direct,0,0,No Deposit,0,Transient,D,1,0,0
AUT,Direct,0,0,No Deposit,0,Transient,D,0,1,0
NLD,Direct,0,0,No Deposit,0,Transient,A,1,1,0
Others,Corporate,0,0,No Deposit,0,Transient-Party,A,0,0,0
FIN,Direct,0,0,No Deposit,0,Transient,A,0,2,0
USA,Online TA,0,0,No Deposit,0,Transient,G,0,1,0
USA,Direct,0,0,No Deposit,0,Transient,A,0,0,0
PRT,Online TA,1,0,No Deposit,0,Transient,A,0,2,1
GBR,Offline TA/TO,0,0,No Deposit,0,Transient,E,0,2,0
Others,Online TA,0,0,No Deposit,0,Transient,A,0,0,1
Others,Online TA,0,0,No Deposit,0,Transient-Party,A,0,2,0
Others,Corporate,0,0,No Deposit,15,Transient-Party,A,0,0,0
PRT,Online TA,0,1,No Deposit,0,Transient,C,0,1,0
BEL,Online TA,0,1,No Deposit,0,Transient,F,1,1,0
ROU,Direct,0,0,No Deposit,0,Transient,A,0,0,0
PRT,Groups,0,4,No Deposit,0,Transient-Party,A,0,0,0
Others,Online TA,0,0,No Deposit,0,Transient,A,0,1,0
Others,Online TA,0,4,No Deposit,0,Transient,A,0,2,0
FRA,Groups,0,1,No Deposit,38,Transient-Party,A,0,0,0
Others,Online TA,0,0,No Deposit,0,Transient,D,0,1,0
ITA,Online TA,0,0,No Deposit,0,Group,A,0,1,0
Others,Groups,0,0,No Deposit,0,Transient-Party,A,0,0,0
ITA,Online TA,0,0,No Deposit,0,Transient-Party,D,0,0,1
USA,Online TA,0,0,No Deposit,0,Transient,E,0,0,1
PRT,Corporate,0,4,No Deposit,0,Transient,A,0,0,0
PRT,Offline TA/TO,0,0,Non Refund,16,Transient,A,0,0,1
GBR,Online TA,0,0,No Deposit,0,Transient,G,0,2,0
PRT,Direct,0,0,No Deposit,0,Transient-Party,A,1,1,0
BEL,Online TA,0,0,No Deposit,0,Transient-Party,A,0,1,0
IRL,Online TA,0,1,No Deposit,0,Transient-Party,A,0,1,0
BRA,Offline TA/TO,0,0,No Deposit,0,Transient,A,0,0,0
USA,Online TA,0,1,No Deposit,0,Transient,B,0,3,1
PRT,Groups,0,0,Non Refund,47,Transient,A,0,0,1
Others,Online TA,0,0,No Deposit,0,Transient,A,0,0,1
BRA,Corporate,0,1,No Deposit,15,Transient-Party,A,0,0,0
PRT,Complementary,0,0,No Deposit,0,Transient,G,1,3,0
CHE,Direct,0,0,No Deposit,0,Transient,E,1,3,0
NOR,Online TA,0,0,No Deposit,0,Transient,D,0,1,1
PRT,Online TA,0,1,No Deposit,0,Transient,G,1,1,0
Others,Offline TA/TO,0,0,No Deposit,0,Transient,A,0,0,0
Others,Online TA,0,0,No Deposit,0,Transient,A,0,0,1
ISR,Direct,0,0,No Deposit,0,Transient-Party,B,1,0,0
ESP,Direct,0,0,No Deposit,0,Transient,B,0,0,0
BEL,Direct,0,0,No Deposit,0,Transient,E,0,2,1
Others,Direct,0,5,No Deposit,0,Transient,D,0,3,0
PRT,Online TA,0,0,No Deposit,0,Contract,F,0,0,0
PRT,Direct,0,1,No Deposit,0,Transient,F,0,2,1
CHE,Direct,0,1,No Deposit,0,Transient,A,0,1,0
Others,Offline TA/TO,0,0,No Deposit,0,Transient,D,0,0,0
POL,Direct,0,1,No Deposit,0,Transient,A,0,0,0
CN,Online TA,0,0,No Deposit,0,Transient,A,0,2,1
IRL,Groups,24,0,No Deposit,0,Transient-Party,A,0,0,1
CHE,Online TA,0,0,No Deposit,0,Transient,C,0,2,1
PRT,Online TA,0,0,No Deposit,0,Group,A,0,1,1
CHE,Online TA,0,0,No Deposit,0,Transient,A,0,1,1
IRL,Online TA,0,1,No Deposit,0,Transient,A,0,2,0
Others,Online TA,0,0,No Deposit,0,Transient,A,0,0,1
Others,Online TA,0,0,No Deposit,0,Transient,A,0,1,0
ISR,Offline TA/TO,0,0,No Deposit,0,Transient,A,0,0,0
DEU,Direct,0,0,No Deposit,0,Transient,F,0,0,0
IRL,Direct,0,1,No Deposit,0,Transient,A,0,3,0
FIN,Online TA,0,0,No Deposit,0,Transient,D,0,2,0
IRL,Groups,0,0,No Deposit,0,Transient-Party,A,0,0,0
Others,Offline TA/TO,0,0,No Deposit,0,Transient-Party,A,0,0,0
PRT,Online TA,0,0,No Deposit,0,Transient,F,0,1,0
Others,Direct,0,0,No Deposit,0,Transient,G,0,0,0
FRA,Online TA,0,1,No Deposit,0,Contract,F,1,0,0
DEU,Online TA,0,0,No Deposit,0,Transient,F,0,0,0
ESP,Direct,0,0,No Deposit,0,Transient,F,0,1,0
BRA,Online TA,0,0,No Deposit,0,Transient,A,0,2,1
USA,Online TA,0,0,No Deposit,0,Transient,A,0,2,0
PRT,Complementary,2,0,No Deposit,0,Transient,A,0,1,1
Others,Online TA,0,0,No Deposit,0,Transient,F,0,0,1
Others,Online TA,0,0,No Deposit,0,Transient,A,0,0,1
SWE,Online TA,0,0,No Deposit,0,Transient,H,0,0,1
DEU,Online TA,0,2,No Deposit,0,Transient-Party,A,0,1,1
BRA,Direct,0,0,No Deposit,0,Transient,D,0,1,0
GBR,Direct,0,0,No Deposit,0,Transient,D,0,2,0
PRT,Online TA,0,1,No Deposit,0,Transient,G,0,1,0
PRT,Direct,0,3,No Deposit,0,Transient,A,0,0,0
ITA,Online TA,0,0,No Deposit,0,Transient-Party,A,0,1,0
BEL,Offline TA/TO,0,0,No Deposit,0,Transient,D,0,0,0
FRA,Online TA,0,2,No Deposit,0,Transient,D,0,3,0
PRT,Direct,0,2,No Deposit,0,Transient-Party,A,0,0,1
BRA,Online TA,0,0,No Deposit,0,Transient-Party,A,0,1,0
ESP,Online TA,0,1,No Deposit,0,Transient,A,1,2,0
PRT,Offline TA/TO,0,1,No Deposit,0,Transient,D,0,1,0
PRT,Offline TA/TO,0,1,Non Refund,0,Transient,A,0,0,1
IRL,Groups,0,0,No Deposit,0,Transient-Party,D,0,0,0
CN,Online TA,0,0,No Deposit,0,Transient-Party,A,0,0,0
GBR,Direct,0,1,No Deposit,0,Transient,F,0,0,0
Others,Online TA,0,0,No Deposit,0,Transient,D,0,2,1
PRT,Online TA,0,1,No Deposit,0,Transient,A,1,2,0
PRT,Complementary,1,0,No Deposit,0,Transient,A,0,2,0
Others,Online TA,0,0,No Deposit,0,Transient,A,0,3,0
PRT,Offline TA/TO,0,0,No Deposit,0,Transient-Party,D,0,1,1
CHE,Online TA,0,1,No Deposit,0,Transient,D,0,1,0
PRT,Online TA,0,0,No Deposit,0,Transient,E,0,2,0
CHN,Online TA,0,0,No Deposit,0,Transient-Party,A,0,0,0
Others,Online TA,0,0,No Deposit,0,Transient,A,0,2,0
FRA,Offline TA/TO,0,2,No Deposit,0,Transient,C,0,0,0
ITA,Online TA,0,2,No Deposit,0,Transient,D,0,2,0
USA,Online TA,0,0,No Deposit,0,Transient,E,0,1,0
GBR,Online TA,0,0,No Deposit,0,Transient,B,0,1,0
Others,Online TA,0,0,No Deposit,0,Transient,A,0,0,0
BRA,Online TA,0,0,No Deposit,0,Transient,D,0,2,1
PRT,Groups,1,0,Non Refund,45,Transient,A,0,0,1
FIN,Direct,0,0,No Deposit,0,Transient,G,0,0,1
PRT,Online TA,0,1,No Deposit,0,Transient,D,0,2,0
SWE,Groups,0,0,No Deposit,14,Transient,C,0,0,0
BRA,Offline TA/TO,0,1,No Deposit,0,Transient,A,1,0,0
Others,Direct,0,0,No Deposit,0,Transient,D,0,1,0
BRA,Direct,0,0,No Deposit,0,Transient,D,0,2,0
Others,Online TA,0,0,No Deposit,0,Transient,D,0,2,1
DEU,Offline TA/TO,0,0,No Deposit,0,Transient-Party,A,0,2,0
PRT,Offline TA/TO,0,3,No Deposit,0,Transient-Party,A,0,1,0
CN,Online TA,0,0,No Deposit,0,Transient,F,1,0,0
PRT,Corporate,3,0,No Deposit,0,Transient,A,0,1,0
BRA,Online TA,0,1,No Deposit,0,Transient,A,0,2,0
CHE,Online TA,0,0,No Deposit,0,Transient,D,0,1,1
BEL,Direct,0,1,No Deposit,0,Transient-Party,A,0,0,0
CN,Groups,0,0,No Deposit,0,Transient-Party,A,0,0,0
PRT,Corporate,1,0,Non Refund,0,Transient,A,0,0,1
ITA,Online TA,0,0,No Deposit,0,Transient,D,0,2,1
ITA,Online TA,0,1,No Deposit,0,Transient-Party,A,0,2,0
CN,Groups,0,0,No Deposit,0,Transient-Party,E,0,0,0
PRT,Offline TA/TO,0,1,No Deposit,0,Transient,D,0,0,1
USA,Online TA,0,2,No Deposit,0,Transient,A,0,3,0
GBR,Direct,0,2,No Deposit,0,Transient,A,1,0,0
CHE,Online TA,0,0,No Deposit,0,Transient,A,1,0,0
ITA,Direct,0,0,No Deposit,0,Transient,D,0,0,0
IRL,Online TA,0,1,No Deposit,0,Transient,B,0,3,1
PRT,Groups,1,0,Non Refund,10,Transient,A,0,0,1
IRL,Online TA,0,2,No Deposit,0,Transient,D,0,2,0
Others,Direct,0,3,No Deposit,0,Transient-Party,D,0,0,0
PRT,Online TA,1,0,No Deposit,0,Contract,D,0,1,1
ESP,Online TA,0,0,No Deposit,0,Transient-Party,D,1,2,0
ITA,Corporate,0,0,No Deposit,0,Transient,A,0,0,0
PRT,Online TA,0,0,No Deposit,0,Group,D,0,0,0
NOR,Online TA,0,0,No Deposit,0,Transient,D,0,3,0
PRT,Direct,0,0,No Deposit,0,Transient,F,0,0,1
IRL,Direct,0,1,No Deposit,0,Transient,E,0,1,0
GBR,Offline TA/TO,0,1,No Deposit,0,Contract,A,0,1,0
NLD,Online TA,0,1,No Deposit,0,Transient,A,0,0,0
Others,Online TA,0,0,No Deposit,0,Transient,A,0,0,1
PRT,Direct,0,0,No Deposit,0,Group,A,0,0,0
ESP,Direct,0,3,No Deposit,0,Transient,A,1,0,0
Others,Online TA,0,2,No Deposit,0,Transient,D,0,0,1
PRT,Online TA,0,0,No Deposit,0,Transient,E,0,3,0
ROU,Offline TA/TO,0,0,No Deposit,0,Transient,A,0,1,0
PRT,Groups,0,0,Non Refund,0,Transient-Party,A,0,0,1
CHN,Online TA,0,0,No Deposit,0,Transient-Party,A,0,2,0
BEL,Groups,0,0,No Deposit,0,Transient,A,0,0,0
FRA,Offline TA/TO,0,0,No Deposit,17,Transient-Party,A,0,0,0
NLD,Offline TA/TO,0,0,No Deposit,0,Transient-Party,A,0,0,0
ISR,Online TA,0,0,No Deposit,0,Transient,A,0,1,0
ROU,Online TA,0,0,No Deposit,0,Transient,A,0,0,0
DEU,Offline TA/TO,0,1,No Deposit,0,Contract,A,0,0,0
FIN,Online TA,0,0,No Deposit,0,Transient,A,0,1,0
PRT,Corporate,1,0,No Deposit,0,Transient-Party,A,0,0,0
PRT,Online TA,0,0,No Deposit,0,Contract,A,0,1,0
FRA,Groups,0,1,No Deposit,34,Transient-Party,A,0,0,0
SWE,Online TA,0,0,No Deposit,0,Transient-Party,A,0,0,0
Others,Online TA,0,0,No Deposit,0,Transient,D,0,1,1
CN,Direct,0,0,No Deposit,0,Transient,G,1,0,0
FRA,Groups,0,0,No Deposit,48,Transient-Party,A,0,1,0
NLD,Online TA,0,0,No Deposit,0,Transient-Party,A,0,1,0
GBR,Corporate,0,1,No Deposit,0,Transient-Party,A,0,0,0
NOR,Online TA,0,0,No Deposit,0,Transient-Party,A,0,1,0
ESP,Online TA,0,0,No Deposit,0,Transient-Party,E,0,1,0
GBR,Online TA,0,0,No Deposit,0,Transient,D,0,2,1
SWE,Offline TA/TO,0,2,No Deposit,0,Transient,E,0,2,0
PRT,Direct,0,0,No Deposit,0,Transient,E,0,1,1
PRT,Corporate,3,2,No Deposit,0,Transient,A,0,1,0
NLD,Direct,0,0,No Deposit,0,Transient-Party,B,0,1,0
BEL,Online TA,0,0,No Deposit,0,Transient-Party,D,0,0,0
PRT,Online TA,0,2,No Deposit,0,Transient-Party,A,0,1,0
FRA,Corporate,0,0,No Deposit,0,Transient-Party,A,0,0,0
ESP,Direct,0,1,No Deposit,0,Transient,A,0,0,1
GBR,Online TA,0,1,No Deposit,0,Transient,E,0,2,0
PRT,Offline TA/TO,1,2,No Deposit,0,Group,A,0,1,1
Others,Groups,0,0,No Deposit,0,Transient-Party,A,0,0,0
PRT,Complementary,1,1,No Deposit,0,Transient,A,0,2,0
PRT,Direct,0,0,No Deposit,0,Transient,L,0,0,0
PRT,Groups,0,1,No Deposit,49,Transient-Party,A,0,0,0
DEU,Direct,0,2,No Deposit,0,Transient,D,0,0,1
GBR,Offline TA/TO,0,0,No Deposit,0,Transient,E,0,1,0
CHE,Direct,0,0,No Deposit,0,Transient,A,0,2,0
ITA,Online TA,0,0,No Deposit,0,Transient,E,0,2,0
FRA,Offline TA/TO,0,1,No Deposit,0,Transient,A,0,0,0
ESP,Online TA,0,1,No Deposit,0,Transient,E,0,1,1
GBR,Groups,0,3,No Deposit,0,Transient-Party,A,0,0,0
FRA,Online TA,0,0,No Deposit,0,Transient-Party,A,0,1,0
PRT,Online TA,0,0,No Deposit,0,Transient,F,0,0,0
FRA,Offline TA/TO,0,1,No Deposit,43,Transient-Party,A,0,2,0
CHE,Online TA,0,1,No Deposit,0,Transient,G,0,1,0
NLD,Online TA,0,0,No Deposit,0,Transient,F,0,0,0
PRT,Online TA,0,0,No Deposit,0,Contract,D,0,1,1
PRT,Corporate,0,0,No Deposit,0,Transient,E,0,0,1
FRA,Online TA,0,0,No Deposit,0,Transient-Party,G,0,0,0
Others,Online TA,0,0,No Deposit,0,Transient,A,0,0,0
NLD,Direct,0,1,No Deposit,0,Transient,E,0,0,0
DEU,Direct,0,0,No Deposit,0,Transient,A,0,0,0
NLD,Online TA,0,0,No Deposit,0,Transient,B,0,2,0
BEL,Online TA,0,2,No Deposit,0,Transient,D,0,0,0
CN,Online TA,0,1,No Deposit,0,Transient,A,0,0,0
Others,Online TA,0,0,No Deposit,0,Transient,E,1,0,0
NOR,Online TA,0,0,No Deposit,0,Transient,A,0,0,0
IRL,Direct,0,1,No Deposit,0,Transient,D,0,2,0
GBR,Offline TA/TO,0,0,No Deposit,0,Contract,A,0,3,0
ITA,Online TA,0,3,No Deposit,0,Transient,A,0,1,0
BRA,Online TA,0,2,No Deposit,0,Transient,A,0,2,0
PRT,Corporate,0,3,No Deposit,0,Transient,A,0,0,0
Others,Online TA,0,0,No Deposit,0,Transient,E,1,1,0
ESP,Online TA,0,0,No Deposit,0,Transient,D,0,3,0
FRA,Direct,0,0,No Deposit,0,Transient,A,1,1,0
Others,Online TA,0,0,No Deposit,0,Transient,A,0,0,0
FRA,Direct,0,0,No Deposit,0,Transient,D,0,0,0
ITA,Offline TA/TO,0,0,No Deposit,38,Transient-Party,A,0,0,0
CN,Direct,0,0,No Deposit,0,Transient,E,1,0,0
PRT,Groups,0,2,No Deposit,0,Transient-Party,E,0,0,0
FRA,Online TA,0,0,No Deposit,0,Transient,F,0,2,0
NLD,Direct,0,2,No Deposit,0,Transient,A,0,0,0
PRT,Direct,0,1,No Deposit,0,Transient,E,1,2,0
IRL,Direct,0,2,No Deposit,0,Transient,A,0,0,0
BRA,Online TA,0,0,No Deposit,0,Transient,D,1,0,0
GBR,Direct,0,0,No Deposit,0,Transient-Party,A,0,0,0
Others,Online TA,0,1,No Deposit,0,Transient,F,0,0,0
Others,Online TA,0,0,No Deposit,0,Transient,D,0,1,0
PRT,Direct,0,0,No Deposit,0,Transient-Party,A,0,0,1
CHE,Direct,0,0,No Deposit,0,Transient,A,0,0,1
PRT,Complementary,0,1,No Deposit,0,Transient,D,1,1,0
GBR,Online TA,0,0,No Deposit,0,Transient,F,0,0,0
Others,Direct,0,0,No Deposit,0,Transient,A,0,0,0
FRA,Online TA,0,0,No Deposit,0,Transient,F,0,0,0
DEU,Online TA,0,0,No Deposit,0,Transient-Party,A,0,0,1
CHE,Online TA,0,0,No Deposit,0,Transient,D,0,2,1
GBR,Online TA,0,2,No Deposit,0,Transient,A,0,2,0
PRT,Offline TA/TO,1,0,No Deposit,0,Transient,D,0,0,1
CN,Offline TA/TO,0,0,No Deposit,0,Transient,A,0,2,0
ESP,Direct,0,0,No Deposit,0,Transient,G,1,2,0
CN,Online TA,0,0,No Deposit,0,Transient,D,0,1,1
USA,Online TA,0,2,No Deposit,0,Transient-Party,D,0,1,0
PRT,Corporate,0,4,No Deposit,0,Contract,A,0,0,0
PRT,Online TA,0,0,No Deposit,0,Transient,G,0,1,1
USA,Direct,0,0,No Deposit,0,Transient,G,0,0,0
BRA,Corporate,0,1,No Deposit,0,Transient,A,0,0,0
PRT,Online TA,0,0,No Deposit,0,Transient,A,0,3,0
PRT,Online TA,0,1,No Deposit,0,Transient,G,1,0,0
FRA,Online TA,0,1,No Deposit,0,Transient,F,0,1,0
PRT,Direct,0,3,No Deposit,0,Transient,C,0,3,0
NLD,Online TA,0,0,No Deposit,0,Transient,F,0,0,1
PRT,Direct,0,0,No Deposit,0,Transient,E,1,4,0
PRT,Offline TA/TO,0,1,No Deposit,0,Transient,A,0,1,0
PRT,Aviation,0,0,No Deposit,0,Transient,A,0,0,0
FRA,Online TA,0,0,No Deposit,0,Transient,E,1,0,0
FRA,Online TA,0,2,No Deposit,0,Transient,D,0,1,0
FRA,Direct,0,1,No Deposit,0,Transient-Party,A,0,1,0
AUT,Corporate,0,0,No Deposit,0,Transient-Party,A,0,0,0
PRT,Online TA,1,1,No Deposit,0,Transient-Party,A,0,0,1
POL,Online TA,0,0,No Deposit,0,Transient,G,0,0,0
POL,Online TA,0,0,No Deposit,0,Transient,D,0,1,1
Others,Online TA,0,0,No Deposit,0,Transient,A,0,0,0
Others,Aviation,0,0,No Deposit,0,Transient,D,0,0,0
PRT,Online TA,0,0,No Deposit,0,Transient,B,0,1,1
NLD,Online TA,0,1,No Deposit,0,Transient,A,0,2,0
RUS,Online TA,0,0,No Deposit,0,Transient,A,0,1,1
DNK,Groups,0,0,No Deposit,0,Transient-Party,A,0,0,0
PRT,Direct,0,0,No Deposit,0,Transient,E,0,0,1
Others,Direct,0,1,No Deposit,0,Transient,A,0,0,0
Others,Groups,0,1,No Deposit,0,Transient-Party,A,0,1,0
NOR,Online TA,0,0,No Deposit,0,Transient,A,0,0,1
Others,Online TA,0,0,No Deposit,0,Transient,E,0,0,1
NLD,Online TA,0,0,No Deposit,0,Transient,D,0,2,1
GBR,Groups,0,2,No Deposit,0,Transient,A,0,0,0
ESP,Online TA,0,0,No Deposit,0,Transient,E,0,0,1
CHE,Online TA,0,0,No Deposit,0,Transient,A,1,1,0
PRT,Direct,1,0,No Deposit,0,Transient-Party,B,0,1,1
USA,Online TA,0,1,No Deposit,0,Transient,A,0,0,1
FRA,Groups,0,0,No Deposit,0,Transient,A,0,2,0
PRT,Offline TA/TO,0,1,No Deposit,0,Transient-Party,A,1,1,0
PRT,Online TA,0,0,No Deposit,0,Transient-Party,D,0,3,0
POL,Direct,0,1,No Deposit,0,Transient,F,0,2,0
ITA,Online TA,0,1,No Deposit,0,Transient,A,0,1,0
Others,Direct,0,0,No Deposit,0,Transient,A,0,1,0
USA,Direct,0,1,No Deposit,0,Transient,A,0,0,0
FRA,Online TA,0,1,No Deposit,0,Transient,D,0,0,1
FIN,Online TA,0,0,No Deposit,0,Transient,A,0,0,0
IRL,Offline TA/TO,0,0,No Deposit,0,Transient,E,0,0,0
GBR,Groups,0,1,No Deposit,0,Transient-Party,A,0,1,0
ITA,Online TA,0,1,No Deposit,0,Transient,A,0,0,1
ESP,Online TA,0,0,No Deposit,0,Transient,G,0,1,1
Others,Groups,0,0,No Deposit,0,Transient,A,0,0,0
GBR,Direct,0,0,No Deposit,0,Transient,F,0,1,0
FRA,Groups,0,1,No Deposit,0,Transient-Party,A,0,0,0
Others,Groups,0,0,No Deposit,0,Transient-Party,A,0,0,0
USA,Direct,0,1,No Deposit,0,Transient,A,1,0,0
POL,Online TA,0,0,No Deposit,0,Transient,D,0,0,1
FRA,Direct,0,2,No Deposit,0,Transient,D,0,2,0
GBR,Direct,0,0,No Deposit,0,Transient-Party,D,0,0,0
PRT,Direct,0,0,No Deposit,0,Transient-Party,F,0,2,0
BEL,Online TA,0,0,No Deposit,0,Transient,C,0,2,0
DEU,Online TA,0,1,No Deposit,0,Transient-Party,B,0,0,0
Others,Online TA,0,0,No Deposit,0,Transient,F,0,0,0
Others,Offline TA/TO,0,0,No Deposit,0,Transient,A,0,2,0
ESP,Online TA,0,0,No Deposit,0,Transient,C,0,1,0
Others,Online TA,0,0,No Deposit,0,Transient,D,0,0,1
Others,Direct,0,0,No Deposit,0,Transient-Party,B,0,1,0
GBR,Direct,0,1,No Deposit,0,Transient-Party,A,0,0,0
PRT,Corporate,0,1,No Deposit,0,Transient,A,1,0,0
GBR,Offline TA/TO,0,1,No Deposit,0,Contract,A,0,0,0
DEU,Offline TA/TO,0,2,No Deposit,0,Transient-Party,A,0,1,0
AUT,Offline TA/TO,0,0,No Deposit,0,Transient,D,0,0,0
ISR,Online TA,0,0,No Deposit,0,Transient,D,0,1,1
Others,Online TA,0,0,No Deposit,0,Transient,A,0,1,0
GBR,Online TA,0,0,No Deposit,0,Transient-Party,A,1,1,0
Others,Online TA,0,3,No Deposit,0,Transient,A,0,0,0
Others,Online TA,0,0,No Deposit,0,Transient,E,0,1,0
GBR,Groups,0,3,No Deposit,0,Transient-Party,A,0,1,0
RUS,Groups,0,0,No Deposit,0,Transient-Party,A,0,0,0
USA,Online TA,0,0,No Deposit,0,Transient,D,0,3,0
BRA,Online TA,0,1,No Deposit,0,Contract,B,1,2,0
GBR,Corporate,0,0,No Deposit,0,Transient-Party,A,0,0,0
GBR,Online TA,0,2,No Deposit,0,Transient,E,0,3,1
SWE,Online TA,0,0,No Deposit,0,Transient,A,0,1,1
PRT,Direct,0,0,No Deposit,0,Transient-Party,G,0,0,1
POL,Online TA,0,0,No Deposit,0,Transient,A,0,0,1
AUT,Online TA,0,1,No Deposit,0,Transient,A,0,2,0
Others,Online TA,0,0,No Deposit,0,Transient,A,0,1,1
Others,Online TA,0,0,No Deposit,0,Transient,D,0,0,1
DEU,Offline TA/TO,0,2,No Deposit,0,Transient,D,0,0,0
Others,Online TA,0,0,No Deposit,0,Transient,A,0,0,1
IRL,Online TA,0,1,No Deposit,0,Transient,A,0,0,1
FRA,Online TA,0,1,No Deposit,0,Transient,D,0,0,0
Others,Online TA,0,0,No Deposit,0,Transient,D,0,2,0
Others,Online TA,0,0,No Deposit,0,Transient,A,0,1,0
GBR,Offline TA/TO,0,3,No Deposit,0,Transient,A,0,0,0
NLD,Online TA,0,0,No Deposit,0,Transient-Party,A,1,1,0
DEU,Direct,0,1,No Deposit,0,Transient,B,0,0,0
Others,Online TA,0,3,No Deposit,0,Transient,A,0,0,0
Others,Online TA,0,0,No Deposit,0,Transient,E,0,2,0
USA,Online TA,0,0,No Deposit,0,Transient-Party,A,0,0,1
PRT,Groups,0,0,Non Refund,60,Transient,A,0,0,1
POL,Offline TA/TO,0,0,No Deposit,0,Transient-Party,D,0,0,0
PRT,Online TA,0,0,No Deposit,0,Transient,D,1,1,0
DEU,Online TA,0,0,No Deposit,0,Transient,E,0,1,1
ITA,Online TA,0,0,No Deposit,0,Transient,E,1,1,0
ITA,Online TA,0,0,No Deposit,0,Transient,G,1,0,0
PRT,Direct,1,0,No Deposit,0,Transient,D,0,0,1
DNK,Online TA,0,0,No Deposit,0,Transient,D,0,1,0
BEL,Online TA,0,0,No Deposit,0,Contract,B,0,1,0
ESP,Online TA,0,1,No Deposit,0,Transient,A,0,0,1
DEU,Online TA,0,1,No Deposit,0,Contract,F,0,0,0
GBR,Online TA,0,1,No Deposit,0,Transient,A,0,1,1
POL,Online TA,0,2,No Deposit,0,Transient,A,0,2,0
PRT,Direct,0,1,No Deposit,0,Transient,E,0,0,1
Others,Online TA,0,0,No Deposit,0,Transient,A,0,0,0
USA,Direct,0,0,No Deposit,0,Transient,A,0,2,0
IRL,Online TA,0,0,No Deposit,0,Transient-Party,A,0,2,1
FRA,Direct,0,0,No Deposit,0,Transient,E,0,1,0
GBR,Online TA,0,0,No Deposit,0,Transient,F,0,2,0
PRT,Offline TA/TO,1,0,Non Refund,39,Transient,A,0,0,1
Others,Online TA,0,1,No Deposit,0,Transient-Party,A,0,1,0
USA,Direct,0,2,No Deposit,0,Transient,A,0,0,1
Others,Offline TA/TO,0,0,No Deposit,0,Transient,A,0,0,0
PRT,Online TA,0,2,No Deposit,0,Contract,A,0,1,0
ESP,Offline TA/TO,0,0,No Deposit,0,Transient,D,1,1,0
NOR,Corporate,0,0,No Deposit,0,Transient,A,0,0,0
IRL,Direct,0,0,No Deposit,0,Transient,A,0,1,1
GBR,Online TA,0,0,No Deposit,0,Transient-Party,E,0,1,0
PRT,Online TA,0,2,No Deposit,0,Transient,C,1,2,0
CN,Offline TA/TO,0,0,No Deposit,0,Transient,D,0,2,0
ISR,Online TA,0,0,No Deposit,0,Transient-Party,D,0,2,0
DEU,Offline TA/TO,0,0,No Deposit,0,Transient,A,0,2,0
DEU,Direct,0,1,No Deposit,0,Transient,D,1,2,0
PRT,Direct,0,0,No Deposit,0,Transient,B,0,0,0
NLD,Online TA,0,1,No Deposit,0,Transient-Party,B,0,0,1
Others,Online TA,0,0,No Deposit,0,Transient,A,1,0,0
BEL,Offline TA/TO,0,1,No Deposit,0,Transient,E,0,0,0
BRA,Online TA,0,0,No Deposit,0,Transient,A,0,3,1
FRA,Online TA,0,0,No Deposit,0,Transient,E,0,1,0
BRA,Offline TA/TO,0,2,No Deposit,0,Transient-Party,A,0,0,0
PRT,Groups,0,0,No Deposit,0,Transient-Party,A,0,1,1
PRT,Direct,1,1,No Deposit,0,Transient,F,0,0,0
GBR,Groups,0,2,No Deposit,0,Transient,C,0,0,0
CHE,Direct,0,0,No Deposit,0,Transient,A,0,0,0
Others,Online TA,0,0,No Deposit,0,Transient,A,0,1,0
GBR,Offline TA/TO,0,2,No Deposit,0,Transient,A,0,2,0
GBR,Online TA,0,0,No Deposit,0,Transient-Party,A,0,1,0
USA,Online TA,0,0,No Deposit,0,Group,G,0,1,0
IRL,Groups,0,0,No Deposit,0,Transient-Party,D,0,1,0
PRT,Offline TA/TO,26,0,Non Refund,0,Transient,A,0,0,1
Others,Online TA,0,0,No Deposit,0,Transient,A,0,1,0
FRA,Online TA,0,0,No Deposit,0,Transient-Party,E,0,2,0
GBR,Groups,0,1,No Deposit,0,Transient-Party,D,1,0,0
PRT,Groups,1,0,Non Refund,40,Transient,A,0,0,1
NOR,Groups,0,0,No Deposit,0,Transient-Party,A,0,0,0
BEL,Offline TA/TO,0,1,No Deposit,0,Group,D,0,2,0
IRL,Groups,0,1,No Deposit,0,Transient-Party,A,0,0,0
GBR,Groups,0,4,No Deposit,0,Transient-Party,D,0,0,0
Others,Online TA,0,0,No Deposit,0,Transient,D,0,1,1
FRA,Online TA,0,0,No Deposit,0,Transient,A,0,4,0
USA,Online TA,0,0,No Deposit,0,Transient,F,0,0,0
PRT,Corporate,0,1,Non Refund,0,Transient,A,0,0,1
GBR,Direct,0,2,No Deposit,0,Transient-Party,D,0,0,0
Others,Online TA,0,0,No Deposit,0,Transient-Party,A,1,0,0
ISR,Groups,0,0,No Deposit,0,Transient,A,0,0,0
GBR,Direct,0,1,No Deposit,0,Transient,E,0,1,0
PRT,Direct,0,1,No Deposit,0,Transient,A,0,1,1
POL,Online TA,0,1,No Deposit,0,Transient,B,0,3,1
ITA,Offline TA/TO,0,0,No Deposit,0,Transient,A,0,1,0
BRA,Direct,0,0,No Deposit,0,Transient,C,1,2,0
DEU,Online TA,0,0,No Deposit,0,Transient,A,0,3,1
ESP,Direct,0,0,No Deposit,0,Transient,F,0,0,0
ESP,Offline TA/TO,0,0,No Deposit,0,Transient,F,1,0,0
FRA,Groups,0,0,No Deposit,38,Transient-Party,A,0,1,0
Others,Online TA,0,0,No Deposit,0,Transient,A,0,0,1
ESP,Direct,0,0,No Deposit,0,Transient,E,0,0,0
Others,Online TA,0,0,No Deposit,0,Transient,A,0,0,1
PRT,Online TA,2,0,No Deposit,0,Transient,A,0,1,1
PRT,Offline TA/TO,0,0,No Deposit,0,Transient-Party,A,1,1,0
DNK,Online TA,0,1,No Deposit,0,Transient,A,0,1,0
GBR,Groups,0,0,No Deposit,0,Transient-Party,D,0,1,0
BRA,Online TA,0,0,No Deposit,0,Transient,E,0,0,0
USA,Direct,0,1,No Deposit,0,Transient,E,1,0,0
CHE,Direct,0,1,No Deposit,0,Transient,C,0,1,0
BRA,Online TA,0,0,No Deposit,0,Transient,F,0,2,0
ISR,Online TA,0,0,No Deposit,0,Transient,A,0,3,1
NLD,Online TA,0,0,No Deposit,0,Transient,A,0,0,0
ESP,Direct,0,0,No Deposit,0,Transient,E,1,0,0
POL,Corporate,0,0,No Deposit,0,Transient-Party,A,0,0,0
BEL,Online TA,0,0,No Deposit,0,Transient,D,0,1,1
IRL,Online TA,0,0,No Deposit,0,Transient,E,0,2,0
PRT,Corporate,2,0,No Deposit,0,Transient,A,0,0,1
ESP,Direct,0,1,No Deposit,0,Transient,A,1,0,0
FRA,Online TA,0,1,No Deposit,0,Transient-Party,A,0,2,0
USA,Online TA,0,0,No Deposit,0,Transient,A,0,2,1
NLD,Online TA,0,0,No Deposit,0,Transient,D,0,2,0
ESP,Online TA,0,0,No Deposit,0,Transient,E,1,1,0
BRA,Offline TA/TO,0,1,No Deposit,0,Transient-Party,A,0,0,0
PRT,Complementary,0,0,No Deposit,0,Transient,D,1,1,0
FRA,Groups,0,2,No Deposit,0,Transient,A,0,0,0
ESP,Online TA,0,2,No Deposit,0,Transient-Party,A,0,1,0
Others,Corporate,0,0,No Deposit,0,Transient,A,0,0,0
Others,Direct,0,1,No Deposit,0,Transient,A,0,0,0
IRL,Online TA,0,2,No Deposit,0,Transient,A,0,1,0
GBR,Direct,0,0,No Deposit,0,Transient,C,0,2,0
ESP,Online TA,0,0,No Deposit,0,Contract,D,0,2,0
DEU,Online TA,0,1,No Deposit,0,Transient,D,0,0,0
IRL,Online TA,0,4,No Deposit,0,Transient,A,0,0,0
DEU,Online TA,0,2,No Deposit,0,Transient,A,0,1,1
FRA,Online TA,0,2,No Deposit,0,Transient,A,0,2,0
Others,Groups,0,0,No Deposit,0,Transient,A,0,1,0
FRA,Online TA,0,0,No Deposit,0,Transient,H,0,1,0
POL,Online TA,0,0,No Deposit,0,Transient,E,0,1,1
FRA,Online TA,0,0,No Deposit,0,Transient,D,1,1,0
GBR,Groups,0,3,No Deposit,0,Transient-Party,D,1,0,0
USA,Offline TA/TO,0,0,No Deposit,0,Transient-Party,E,0,0,0
PRT,Corporate,0,2,No Deposit,0,Transient,A,1,0,0
GBR,Direct,0,0,No Deposit,0,Transient-Party,G,0,2,0
GBR,Groups,0,2,Refundable,0,Transient-Party,A,0,0,0
Others,Direct,0,0,No Deposit,0,Transient,A,0,1,0
ESP,Direct,0,0,No Deposit,0,Transient,A,1,1,0
ISR,Online TA,0,0,No Deposit,0,Transient,A,0,4,0
FRA,Online TA,0,0,No Deposit,0,Transient,G,0,1,0
NLD,Online TA,0,1,No Deposit,0,Transient,D,0,1,0
PRT,Online TA,0,0,No Deposit,0,Transient,G,0,2,1
BEL,Offline TA/TO,0,0,No Deposit,0,Transient-Party,A,0,1,0
PRT,Groups,0,0,No Deposit,0,Transient-Party,G,0,0,1
CHE,Direct,0,0,No Deposit,0,Transient,G,1,0,0
PRT,Direct,0,0,No Deposit,0,Transient,D,1,2,0
SWE,Offline TA/TO,0,0,No Deposit,0,Transient-Party,A,0,1,0
NLD,Direct,0,0,No Deposit,0,Transient,G,0,0,0
DNK,Online TA,0,0,No Deposit,0,Transient,A,0,0,0
PRT,Offline TA/TO,0,0,Non Refund,35,Transient,A,0,0,1
GBR,Groups,0,0,No Deposit,0,Transient-Party,E,0,3,0
PRT,Corporate,0,1,No Deposit,0,Transient-Party,A,0,0,1
USA,Online TA,0,0,No Deposit,0,Transient,A,1,2,0
AUT,Corporate,0,2,No Deposit,0,Transient-Party,E,0,0,0
NLD,Online TA,0,1,No Deposit,0,Transient,D,0,0,0
AUT,Direct,0,0,No Deposit,0,Transient-Party,D,1,0,0
CHE,Direct,0,0,No Deposit,0,Transient,D,0,2,0
USA,Online TA,0,0,No Deposit,0,Transient,D,0,1,1
AUT,Online TA,0,0,No Deposit,0,Transient-Party,D,0,0,0
Others,Online TA,0,1,No Deposit,0,Transient,A,0,0,0
GBR,Online TA,0,1,No Deposit,0,Transient,C,0,0,0
Others,Groups,0,1,No Deposit,0,Transient-Party,A,0,1,0
ESP,Online TA,0,0,No Deposit,0,Transient,E,0,0,0
DEU,Offline TA/TO,0,0,No Deposit,0,Contract,A,0,0,0
ROU,Offline TA/TO,0,1,No Deposit,0,Transient,D,0,0,0
DEU,Online TA,0,1,No Deposit,0,Transient,A,0,2,0
CN,Online TA,0,0,No Deposit,0,Contract,A,0,1,0
PRT,Direct,0,0,No Deposit,0,Transient-Party,A,0,2,1
PRT,Online TA,0,0,No Deposit,0,Contract,F,0,2,0
ESP,Corporate,0,1,No Deposit,0,Transient-Party,A,0,0,0
GBR,Offline TA/TO,0,1,No Deposit,0,Transient,A,0,2,0
PRT,Online TA,0,3,No Deposit,0,Transient,D,1,3,0
ESP,Online TA,0,1,No Deposit,0,Transient,A,0,2,0
PRT,Groups,0,2,Refundable,0,Transient-Party,A,0,0,0
IRL,Online TA,0,0,No Deposit,0,Transient,C,0,2,1
Others,Online TA,0,0,No Deposit,0,Transient,G,0,0,1
DEU,Online TA,0,0,No Deposit,0,Transient,A,1,2,0
PRT,Direct,0,1,No Deposit,0,Transient,D,0,2,0
DEU,Offline TA/TO,0,0,No Deposit,0,Transient-Party,B,0,0,0
BRA,Direct,0,3,No Deposit,0,Transient,E,1,1,0
CHE,Offline TA/TO,0,1,No Deposit,0,Transient,E,0,0,0
NLD,Online TA,0,0,No Deposit,0,Transient-Party,D,0,1,0
PRT,Online TA,0,1,No Deposit,0,Transient,E,0,1,0
Others,Online TA,0,0,No Deposit,0,Transient,A,0,0,1
BRA,Direct,0,0,No Deposit,0,Transient,A,0,0,0
ITA,Online TA,0,3,No Deposit,0,Transient,A,0,2,0
PRT,Offline TA/TO,0,1,No Deposit,0,Contract,A,0,0,1
GBR,Offline TA/TO,0,1,No Deposit,0,Transient,A,0,1,0
GBR,Online TA,0,1,No Deposit,0,Transient,E,0,1,0
AUT,Direct,0,0,No Deposit,0,Transient,A,0,0,0
Others,Online TA,0,0,No Deposit,0,Transient,A,0,0,1
GBR,Groups,0,4,No Deposit,0,Transient-Party,A,0,0,0
CN,Online TA,0,0,No Deposit,0,Transient,G,0,1,0
BEL,Corporate,0,1,No Deposit,0,Transient-Party,A,0,0,0
NLD,Offline TA/TO,0,0,No Deposit,0,Transient,D,0,1,0
BEL,Online TA,0,1,No Deposit,0,Contract,F,0,1,0
CN,Direct,0,0,No Deposit,0,Transient,A,1,0,0
GBR,Online TA,0,0,No Deposit,0,Transient,H,0,0,0
ESP,Corporate,0,1,No Deposit,0,Transient,D,0,1,0
Others,Online TA,0,7,No Deposit,0,Transient,A,0,2,0
RUS,Online TA,0,0,No Deposit,0,Transient,D,0,2,0
ESP,Online TA,0,0,No Deposit,0,Transient,F,0,0,0
Others,Direct,0,0,No Deposit,0,Transient,A,0,1,0
AUT,Online TA,0,0,No Deposit,0,Transient,D,0,0,1
IRL,Direct,0,4,No Deposit,0,Transient,A,0,0,0
Others,Offline TA/TO,0,1,No Deposit,0,Transient-Party,A,0,0,0
ESP,Online TA,0,2,No Deposit,0,Transient,G,0,2,0
NLD,Direct,0,0,No Deposit,0,Transient,D,0,0,0
BRA,Direct,0,0,No Deposit,0,Transient,E,0,0,0
DEU,Online TA,0,0,No Deposit,0,Transient,D,1,1,0
FRA,Online TA,0,0,No Deposit,0,Transient,F,0,3,0
PRT,Offline TA/TO,0,1,No Deposit,0,Transient-Party,A,0,3,0
NLD,Online TA,0,0,No Deposit,0,Transient,A,1,0,0
PRT,Online TA,0,1,No Deposit,0,Transient,D,0,1,0
ITA,Direct,0,1,No Deposit,0,Transient,E,0,0,0
PRT,Complementary,0,0,No Deposit,0,Transient,E,0,3,0
FRA,Online TA,0,0,No Deposit,0,Group,A,0,1,0
CHE,Groups,0,0,No Deposit,0,Contract,A,0,1,0
GBR,Direct,0,3,No Deposit,0,Transient,F,0,0,0
PRT,Groups,0,1,No Deposit,0,Transient-Party,D,0,1,0
PRT,Online TA,0,0,No Deposit,0,Transient,E,1,1,0
PRT,Corporate,0,0,No Deposit,0,Contract,A,0,1,0
DEU,Online TA,0,2,No Deposit,0,Transient,A,0,0,0
Others,Groups,0,1,No Deposit,0,Transient-Party,A,0,0,0
CHE,Offline TA/TO,0,0,No Deposit,0,Transient,A,0,1,0
Others,Online TA,0,0,No Deposit,0,Transient,F,0,0,1
BRA,Online TA,0,1,No Deposit,0,Transient,D,0,1,1
CHN,Offline TA/TO,0,0,No Deposit,0,Transient,A,0,1,0
PRT,Online TA,0,1,No Deposit,0,Transient,F,0,3,0
AUT,Online TA,0,1,No Deposit,0,Transient,F,0,4,0
GBR,Direct,0,1,No Deposit,0,Transient,D,0,0,0
ESP,Online TA,0,1,No Deposit,0,Transient,A,0,2,1
Others,Online TA,0,0,No Deposit,0,Transient,D,0,1,0
Others,Online TA,0,0,No Deposit,0,Transient,D,0,0,1
PRT,Online TA,0,0,No Deposit,0,Transient-Party,D,0,0,1
GBR,Direct,0,0,No Deposit,0,Transient,D,0,1,0
BRA,Online TA,0,2,No Deposit,0,Transient-Party,E,0,0,1
GBR,Groups,0,2,No Deposit,0,Transient-Party,A,1,0,0
DEU,Direct,0,0,No Deposit,0,Transient,E,0,0,0
Others,Online TA,0,0,No Deposit,0,Transient,D,0,1,1
ESP,Offline TA/TO,0,0,No Deposit,0,Transient,A,1,2,0
AUT,Groups,0,1,No Deposit,0,Transient-Party,E,0,0,0
DEU,Online TA,0,3,No Deposit,0,Transient-Party,A,0,2,1
FRA,Online TA,0,3,No Deposit,0,Transient,D,0,2,0
Others,Online TA,0,1,No Deposit,0,Transient,A,0,0,1
FRA,Online TA,0,1,No Deposit,0,Transient-Party,A,0,1,0
PRT,Corporate,1,0,No Deposit,0,Transient-Party,D,0,0,1
FRA,Online TA,0,4,No Deposit,0,Transient,A,0,0,1
PRT,Online TA,1,0,No Deposit,0,Transient,A,0,3,1
ESP,Groups,0,0,No Deposit,47,Transient-Party,A,0,0,0
BRA,Online TA,0,1,No Deposit,0,Transient-Party,E,0,1,0
Others,Online TA,0,0,No Deposit,0,Transient,A,0,1,0
CHE,Offline TA/TO,0,0,No Deposit,0,Group,D,0,0,0
PRT,Direct,0,4,No Deposit,0,Transient,E,1,4,0
ESP,Online TA,0,2,No Deposit,0,Transient,D,0,2,1
PRT,Online TA,0,1,No Deposit,0,Transient,D,1,2,0
GBR,Online TA,0,6,No Deposit,0,Transient,A,0,2,1
POL,Offline TA/TO,0,0,No Deposit,0,Transient,E,1,1,0
BEL,Online TA,0,0,No Deposit,0,Transient,F,0,1,0
GBR,Online TA,0,2,No Deposit,0,Transient,A,0,3,0
GBR,Direct,0,1,No Deposit,0,Transient,F,0,1,0
ESP,Online TA,0,0,No Deposit,0,Transient,H,1,1,0
CHN,Offline TA/TO,0,0,No Deposit,0,Transient-Party,A,0,0,0
GBR,Online TA,0,2,No Deposit,0,Transient,A,0,1,1
DEU,Offline TA/TO,0,1,No Deposit,0,Transient,A,0,1,0
DEU,Groups,0,1,No Deposit,0,Transient,A,0,0,0
DEU,Online TA,0,0,No Deposit,0,Transient,A,0,4,0
Others,Offline TA/TO,0,0,No Deposit,0,Transient,A,0,0,0
DEU,Online TA,0,0,No Deposit,0,Transient,C,1,1,0
Others,Online TA,0,0,No Deposit,0,Transient,D,0,1,1
PRT,Offline TA/TO,0,0,No Deposit,0,Transient,E,1,0,0
Others,Groups,0,0,No Deposit,0,Transient-Party,A,0,0,0
NLD,Direct,0,1,No Deposit,0,Transient,E,1,0,0
GBR,Online TA,0,0,No Deposit,0,Transient,D,0,4,0
PRT,Direct,0,0,No Deposit,0,Transient,A,1,1,0
BEL,Groups,14,0,Non Refund,0,Transient,A,0,0,1
IRL,Direct,0,0,No Deposit,0,Transient,E,0,2,0
GBR,Offline TA/TO,0,1,No Deposit,0,Contract,A,0,2,0
CHN,Corporate,0,2,No Deposit,0,Transient-Party,A,0,0,0
Others,Offline TA/TO,0,0,No Deposit,0,Transient-Party,A,0,0,0
GBR,Online TA,0,1,No Deposit,0,Transient,D,0,0,0
NLD,Online TA,0,1,No Deposit,0,Transient-Party,A,0,1,0
CHN,Online TA,0,0,No Deposit,0,Transient,D,0,1,0
PRT,Groups,0,2,No Deposit,28,Transient-Party,A,0,0,0
ESP,Groups,0,1,No Deposit,0,Transient,A,0,1,0
GBR,Offline TA/TO,0,0,No Deposit,0,Contract,D,0,2,0
FRA,Online TA,0,2,No Deposit,0,Transient,B,0,0,0
NOR,Groups,0,0,No Deposit,0,Transient,A,0,0,0
PRT,Complementary,0,0,No Deposit,0,Transient,E,0,0,0
ITA,Online TA,0,0,No Deposit,0,Transient,D,1,0,0
GBR,Groups,0,1,No Deposit,0,Transient,D,0,0,0
Others,Online TA,0,0,No Deposit,0,Transient,A,0,0,0
PRT,Complementary,0,0,No Deposit,0,Transient,F,1,2,0
ESP,Direct,0,1,No Deposit,0,Transient,H,0,0,0
PRT,Offline TA/TO,0,1,No Deposit,0,Group,A,0,1,0
Others,Direct,0,2,No Deposit,0,Transient-Party,B,0,2,0
Others,Online TA,0,0,No Deposit,0,Transient,F,0,1,0
PRT,Direct,0,1,No Deposit,0,Transient,A,1,0,0
ESP,Direct,0,0,No Deposit,0,Transient,D,1,0,0
PRT,Online TA,0,1,No Deposit,0,Transient,A,1,0,0
GBR,Direct,0,0,No Deposit,0,Transient,E,0,0,0
DNK,Direct,0,0,No Deposit,0,Transient,D,0,2,0
CHN,Groups,0,0,No Deposit,34,Transient-Party,E,0,0,0
BRA,Direct,0,0,No Deposit,0,Transient,G,1,0,0
NOR,Online TA,0,0,No Deposit,0,Transient-Party,A,0,0,0
GBR,Direct,0,1,No Deposit,0,Transient-Party,C,0,1,1
IRL,Online TA,0,0,No Deposit,0,Transient,A,1,3,0
IRL,Groups,0,0,No Deposit,0,Transient-Party,A,0,1,0
AUT,Offline TA/TO,0,0,No Deposit,0,Transient,A,0,2,0
USA,Online TA,0,0,No Deposit,0,Transient,F,0,3,1
PRT,Corporate,0,1,No Deposit,0,Transient-Party,A,0,1,0
ESP,Offline TA/TO,0,1,No Deposit,0,Transient,D,0,2,0
ROU,Offline TA/TO,0,0,No Deposit,0,Transient,D,0,1,0
GBR,Online TA,0,2,No Deposit,0,Transient,E,0,2,0
Others,Offline TA/TO,0,0,No Deposit,0,Contract,E,0,1,0
FRA,Direct,0,0,No Deposit,0,Transient,D,1,1,0
PRT,Groups,1,0,Non Refund,0,Transient,D,0,0,1
DNK,Online TA,0,0,No Deposit,0,Transient-Party,D,0,0,0
PRT,Direct,0,3,No Deposit,0,Transient,E,1,3,0
FRA,Online TA,0,2,No Deposit,0,Transient,F,0,0,1
GBR,Direct,0,0,No Deposit,0,Transient,D,0,0,1
PRT,Corporate,3,0,No Deposit,0,Transient,A,0,0,1
FRA,Offline TA/TO,0,0,No Deposit,0,Transient,D,0,2,0
GBR,Online TA,0,0,No Deposit,0,Transient,H,0,0,1
CHN,Groups,0,0,No Deposit,0,Transient-Party,E,0,0,0
USA,Offline TA/TO,0,0,No Deposit,0,Transient,A,0,0,0
FRA,Online TA,0,0,No Deposit,0,Transient,F,0,1,0
PRT,Groups,0,0,No Deposit,6,Transient-Party,A,1,0,0
CHE,Direct,0,1,No Deposit,0,Transient,A,0,2,0
Others,Offline TA/TO,0,0,No Deposit,0,Transient-Party,A,0,0,0
BEL,Online TA,0,0,No Deposit,0,Transient,E,0,2,0
PRT,Online TA,0,0,No Deposit,0,Transient,A,0,4,1
Others,Online TA,0,0,No Deposit,0,Transient,A,0,2,0
PRT,Online TA,0,4,No Deposit,0,Transient,A,1,2,0
FRA,Online TA,0,0,No Deposit,0,Transient,E,0,3,0
SWE,Online TA,0,1,No Deposit,0,Transient,F,0,0,0
PRT,Groups,0,1,No Deposit,0,Transient-Party,A,0,2,0
PRT,Complementary,0,0,No Deposit,0,Transient,C,0,0,0
IRL,Direct,0,0,No Deposit,0,Transient,A,0,3,0
CN,Online TA,0,0,No Deposit,0,Transient,D,0,0,0
CHN,Online TA,0,0,No Deposit,0,Transient,D,0,0,0
GBR,Groups,0,0,No Deposit,0,Transient-Party,D,0,0,0
PRT,Offline TA/TO,0,0,No Deposit,0,Contract,D,0,1,1
DEU,Online TA,0,1,No Deposit,0,Transient,D,0,2,0
Others,Groups,0,1,No Deposit,0,Transient-Party,A,0,1,0
ESP,Offline TA/TO,0,0,No Deposit,0,Group,A,0,0,0
PRT,Corporate,0,1,No Deposit,0,Transient-Party,E,0,1,0
Others,Online TA,0,0,No Deposit,0,Transient,A,0,4,1
FRA,Online TA,0,2,No Deposit,0,Transient,A,0,1,1
ESP,Online TA,0,0,No Deposit,0,Transient,H,1,0,0
PRT,Direct,0,2,No Deposit,0,Transient,D,0,0,0
PRT,Offline TA/TO,0,1,No Deposit,0,Transient,E,0,1,1
Others,Direct,0,0,No Deposit,0,Transient,A,0,1,0
PRT,Online TA,0,0,No Deposit,0,Contract,F,0,1,0
PRT,Offline TA/TO,0,0,No Deposit,0,Contract,A,0,1,1
ISR,Groups,0,0,No Deposit,0,Transient,A,0,1,0
PRT,Offline TA/TO,0,0,Non Refund,34,Transient,A,0,0,1
BRA,Corporate,0,0,No Deposit,0,Transient,A,0,1,0
FRA,Direct,0,1,No Deposit,0,Transient,A,0,3,0
PRT,Corporate,1,0,No Deposit,0,Transient,E,0,0,0
NLD,Offline TA/TO,0,0,No Deposit,0,Group,A,0,0,0
FRA,Online TA,0,0,No Deposit,0,Transient,A,1,2,0
Others,Online TA,0,0,No Deposit,0,Transient,A,0,0,1
FRA,Online TA,0,0,No Deposit,0,Transient-Party,E,0,1,0
NLD,Corporate,0,1,No Deposit,0,Transient,A,0,0,0
PRT,Online TA,0,1,No Deposit,0,Transient,A,0,3,0
SWE,Direct,0,1,No Deposit,0,Transient,B,0,0,1
NLD,Online TA,0,1,No Deposit,0,Transient,B,0,2,1
Others,Online TA,0,0,No Deposit,0,Transient,A,0,0,0
BRA,Online TA,0,0,No Deposit,0,Transient,F,0,0,0
CHE,Online TA,0,0,No Deposit,0,Transient-Party,A,0,1,0
USA,Direct,0,0,No Deposit,0,Transient,D,0,0,0
ESP,Direct,0,0,No Deposit,0,Transient-Party,A,0,0,0
IRL,Online TA,0,0,No Deposit,0,Transient,E,0,1,1
GBR,Online TA,0,2,No Deposit,0,Transient-Party,A,0,0,0
FRA,Online TA,0,0,No Deposit,0,Transient,E,0,1,1
PRT,Direct,0,1,No Deposit,0,Transient-Party,E,1,0,0
DEU,Online TA,0,0,No Deposit,0,Transient,A,1,1,0
IRL,Offline TA/TO,0,1,No Deposit,0,Contract,A,0,0,0
Others,Groups,0,1,No Deposit,0,Transient-Party,A,0,0,0
USA,Online TA,0,0,No Deposit,0,Transient,A,0,3,1
POL,Online TA,0,0,No Deposit,0,Transient,D,0,0,0
CHE,Online TA,0,0,No Deposit,0,Transient,F,0,1,0
ITA,Offline TA/TO,0,0,No Deposit,0,Transient-Party,A,0,2,0
GBR,Online TA,0,1,No Deposit,0,Transient,D,0,1,1
USA,Direct,0,0,No Deposit,0,Transient,F,0,0,0
GBR,Corporate,0,0,No Deposit,0,Transient,A,0,3,0
Others,Online TA,0,2,No Deposit,0,Transient,A,0,2,0
USA,Groups,0,2,No Deposit,0,Transient-Party,D,0,2,0
GBR,Offline TA/TO,0,1,No Deposit,0,Transient,B,0,0,0
ROU,Direct,0,1,No Deposit,0,Transient,F,0,0,0
FRA,Online TA,0,0,No Deposit,0,Transient,G,0,1,1
CHE,Online TA,0,1,No Deposit,0,Transient,D,0,0,1
Others,Online TA,0,0,No Deposit,0,Transient,A,0,3,0
CHE,Online TA,0,0,No Deposit,0,Transient,D,0,0,1
CHN,Online TA,0,0,No Deposit,0,Transient-Party,D,0,1,0
PRT,Direct,0,0,No Deposit,0,Transient,C,0,1,1
GBR,Online TA,0,3,No Deposit,0,Transient,E,0,2,1
PRT,Online TA,0,1,No Deposit,0,Contract,A,0,2,1
PRT,Direct,0,1,No Deposit,0,Transient,C,0,0,1
ITA,Offline TA/TO,0,0,No Deposit,44,Transient-Party,A,0,1,0
FRA,Online TA,0,0,No Deposit,0,Contract,A,0,3,0
FRA,Direct,0,0,No Deposit,0,Transient-Party,A,0,0,0
Others,Online TA,0,0,No Deposit,0,Contract,A,0,1,0
POL,Online TA,0,0,No Deposit,0,Transient-Party,D,0,1,0
DEU,Online TA,0,0,No Deposit,0,Transient,G,0,0,1
Others,Direct,0,0,No Deposit,0,Transient,A,0,0,0
IRL,Offline TA/TO,0,0,No Deposit,0,Contract,A,0,0,0
PRT,Online TA,0,0,No Deposit,0,Contract,A,0,1,1
GBR,Groups,0,3,No Deposit,0,Transient-Party,A,1,0,0
PRT,Offline TA/TO,1,0,No Deposit,0,Transient,C,0,0,1
PRT,Online TA,0,1,No Deposit,0,Transient-Party,B,0,0,1
Others,Online TA,0,0,No Deposit,0,Transient,D,0,1,1
Others,Offline TA/TO,0,1,No Deposit,0,Transient,A,0,1,0
BEL,Offline TA/TO,0,0,No Deposit,0,Group,D,0,0,0
CN,Online TA,0,5,No Deposit,0,Transient,D,0,0,0
DNK,Direct,0,0,No Deposit,0,Transient,D,0,1,0
PRT,Direct,1,1,No Deposit,0,Transient,E,1,4,0
NLD,Offline TA/TO,0,0,No Deposit,0,Transient,E,0,0,0
POL,Offline TA/TO,0,1,No Deposit,0,Transient,E,0,0,0
Others,Offline TA/TO,0,0,No Deposit,0,Transient,D,0,0,0
DEU,Offline TA/TO,0,0,No Deposit,0,Contract,E,0,0,0
GBR,Offline TA/TO,0,0,No Deposit,0,Contract,E,0,1,0
GBR,Direct,0,1,No Deposit,0,Transient,F,0,2,0
Others,Online TA,0,0,No Deposit,0,Transient,C,0,1,1
AUT,Online TA,0,0,No Deposit,0,Transient,E,0,2,1
BEL,Online TA,0,0,No Deposit,0,Transient,D,0,2,1
ESP,Direct,0,1,No Deposit,0,Transient,D,0,1,0
Others,Online TA,0,0,No Deposit,0,Transient,D,0,1,0
ITA,Groups,0,3,No Deposit,0,Transient-Party,A,0,0,0
Others,Direct,0,4,No Deposit,0,Group,A,0,0,0
CN,Offline TA/TO,0,0,No Deposit,0,Transient,D,0,3,0
ESP,Offline TA/TO,0,0,No Deposit,33,Transient-Party,A,0,0,0
Others,Online TA,0,0,No Deposit,0,Transient,D,0,1,0
NLD,Online TA,0,0,No Deposit,0,Transient,E,0,3,0
NLD,Online TA,0,1,No Deposit,0,Transient,E,0,2,0
PRT,Online TA,1,1,No Deposit,0,Transient,A,0,1,1
ESP,Direct,0,0,No Deposit,0,Transient,D,1,2,0
ESP,Direct,0,2,No Deposit,0,Transient-Party,A,1,0,0
PRT,Groups,0,0,Non Refund,20,Transient,A,0,0,1
PRT,Direct,0,1,No Deposit,0,Transient,C,0,1,1
BRA,Online TA,0,2,No Deposit,0,Transient,E,0,3,0
GBR,Online TA,0,1,No Deposit,0,Transient,H,0,1,0
NLD,Online TA,0,2,No Deposit,0,Transient,E,0,1,0
NLD,Online TA,0,0,No Deposit,0,Transient,F,1,1,0
RUS,Online TA,0,0,No Deposit,0,Transient,G,1,0,0
PRT,Offline TA/TO,0,1,No Deposit,1,Transient,E,1,0,0
PRT,Complementary,0,0,No Deposit,0,Transient,D,0,0,0
ROU,Online TA,0,0,No Deposit,0,Transient,G,0,0,0
DEU,Online TA,0,0,No Deposit,0,Transient,G,0,0,0
CHE,Online TA,0,0,No Deposit,0,Transient-Party,D,0,0,0
CHE,Online TA,0,1,No Deposit,0,Transient,D,0,0,0
FRA,Direct,0,1,No Deposit,0,Transient,A,0,2,0
PRT,Aviation,0,0,No Deposit,0,Transient,D,0,0,1
ESP,Direct,0,3,No Deposit,0,Transient-Party,A,1,1,0
BEL,Online TA,0,0,No Deposit,0,Transient,F,0,1,1
AUT,Online TA,0,0,No Deposit,0,Transient,F,0,2,1
DEU,Online TA,0,0,No Deposit,0,Contract,A,0,3,0
BEL,Online TA,0,0,No Deposit,0,Transient,D,0,4,0
BRA,Online TA,0,1,No Deposit,0,Transient,C,0,0,0
PRT,Online TA,11,0,No Deposit,0,Transient,A,0,0,0
CHE,Online TA,0,0,No Deposit,0,Contract,F,0,1,0
IRL,Online TA,0,0,No Deposit,0,Transient,D,0,3,1
Others,Offline TA/TO,0,1,No Deposit,0,Transient-Party,A,0,0,0
BRA,Online TA,0,0,No Deposit,0,Transient,B,0,2,0
RUS,Online TA,0,0,No Deposit,0,Transient,A,0,2,1
ESP,Online TA,0,0,No Deposit,0,Transient,G,0,0,0
Others,Online TA,0,0,No Deposit,0,Transient,A,0,1,0
PRT,Online TA,0,1,No Deposit,0,Transient-Party,D,0,3,0
FIN,Online TA,0,0,No Deposit,0,Transient,D,0,0,0
BEL,Direct,0,1,No Deposit,0,Transient,A,0,0,0
Others,Online TA,0,0,No Deposit,0,Transient,A,0,0,0
PRT,Offline TA/TO,0,0,No Deposit,0,Transient,C,0,0,1
Others,Online TA,0,0,No Deposit,0,Transient,F,0,0,1
Others,Online TA,0,2,No Deposit,0,Transient,A,0,1,1
GBR,Groups,2,0,No Deposit,0,Transient-Party,E,0,0,1
FRA,Direct,0,0,No Deposit,0,Transient,F,0,0,0
ITA,Online TA,0,1,No Deposit,0,Transient,E,0,1,0
BEL,Online TA,0,0,No Deposit,0,Transient,E,0,1,1
AUT,Offline TA/TO,0,1,No Deposit,0,Transient-Party,A,0,0,0
IRL,Online TA,0,1,No Deposit,0,Transient,A,0,1,0
GBR,Groups,0,1,No Deposit,0,Transient-Party,A,1,0,0
CHE,Online TA,0,0,No Deposit,0,Transient,A,0,3,0
ISR,Online TA,0,0,No Deposit,0,Transient,D,1,2,0
USA,Groups,0,0,No Deposit,0,Transient-Party,A,0,1,0
Others,Online TA,0,0,No Deposit,0,Contract,A,0,1,0
PRT,Direct,0,2,No Deposit,0,Transient-Party,D,1,0,0
PRT,Direct,0,2,No Deposit,0,Transient,A,0,2,0
CHN,Online TA,0,3,No Deposit,0,Transient,A,0,2,1
ESP,Online TA,0,3,No Deposit,0,Transient-Party,D,1,2,0
PRT,Corporate,0,0,No Deposit,0,Group,A,1,0,0
BRA,Offline TA/TO,0,0,No Deposit,0,Transient,A,0,1,0
USA,Online TA,0,0,No Deposit,0,Transient,D,0,3,1
ISR,Online TA,0,1,No Deposit,0,Transient-Party,A,0,0,0
ESP,Online TA,0,1,No Deposit,0,Transient,F,1,2,0
SWE,Online TA,0,0,No Deposit,0,Transient-Party,D,0,2,0
PRT,Corporate,1,0,No Deposit,0,Transient,D,0,0,0
Others,Online TA,0,0,No Deposit,0,Transient,A,1,1,0
FRA,Groups,0,0,No Deposit,0,Transient,A,0,0,0
DEU,Offline TA/TO,0,0,No Deposit,0,Transient,E,0,1,0
FRA,Direct,0,0,No Deposit,0,Transient,A,0,2,0
AUT,Online TA,0,0,No Deposit,0,Transient,F,0,0,1
DEU,Online TA,0,0,No Deposit,0,Transient,E,1,2,0
Others,Online TA,0,0,No Deposit,0,Transient,A,0,1,0
BRA,Online TA,0,0,No Deposit,0,Transient,D,0,3,1
Others,Offline TA/TO,0,0,No Deposit,0,Transient-Party,A,0,1,0
PRT,Direct,0,2,No Deposit,0,Transient,D,1,2,0
RUS,Direct,0,1,No Deposit,0,Transient,D,0,1,0
FRA,Online TA,0,0,No Deposit,0,Transient,B,0,2,0
FIN,Direct,0,1,No Deposit,0,Transient-Party,D,0,0,0
SWE,Corporate,0,0,No Deposit,0,Transient-Party,A,0,0,0
GBR,Online TA,0,4,No Deposit,0,Transient,D,0,2,0
BRA,Online TA,0,1,No Deposit,0,Transient,D,0,0,1
Others,Online TA,0,0,No Deposit,0,Transient,A,0,2,1
AUT,Online TA,0,0,No Deposit,0,Transient,A,0,2,0
ESP,Direct,0,0,No Deposit,0,Transient,A,0,2,0
ESP,Online TA,0,0,No Deposit,0,Transient-Party,E,0,0,0
Others,Online TA,0,2,No Deposit,0,Transient,A,0,2,0
PRT,Groups,0,0,No Deposit,0,Transient-Party,E,0,1,0
DEU,Online TA,0,0,No Deposit,0,Transient,B,0,1,0
NOR,Online TA,0,0,No Deposit,0,Transient,E,0,2,0
PRT,Direct,0,0,No Deposit,0,Transient,F,1,0,0
POL,Offline TA/TO,0,0,No Deposit,0,Contract,A,0,0,0
USA,Online TA,0,0,No Deposit,0,Transient,D,0,0,1
Others,Online TA,0,0,No Deposit,0,Transient,A,0,1,0
PRT,Offline TA/TO,0,1,No Deposit,4,Transient-Party,A,0,0,0
PRT,Groups,0,2,No Deposit,0,Transient-Party,A,0,1,0
BRA,Direct,0,0,No Deposit,0,Transient,A,0,1,0
PRT,Groups,1,0,Non Refund,41,Transient,A,0,0,1
USA,Direct,0,0,No Deposit,0,Transient,A,0,1,0
RUS,Online TA,0,0,No Deposit,0,Transient,G,0,1,0
IRL,Online TA,0,2,No Deposit,0,Transient,A,0,2,1
PRT,Direct,0,1,No Deposit,0,Transient,A,0,2,0
ISR,Groups,0,0,No Deposit,0,Transient-Party,A,0,0,0
Others,Online TA,0,0,No Deposit,0,Transient,D,0,0,1
PRT,Online TA,0,1,No Deposit,0,Transient-Party,D,0,0,0
Others,Online TA,0,0,No Deposit,0,Transient,A,0,2,1
BEL,Online TA,0,0,No Deposit,0,Transient,D,0,0,0
DEU,Direct,0,0,No Deposit,0,Transient,D,1,1,0
CHE,Online TA,0,0,No Deposit,0,Transient,E,1,0,0
NOR,Online TA,0,1,No Deposit,0,Transient,E,0,3,0
FRA,Online TA,0,0,No Deposit,0,Transient,E,0,3,1
NLD,Offline TA/TO,0,2,No Deposit,0,Transient,D,0,0,0
GBR,Direct,0,1,No Deposit,0,Transient,F,1,0,0
ESP,Online TA,0,0,No Deposit,0,Transient,D,1,0,0
GBR,Online TA,0,0,No Deposit,0,Transient-Party,B,0,0,0
GBR,Complementary,0,4,No Deposit,0,Transient-Party,A,0,1,0
AUT,Offline TA/TO,0,0,No Deposit,0,Transient-Party,A,0,1,0
DEU,Online TA,0,1,No Deposit,0,Transient,D,1,2,0
GBR,Offline TA/TO,0,1,No Deposit,0,Contract,D,0,0,0
FRA,Online TA,0,0,No Deposit,0,Transient,E,0,2,1
GBR,Online TA,0,0,No Deposit,0,Transient,H,0,1,1
PRT,Corporate,0,1,No Deposit,0,Transient,E,0,0,0
FIN,Online TA,0,2,No Deposit,0,Transient,D,0,2,0
FIN,Direct,0,0,No Deposit,0,Transient,A,0,1,0
PRT,Complementary,0,1,No Deposit,0,Transient,F,1,4,0
PRT,Direct,0,0,No Deposit,0,Transient,G,0,0,0
IRL,Online TA,0,0,No Deposit,0,Transient-Party,A,0,2,0
Others,Online TA,0,2,No Deposit,0,Transient,D,0,1,0
DNK,Online TA,0,1,No Deposit,0,Transient,E,0,1,0
NLD,Online TA,0,0,No Deposit,0,Transient,G,0,1,0
PRT,Offline TA/TO,0,0,No Deposit,0,Group,A,0,0,1
ITA,Online TA,0,2,No Deposit,0,Transient,D,0,0,1
NOR,Online TA,0,0,No Deposit,0,Transient,E,0,1,0
GBR,Online TA,0,1,No Deposit,0,Transient,G,0,1,0
DEU,Online TA,0,2,No Deposit,0,Transient,E,0,2,0
ESP,Online TA,0,0,No Deposit,0,Contract,A,0,0,0
PRT,Direct,0,0,No Deposit,0,Transient,F,0,1,1
POL,Direct,0,0,No Deposit,0,Transient,A,0,0,0
FRA,Corporate,0,1,No Deposit,0,Transient,A,0,0,0
DEU,Direct,0,1,No Deposit,0,Transient,A,0,1,0
AUT,Online TA,0,0,No Deposit,0,Transient,A,0,1,1
PRT,Corporate,2,0,No Deposit,0,Transient,A,0,0,0
ESP,Direct,0,1,No Deposit,0,Transient,G,0,1,0
ROU,Offline TA/TO,0,0,No Deposit,0,Transient-Party,E,0,0,0
USA,Online TA,0,1,No Deposit,0,Transient-Party,D,0,3,0
USA,Online TA,0,0,No Deposit,0,Transient,B,0,0,1
ESP,Direct,0,3,No Deposit,0,Transient,F,1,0,0
ESP,Online TA,0,1,No Deposit,0,Transient,A,0,1,1
NLD,Online TA,0,0,No Deposit,0,Transient-Party,A,0,2,0
POL,Online TA,0,1,No Deposit,0,Transient,A,0,0,0
USA,Online TA,0,0,No Deposit,0,Transient,D,0,2,1
RUS,Online TA,0,0,No Deposit,0,Transient,E,0,0,0
USA,Online TA,0,0,No Deposit,0,Transient,E,0,2,0
IRL,Online TA,0,1,No Deposit,0,Transient,A,0,0,0
PRT,Groups,0,0,No Deposit,0,Transient-Party,A,0,2,1
NLD,Direct,0,0,No Deposit,0,Transient,C,1,0,0
Others,Online TA,0,0,No Deposit,0,Contract,D,0,0,0
IRL,Online TA,0,0,No Deposit,0,Transient,E,0,2,1
PRT,Online TA,0,2,No Deposit,0,Transient,G,0,1,1
IRL,Offline TA/TO,0,0,No Deposit,0,Transient,D,0,3,0
GBR,Groups,0,0,No Deposit,0,Transient-Party,E,0,0,1
PRT,Aviation,0,0,No Deposit,0,Transient,A,0,2,0
NOR,Direct,0,2,No Deposit,0,Transient,A,0,0,0
Others,Online TA,0,0,No Deposit,0,Transient,A,0,1,0
PRT,Groups,0,0,No Deposit,0,Transient-Party,E,0,0,1
IRL,Offline TA/TO,0,1,No Deposit,0,Transient,A,0,2,0
PRT,Offline TA/TO,0,0,Non Refund,55,Transient,A,0,0,1
FIN,Online TA,0,1,No Deposit,0,Transient,A,0,1,0
PRT,Direct,0,4,No Deposit,0,Transient,C,0,0,1
FRA,Offline TA/TO,0,1,No Deposit,0,Transient-Party,A,0,1,0
Others,Online TA,0,0,No Deposit,0,Transient,A,0,1,1
CHE,Online TA,0,0,No Deposit,0,Transient,D,1,2,0
USA,Direct,0,2,No Deposit,0,Transient,A,0,0,0
USA,Online TA,0,1,No Deposit,0,Transient,B,0,1,0
Others,Online TA,0,0,No Deposit,0,Transient,A,0,1,0
PRT,Online TA,0,0,No Deposit,0,Transient,B,0,1,0
ESP,Offline TA/TO,0,0,No Deposit,0,Transient-Party,A,0,2,0
Others,Online TA,0,0,No Deposit,0,Transient-Party,D,0,1,0
FRA,Online TA,0,0,No Deposit,0,Transient-Party,D,0,1,0
BEL,Online TA,0,0,No Deposit,0,Transient,E,0,3,0
PRT,Aviation,1,0,No Deposit,0,Transient,A,0,0,1
GBR,Complementary,0,0,No Deposit,0,Transient,D,0,2,0
BRA,Online TA,0,3,No Deposit,0,Transient,D,0,2,0
ESP,Groups,0,0,No Deposit,0,Transient-Party,A,0,1,0
ESP,Aviation,0,0,No Deposit,0,Transient,A,0,2,0
ESP,Offline TA/TO,0,0,No Deposit,0,Transient,C,0,0,0
CN,Online TA,0,2,No Deposit,0,Transient,D,0,2,0
FRA,Online TA,0,3,No Deposit,0,Transient,A,0,1,0
CHE,Online TA,0,0,No Deposit,0,Transient,F,0,2,0
DEU,Direct,0,0,No Deposit,0,Transient,D,0,0,0
DEU,Offline TA/TO,0,0,No Deposit,0,Transient-Party,D,0,2,0
DNK,Online TA,0,2,No Deposit,0,Transient,A,0,2,1
PRT,Online TA,0,1,No Deposit,0,Transient,D,0,3,0
ITA,Direct,0,2,No Deposit,0,Transient-Party,D,0,1,0
DEU,Direct,0,0,No Deposit,0,Transient-Party,A,0,1,0
ESP,Direct,0,2,No Deposit,0,Transient,A,1,0,0
ISR,Online TA,0,0,No Deposit,0,Transient,F,0,0,0
DEU,Online TA,0,0,No Deposit,0,Contract,D,0,2,0
Others,Direct,0,0,No Deposit,0,Transient,D,0,0,1
CHN,Online TA,0,1,No Deposit,0,Transient-Party,A,0,1,0
DEU,Direct,0,0,No Deposit,0,Transient,A,0,2,0
BEL,Direct,0,1,No Deposit,0,Transient,C,0,0,1
FIN,Direct,0,0,No Deposit,0,Transient,E,1,1,0
PRT,Groups,0,1,No Deposit,0,Transient,A,1,0,0
GBR,Offline TA/TO,0,0,No Deposit,0,Transient,A,0,2,0
ESP,Offline TA/TO,0,1,No Deposit,0,Transient,D,0,1,0
Others,Direct,0,1,No Deposit,0,Transient,E,0,0,0
DEU,Online TA,0,1,No Deposit,0,Transient,D,1,1,0
Others,Online TA,0,0,No Deposit,0,Transient,D,0,1,1
PRT,Online TA,0,0,No Deposit,0,Contract,A,0,0,1
PRT,Complementary,4,0,No Deposit,0,Transient,A,0,1,0
ISR,Online TA,0,0,No Deposit,0,Transient-Party,D,0,3,0
ESP,Offline TA/TO,0,0,No Deposit,56,Transient-Party,A,0,0,0
SWE,Online TA,0,0,No Deposit,0,Transient,D,0,2,1
GBR,Online TA,0,1,No Deposit,0,Transient,H,0,0,1
PRT,Direct,0,2,No Deposit,0,Transient,A,0,1,0
Others,Direct,0,1,No Deposit,0,Transient,D,0,0,0
PRT,Online TA,1,0,No Deposit,0,Transient,A,0,4,0
PRT,Online TA,0,0,No Deposit,0,Group,F,0,2,0
PRT,Direct,0,1,No Deposit,0,Transient,H,1,0,0
BEL,Online TA,0,2,No Deposit,0,Transient-Party,A,0,1,1
Others,Online TA,0,0,No Deposit,0,Transient-Party,A,0,0,0
DNK,Online TA,0,0,No Deposit,0,Transient,D,1,1,0
IRL,Online TA,0,0,No Deposit,0,Transient-Party,D,0,0,1
GBR,Groups,0,1,No Deposit,0,Transient,A,0,0,0
PRT,Groups,0,0,No Deposit,0,Transient,A,0,0,1
PRT,Direct,0,1,No Deposit,0,Transient,G,1,0,0
PRT,Offline TA/TO,0,0,No Deposit,0,Transient-Party,B,0,1,0
PRT,Offline TA/TO,0,0,No Deposit,0,Transient-Party,D,0,0,0
Others,Online TA,0,2,No Deposit,0,Transient,A,0,0,1
FIN,Offline TA/TO,0,1,No Deposit,0,Transient,A,0,0,0
FRA,Offline TA/TO,0,0,No Deposit,0,Transient,A,0,2,0
GBR,Online TA,0,0,No Deposit,0,Transient,D,1,1,0
PRT,Online TA,0,7,No Deposit,0,Contract,A,0,2,0
BEL,Groups,0,0,No Deposit,0,Transient-Party,A,0,0,0
ESP,Direct,0,1,No Deposit,0,Transient,D,1,0,0
FIN,Online TA,0,0,No Deposit,0,Transient,D,0,1,1
IRL,Offline TA/TO,0,1,No Deposit,0,Transient,A,0,0,0
Others,Direct,0,0,No Deposit,0,Transient,A,0,1,0
CN,Groups,0,1,No Deposit,0,Transient-Party,D,0,0,0
PRT,Direct,0,1,No Deposit,0,Transient,A,0,2,1
ROU,Offline TA/TO,0,5,No Deposit,0,Transient-Party,E,0,1,0
NLD,Offline TA/TO,0,0,No Deposit,0,Transient,A,0,1,0
BRA,Online TA,0,0,No Deposit,0,Group,D,0,2,0
FRA,Direct,0,2,No Deposit,0,Transient-Party,E,1,2,0
FRA,Direct,0,1,No Deposit,0,Transient,E,0,2,0
CHN,Online TA,0,0,No Deposit,0,Transient,A,1,0,0
ESP,Offline TA/TO,0,2,No Deposit,0,Transient,A,0,1,0
PRT,Offline TA/TO,0,0,No Deposit,0,Transient,D,1,1,0
Others,Online TA,0,0,No Deposit,0,Transient,A,0,0,1
BRA,Online TA,0,0,No Deposit,0,Group,E,0,1,0
Others,Online TA,0,1,No Deposit,0,Transient,A,0,0,0
PRT,Complementary,0,1,No Deposit,0,Transient,G,0,0,0
PRT,Corporate,0,2,No Deposit,0,Transient,A,0,1,0
PRT,Offline TA/TO,0,1,No Deposit,0,Transient-Party,D,0,1,1
BEL,Direct,0,0,No Deposit,0,Transient-Party,A,0,0,0
IRL,Corporate,0,1,No Deposit,0,Transient,A,0,0,0
GBR,Direct,0,0,No Deposit,0,Transient-Party,E,0,0,0
GBR,Direct,0,3,No Deposit,0,Transient,E,0,0,0
SWE,Online TA,0,0,No Deposit,0,Transient,F,0,0,0
ESP,Online TA,0,0,No Deposit,0,Transient,A,1,2,0
ISR,Online TA,0,1,No Deposit,0,Transient,D,0,0,1
Others,Online TA,0,1,No Deposit,0,Transient,A,0,1,1
NOR,Offline TA/TO,0,0,No Deposit,0,Transient-Party,A,0,1,0
AUT,Online TA,0,0,No Deposit,0,Contract,A,0,2,0
GBR,Groups,0,3,No Deposit,0,Transient-Party,A,0,2,0
CHE,Online TA,0,0,No Deposit,0,Transient,D,1,1,0
SWE,Online TA,0,0,No Deposit,0,Contract,A,0,1,0
GBR,Online TA,0,0,No Deposit,0,Contract,A,0,1,0
Others,Online TA,0,0,No Deposit,0,Contract,A,0,1,0
PRT,Complementary,0,0,No Deposit,0,Transient-Party,B,0,1,1
FRA,Online TA,0,0,No Deposit,0,Transient,D,1,0,0
Others,Online TA,0,0,No Deposit,0,Transient,A,0,0,1
FRA,Direct,0,1,No Deposit,0,Transient,D,0,1,0
PRT,Online TA,0,1,No Deposit,0,Contract,B,0,0,0
GBR,Groups,0,2,No Deposit,0,Transient,D,0,0,0
Others,Online TA,0,0,No Deposit,0,Transient,D,0,1,0
CN,Online TA,0,0,No Deposit,0,Transient,H,0,1,0
NLD,Online TA,0,0,No Deposit,0,Contract,A,0,1,0
PRT,Offline TA/TO,0,0,No Deposit,0,Transient,E,1,1,0
Others,Online TA,0,0,No Deposit,0,Transient,D,0,0,1
FRA,Complementary,0,0,No Deposit,0,Transient,D,0,1,0
GBR,Online TA,0,0,No Deposit,0,Transient-Party,D,0,3,0
CHE,Direct,0,1,No Deposit,0,Transient-Party,E,0,0,0
Others,Offline TA/TO,0,0,No Deposit,0,Contract,A,0,0,0
FRA,Online TA,0,0,No Deposit,0,Transient-Party,A,0,2,0
ESP,Online TA,0,0,No Deposit,0,Transient-Party,E,0,4,0
CHE,Online TA,0,1,No Deposit,0,Transient,A,0,1,1
RUS,Direct,0,1,No Deposit,0,Transient,A,0,4,0
FRA,Online TA,0,1,No Deposit,0,Transient,A,0,2,0
IRL,Online TA,0,0,No Deposit,0,Transient,D,0,2,1
IRL,Online TA,0,0,No Deposit,0,Transient,D,0,1,1
ISR,Online TA,0,0,No Deposit,0,Transient,A,0,3,0
NLD,Online TA,0,0,No Deposit,0,Transient,D,1,2,0
Others,Online TA,0,0,No Deposit,0,Transient,E,0,1,1
Others,Online TA,0,0,No Deposit,0,Transient,A,0,1,0
FRA,Online TA,0,0,No Deposit,0,Transient-Party,A,1,0,0
Others,Online TA,0,0,No Deposit,0,Transient,D,0,0,0
Others,Online TA,0,0,No Deposit,0,Transient,D,0,0,0
CHE,Offline TA/TO,0,0,No Deposit,0,Transient-Party,A,0,1,0
FRA,Online TA,0,0,No Deposit,0,Transient-Party,A,0,1,1
CN,Offline TA/TO,0,3,No Deposit,0,Transient,E,0,0,0
BEL,Offline TA/TO,0,0,No Deposit,0,Transient,E,0,0,0
Others,Online TA,0,0,No Deposit,0,Transient,H,1,0,0
USA,Online TA,0,0,No Deposit,0,Transient,A,1,0,0
PRT,Direct,0,6,No Deposit,0,Transient-Party,A,0,0,0
Others,Online TA,0,0,No Deposit,0,Transient,D,0,2,1
Others,Online TA,0,0,No Deposit,0,Transient,A,0,2,0
PRT,Direct,0,0,No Deposit,0,Transient,F,0,3,0
FRA,Corporate,1,0,No Deposit,0,Transient,A,0,0,1
ISR,Online TA,0,1,No Deposit,0,Transient,D,0,1,0
Others,Online TA,0,0,No Deposit,0,Transient-Party,A,0,1,0
ESP,Direct,0,0,No Deposit,0,Transient-Party,D,1,1,0
AUT,Online TA,0,9,No Deposit,0,Transient,F,0,0,0
GBR,Online TA,0,0,No Deposit,0,Transient-Party,D,0,1,0
CHE,Online TA,0,0,No Deposit,0,Transient-Party,B,0,1,0
Others,Online TA,0,0,No Deposit,0,Transient,A,0,0,1
CHE,Direct,0,0,No Deposit,0,Transient,D,1,1,0
CN,Online TA,0,1,No Deposit,0,Transient,D,0,0,1
Others,Offline TA/TO,0,0,No Deposit,0,Transient-Party,A,0,0,0
DEU,Corporate,0,0,No Deposit,0,Transient-Party,A,0,0,0
PRT,Complementary,0,0,No Deposit,0,Transient,C,0,2,0
GBR,Direct,0,2,No Deposit,0,Transient,A,0,3,0
CHE,Online TA,0,1,No Deposit,0,Transient,A,0,2,0
Others,Online TA,0,0,No Deposit,0,Transient,A,0,1,1
Others,Online TA,0,0,No Deposit,0,Transient,A,0,2,0
Others,Offline TA/TO,0,0,No Deposit,0,Transient,A,0,0,0
SWE,Offline TA/TO,0,0,No Deposit,0,Transient,E,0,0,0
GBR,Direct,0,0,No Deposit,0,Transient,E,0,2,0
PRT,Complementary,0,0,No Deposit,0,Transient,F,0,0,0
Others,Online TA,0,1,No Deposit,0,Transient,C,0,2,1
ESP,Online TA,0,2,No Deposit,0,Transient-Party,A,0,3,0
PRT,Offline TA/TO,0,0,No Deposit,0,Contract,D,0,0,0
GBR,Online TA,0,0,No Deposit,0,Transient,G,1,2,0
NOR,Online TA,0,0,No Deposit,0,Transient,E,0,0,1
GBR,Online TA,0,5,No Deposit,0,Transient,A,0,0,1
RUS,Online TA,0,0,No Deposit,0,Transient,A,0,0,0
GBR,Offline TA/TO,0,0,No Deposit,0,Group,A,0,0,0
PRT,Offline TA/TO,0,0,Non Refund,0,Transient,D,0,0,1
Others,Online TA,0,0,No Deposit,0,Transient,A,0,2,0
PRT,Offline TA/TO,0,0,Non Refund,17,Transient,A,0,0,1
Others,Online TA,0,0,No Deposit,0,Transient,D,1,0,0
FRA,Online TA,0,0,No Deposit,0,Transient,B,0,2,1
DEU,Groups,0,0,No Deposit,0,Contract,E,0,0,0
CN,Online TA,0,0,No Deposit,0,Transient,E,0,0,1
FIN,Online TA,0,0,No Deposit,0,Transient,A,0,1,1
Others,Online TA,0,0,No Deposit,0,Group,A,0,1,0
DEU,Online TA,0,3,No Deposit,0,Transient-Party,A,0,1,1
FRA,Offline TA/TO,0,0,No Deposit,0,Transient,E,1,0,0
BEL,Offline TA/TO,0,1,No Deposit,0,Transient,A,0,1,0
DEU,Online TA,0,0,No Deposit,0,Contract,A,1,1,0
PRT,Online TA,0,0,No Deposit,0,Group,A,0,0,0
DEU,Online TA,0,0,No Deposit,0,Transient,F,0,1,1
PRT,Online TA,0,0,No Deposit,0,Contract,D,0,0,1
DEU,Online TA,0,0,No Deposit,0,Transient,E,0,3,1
PRT,Offline TA/TO,19,0,Non Refund,0,Transient,A,0,0,1
PRT,Offline TA/TO,0,0,No Deposit,0,Transient,F,0,0,0
PRT,Online TA,0,2,No Deposit,0,Transient,D,0,2,1
BEL,Aviation,0,0,No Deposit,0,Transient,A,0,0,0
GBR,Direct,0,0,No Deposit,0,Transient,G,1,0,0
ESP,Online TA,0,1,No Deposit,0,Transient-Party,A,0,2,0
Others,Direct,0,0,No Deposit,0,Transient,A,0,0,1
Others,Online TA,0,0,No Deposit,0,Transient,D,0,1,0
IRL,Offline TA/TO,0,0,No Deposit,0,Contract,A,0,2,0
CHE,Online TA,0,0,No Deposit,0,Transient-Party,A,0,0,0
CHE,Direct,0,2,No Deposit,0,Transient,A,0,0,0
FRA,Complementary,0,0,No Deposit,0,Transient,E,0,1,0
PRT,Corporate,0,0,Non Refund,0,Transient-Party,A,0,0,0
PRT,Offline TA/TO,1,0,Non Refund,56,Transient,A,0,0,1
Others,Online TA,0,0,No Deposit,0,Transient,A,0,0,0
CN,Online TA,0,1,No Deposit,0,Transient,D,0,1,0
CHE,Direct,0,0,No Deposit,0,Transient,F,0,0,1
PRT,Corporate,0,0,No Deposit,50,Contract,A,0,0,0
ISR,Online TA,0,0,No Deposit,0,Transient,G,1,1,0
POL,Online TA,0,0,No Deposit,0,Transient,F,0,1,1
Others,Online TA,0,0,No Deposit,0,Transient,A,0,1,0
USA,Online TA,0,0,No Deposit,0,Contract,A,0,2,0
Others,Direct,0,0,No Deposit,0,Transient,A,0,1,0
BEL,Online TA,0,0,No Deposit,0,Group,A,0,1,0
Others,Online TA,0,0,No Deposit,0,Transient,A,0,0,1
SWE,Online TA,0,0,No Deposit,0,Transient,E,1,1,0
ESP,Direct,0,1,No Deposit,0,Transient,E,1,2,0
DNK,Online TA,0,0,No Deposit,0,Transient,B,0,0,1
FRA,Online TA,0,0,No Deposit,0,Transient-Party,A,0,0,0
CHE,Online TA,0,0,No Deposit,0,Transient,E,0,1,0
ESP,Online TA,0,0,No Deposit,0,Transient,C,0,2,0
CHE,Online TA,0,0,No Deposit,0,Transient-Party,A,0,2,0
PRT,Online TA,0,1,No Deposit,0,Contract,A,0,1,1
PRT,Direct,0,1,No Deposit,0,Transient-Party,C,1,2,0
PRT,Offline TA/TO,0,1,No Deposit,0,Transient,G,1,0,0
PRT,Online TA,1,1,No Deposit,0,Transient,G,0,0,1
Others,Aviation,0,0,No Deposit,0,Transient,D,0,0,0
ITA,Direct,0,0,No Deposit,0,Transient,D,0,1,0
GBR,Groups,0,0,No Deposit,0,Transient-Party,A,0,2,0
DEU,Online TA,0,2,No Deposit,0,Transient,A,0,0,1
PRT,Complementary,0,0,No Deposit,0,Transient,G,0,1,0
ITA,Direct,0,0,No Deposit,10,Transient-Party,D,0,0,0
NLD,Direct,0,0,No Deposit,0,Transient,A,1,0,0
PRT,Groups,0,2,No Deposit,0,Group,A,0,0,0
ITA,Online TA,0,3,No Deposit,0,Transient,G,1,1,0
CHE,Offline TA/TO,0,0,No Deposit,0,Transient,E,0,2,0
CHE,Online TA,0,2,No Deposit,0,Transient,D,0,1,1
DEU,Online TA,0,0,No Deposit,0,Transient,G,1,1,0
ESP,Direct,0,0,No Deposit,0,Transient,B,0,1,0
USA,Offline TA/TO,0,0,No Deposit,0,Contract,A,0,1,0
GBR,Online TA,0,1,No Deposit,0,Transient,F,0,1,0
ITA,Online TA,0,0,No Deposit,0,Transient,A,1,0,0
NLD,Online TA,0,0,No Deposit,0,Transient,A,0,3,1
DNK,Online TA,0,1,No Deposit,0,Transient,F,0,0,0
PRT,Online TA,0,2,No Deposit,0,Transient,C,0,0,0
PRT,Direct,0,0,No Deposit,0,Transient-Party,F,1,2,0
Others,Offline TA/TO,0,0,No Deposit,0,Transient,A,0,0,0
Others,Online TA,0,0,No Deposit,0,Transient,A,0,2,1
PRT,Groups,0,0,Non Refund,0,Transient,E,0,0,1
DEU,Online TA,0,0,No Deposit,0,Transient,E,0,1,0
PRT,Corporate,0,2,No Deposit,0,Transient-Party,A,0,0,1
DNK,Online TA,0,0,No Deposit,0,Transient,G,0,2,0
PRT,Online TA,1,0,No Deposit,0,Contract,A,0,0,1
Others,Online TA,0,0,No Deposit,0,Transient,D,0,1,1
Others,Online TA,0,0,No Deposit,0,Transient,D,0,0,0
BEL,Direct,0,0,No Deposit,0,Transient,E,1,1,0
Others,Corporate,0,0,No Deposit,0,Transient-Party,A,0,0,0
Others,Direct,0,0,No Deposit,0,Transient,A,0,0,0
FRA,Online TA,0,1,No Deposit,0,Transient-Party,D,1,2,0
USA,Online TA,0,2,No Deposit,0,Transient,A,1,1,0
ESP,Online TA,0,0,No Deposit,0,Transient,C,0,2,1
Others,Online TA,0,0,No Deposit,0,Transient,B,0,0,0
FIN,Online TA,0,0,No Deposit,0,Transient,E,0,0,1
IRL,Offline TA/TO,0,0,No Deposit,0,Transient,E,0,1,0
Others,Online TA,0,1,No Deposit,0,Transient,E,0,0,1
FRA,Groups,0,0,No Deposit,34,Transient-Party,A,0,1,0
PRT,Offline TA/TO,0,1,No Deposit,0,Transient,D,1,0,0
DEU,Offline TA/TO,0,0,No Deposit,0,Transient,D,0,1,0
FRA,Online TA,0,0,No Deposit,0,Transient,F,1,1,0
IRL,Corporate,0,3,No Deposit,0,Transient-Party,A,0,1,0
GBR,Complementary,0,0,No Deposit,0,Transient,F,0,1,0
BRA,Direct,0,0,No Deposit,0,Transient,D,0,2,1
NLD,Online TA,0,1,No Deposit,0,Transient,A,0,0,1
DEU,Online TA,0,0,No Deposit,0,Group,A,0,0,0
ESP,Online TA,0,0,No Deposit,0,Transient-Party,D,0,1,0
Others,Online TA,0,0,No Deposit,0,Transient,A,0,1,1
AUT,Direct,0,0,No Deposit,0,Transient,D,0,0,0
GBR,Groups,0,0,Non Refund,0,Transient,D,0,0,1
PRT,Aviation,0,1,No Deposit,0,Transient,A,0,0,0
ITA,Online TA,0,0,No Deposit,0,Transient-Party,D,0,0,0
PRT,Direct,0,3,No Deposit,0,Transient,D,1,0,0
IRL,Online TA,0,0,No Deposit,0,Transient,G,0,1,0
NLD,Groups,0,4,No Deposit,0,Transient-Party,A,0,0,0
ESP,Direct,0,1,No Deposit,0,Transient,C,0,0,0
BRA,Direct,0,0,No Deposit,0,Transient,A,1,0,0
USA,Online TA,0,1,No Deposit,0,Transient,A,0,0,0
PRT,Corporate,0,0,No Deposit,15,Transient-Party,A,0,0,1
PRT,Offline TA/TO,0,1,No Deposit,0,Transient-Party,E,0,0,1
ESP,Online TA,0,0,No Deposit,0,Group,A,0,0,0
GBR,Groups,0,0,No Deposit,0,Transient-Party,E,0,0,0
DEU,Online TA,0,0,No Deposit,0,Transient,D,0,3,0
ROU,Online TA,0,0,No Deposit,0,Transient,A,1,1,0
GBR,Groups,0,5,No Deposit,0,Transient-Party,A,0,0,0
ITA,Online TA,0,1,No Deposit,0,Transient,F,0,0,0
PRT,Complementary,0,0,No Deposit,0,Transient-Party,A,0,0,0
FRA,Online TA,0,2,No Deposit,0,Transient,A,0,3,1
ESP,Online TA,0,0,No Deposit,0,Transient,C,0,1,1
IRL,Direct,0,1,No Deposit,0,Transient,D,0,0,0
PRT,Direct,0,1,No Deposit,0,Transient,E,0,0,0
CHE,Direct,0,3,No Deposit,0,Transient,F,1,0,0
Others,Online TA,0,2,No Deposit,0,Transient-Party,A,0,0,0
ITA,Online TA,0,1,No Deposit,0,Transient,H,0,0,0
GBR,Offline TA/TO,0,0,No Deposit,0,Contract,D,0,3,0
GBR,Offline TA/TO,0,1,No Deposit,0,Contract,A,1,0,0
NOR,Online TA,0,0,No Deposit,0,Transient,D,0,2,0
Others,Online TA,0,0,No Deposit,0,Transient,A,0,1,1
PRT,Online TA,0,0,No Deposit,0,Contract,A,1,2,0
ESP,Groups,0,2,No Deposit,0,Transient-Party,A,0,0,0
PRT,Offline TA/TO,0,0,Non Refund,41,Transient,A,0,0,1
PRT,Offline TA/TO,0,0,No Deposit,3,Transient-Party,A,0,0,1
NLD,Offline TA/TO,0,0,No Deposit,0,Transient,D,0,0,0
BEL,Online TA,0,1,No Deposit,0,Transient,B,0,1,0
DEU,Online TA,0,0,No Deposit,0,Transient,B,0,0,1
Others,Online TA,0,0,No Deposit,0,Transient,A,0,2,0
BRA,Online TA,0,0,No Deposit,0,Transient,D,0,0,0
Others,Online TA,0,4,No Deposit,0,Transient,A,0,1,1
Others,Online TA,0,0,No Deposit,0,Transient,A,0,0,0
BRA,Online TA,0,0,No Deposit,0,Transient,A,0,3,0
NLD,Online TA,0,0,No Deposit,0,Transient,E,0,1,0
ITA,Groups,0,1,No Deposit,0,Transient-Party,A,0,1,0
BEL,Direct,0,1,No Deposit,0,Transient,A,0,1,0
Others,Online TA,0,0,No Deposit,0,Transient,D,0,0,1
PRT,Groups,0,1,No Deposit,0,Transient-Party,A,1,1,0
ROU,Online TA,0,0,No Deposit,0,Transient,E,0,1,0
PRT,Corporate,0,0,No Deposit,0,Transient,A,0,2,1
POL,Online TA,0,1,No Deposit,0,Transient,A,0,2,0
GBR,Online TA,0,1,No Deposit,0,Transient,G,0,0,0
PRT,Corporate,1,1,No Deposit,0,Transient-Party,E,1,3,0
FRA,Direct,0,0,No Deposit,0,Transient,A,0,1,1
PRT,Direct,0,1,No Deposit,0,Transient,E,1,0,0
FIN,Online TA,0,1,No Deposit,0,Transient,E,1,0,0
IRL,Online TA,0,1,No Deposit,0,Transient,C,0,2,0
Others,Offline TA/TO,0,0,No Deposit,0,Transient,D,0,1,0
Others,Online TA,0,1,No Deposit,0,Transient,A,0,1,0
PRT,Corporate,1,1,No Deposit,0,Transient,A,0,1,0
FRA,Corporate,1,0,No Deposit,0,Transient,E,0,0,0
GBR,Online TA,0,0,No Deposit,0,Transient-Party,E,1,2,0
Others,Corporate,0,0,No Deposit,0,Transient-Party,A,0,0,0
ESP,Direct,0,1,No Deposit,0,Transient,E,0,0,0
RUS,Online TA,0,3,No Deposit,0,Transient,A,0,2,0
PRT,Corporate,1,0,No Deposit,0,Transient,A,0,0,1
BEL,Direct,0,0,No Deposit,0,Transient,D,0,1,0
ISR,Online TA,0,0,No Deposit,0,Transient,A,0,2,1
Others,Online TA,0,0,No Deposit,0,Transient,A,0,2,0
ITA,Direct,0,1,No Deposit,0,Transient,A,0,0,0
NLD,Online TA,0,1,No Deposit,0,Transient,F,1,1,0
ROU,Online TA,0,0,No Deposit,0,Contract,A,0,2,0
Others,Online TA,0,0,No Deposit,0,Transient,D,0,0,1
Others,Online TA,0,0,No Deposit,0,Transient,E,0,1,0
BRA,Online TA,0,0,No Deposit,0,Transient-Party,A,0,0,0
FRA,Online TA,0,0,No Deposit,0,Transient,G,0,0,0
Others,Online TA,0,0,No Deposit,0,Transient,A,0,2,1
FRA,Groups,0,0,No Deposit,0,Transient-Party,D,0,0,0
PRT,Corporate,6,0,No Deposit,0,Transient,A,0,1,0
ESP,Online TA,0,0,No Deposit,0,Transient-Party,A,1,1,0
BRA,Offline TA/TO,0,2,No Deposit,0,Transient-Party,A,0,1,0
DEU,Online TA,0,0,No Deposit,0,Transient,F,0,2,0
CN,Direct,0,1,No Deposit,0,Transient,A,0,1,0
USA,Online TA,0,2,No Deposit,0,Transient,C,1,2,0
PRT,Groups,0,0,Non Refund,0,Transient-Party,A,0,0,0
ITA,Offline TA/TO,0,0,No Deposit,0,Transient,D,0,0,0
FRA,Online TA,0,1,No Deposit,0,Transient-Party,D,0,3,0
NLD,Online TA,0,1,No Deposit,0,Transient,A,0,1,1
NLD,Online TA,0,1,No Deposit,0,Transient,D,1,2,0
NLD,Corporate,0,0,No Deposit,0,Transient,A,0,0,0
PRT,Complementary,0,1,No Deposit,0,Transient,A,1,3,0
USA,Online TA,0,1,No Deposit,0,Transient,E,0,1,0
POL,Online TA,0,0,No Deposit,0,Transient,F,0,0,0
ESP,Direct,0,0,No Deposit,0,Transient,F,1,0,0
BRA,Online TA,0,2,No Deposit,0,Transient,A,0,1,0
PRT,Online TA,0,1,No Deposit,0,Transient,A,0,3,1
NLD,Online TA,0,0,No Deposit,0,Contract,A,0,2,0
PRT,Online TA,0,1,No Deposit,0,Transient,D,0,1,1
PRT,Offline TA/TO,0,1,No Deposit,0,Transient,A,0,3,1
CHE,Direct,0,0,No Deposit,0,Transient,F,0,0,0
DEU,Offline TA/TO,0,0,No Deposit,0,Group,A,0,0,0
Others,Online TA,0,1,No Deposit,0,Transient,A,0,0,0
AUT,Online TA,0,1,No Deposit,0,Transient,D,0,0,0
ESP,Online TA,0,0,No Deposit,0,Transient,E,0,2,0
SWE,Direct,0,0,No Deposit,0,Transient-Party,E,0,1,0
FRA,Online TA,0,0,No Deposit,0,Transient-Party,A,0,0,1
DEU,Offline TA/TO,0,0,No Deposit,0,Transient-Party,D,0,0,0
Others,Aviation,0,0,No Deposit,0,Transient,D,0,0,0
ESP,Online TA,0,1,No Deposit,0,Transient,D,0,0,0
GBR,Online TA,0,2,No Deposit,0,Transient,D,0,1,0
Others,Online TA,0,0,No Deposit,0,Transient,A,0,3,0
PRT,Direct,0,1,No Deposit,0,Transient,A,1,1,0
FRA,Groups,0,1,No Deposit,0,Transient-Party,A,0,1,0
BRA,Direct,0,1,No Deposit,0,Transient,E,0,3,0
PRT,Online TA,0,2,No Deposit,0,Transient,G,0,0,0
Others,Direct,0,0,No Deposit,0,Transient,A,0,0,0
GBR,Direct,0,0,No Deposit,0,Transient,E,1,2,0
POL,Groups,0,0,No Deposit,0,Transient,A,0,2,0
NOR,Online TA,0,1,No Deposit,0,Transient,B,0,2,1
NLD,Online TA,0,2,No Deposit,0,Transient,A,0,1,1
BEL,Online TA,0,1,No Deposit,0,Transient,G,0,1,0
PRT,Online TA,0,0,No Deposit,0,Contract,A,1,1,0
ROU,Online TA,0,0,No Deposit,0,Transient,G,0,0,1
GBR,Offline TA/TO,0,2,No Deposit,0,Transient,A,0,0,0
GBR,Online TA,0,0,No Deposit,0,Transient,A,1,1,0
ESP,Offline TA/TO,0,1,No Deposit,0,Transient,E,0,0,0
Others,Online TA,0,0,No Deposit,0,Transient,E,0,1,0
IRL,Online TA,0,1,No Deposit,0,Transient,E,0,1,0
PRT,Online TA,0,0,No Deposit,0,Transient-Party,A,0,2,1
IRL,Offline TA/TO,0,1,No Deposit,0,Transient,A,0,1,0
ESP,Direct,0,0,No Deposit,0,Transient,C,1,1,0
PRT,Corporate,0,2,No Deposit,0,Transient,D,0,1,0
CN,Online TA,0,2,No Deposit,0,Transient,A,0,2,0
FRA,Direct,0,1,No Deposit,0,Transient,A,0,1,0
PRT,Direct,0,0,No Deposit,0,Transient-Party,D,1,1,0
Others,Online TA,0,0,No Deposit,0,Transient,A,0,1,1
RUS,Groups,0,0,No Deposit,0,Transient-Party,A,0,1,0
DEU,Online TA,0,1,No Deposit,0,Transient-Party,A,0,1,0
GBR,Direct,0,2,No Deposit,0,Transient-Party,A,0,1,0
FRA,Direct,0,0,No Deposit,0,Transient-Party,C,0,1,0
Others,Online TA,0,0,No Deposit,0,Transient,A,0,0,0
CHN,Online TA,0,0,No Deposit,0,Transient,F,0,1,1
PRT,Direct,0,1,No Deposit,0,Transient,D,0,0,1
DNK,Online TA,0,1,No Deposit,0,Transient-Party,A,0,2,0
ROU,Online TA,0,2,No Deposit,0,Transient-Party,A,0,2,0
ESP,Offline TA/TO,0,0,No Deposit,0,Transient,D,1,0,0
GBR,Direct,0,2,No Deposit,0,Transient,E,0,0,0
PRT,Groups,0,1,No Deposit,0,Transient,A,0,0,0
PRT,Online TA,0,2,No Deposit,0,Transient-Party,A,0,2,1
GBR,Offline TA/TO,0,0,No Deposit,0,Transient-Party,A,0,2,0
IRL,Offline TA/TO,0,0,No Deposit,0,Transient,A,0,2,0
Others,Online TA,0,1,No Deposit,0,Transient-Party,C,1,0,0
ESP,Online TA,0,1,No Deposit,0,Transient,D,1,2,0
PRT,Offline TA/TO,0,0,No Deposit,0,Transient,A,1,3,0
DEU,Online TA,0,0,No Deposit,0,Transient-Party,D,0,1,0
PRT,Groups,0,0,No Deposit,50,Transient-Party,A,0,0,1
FRA,Online TA,0,1,No Deposit,0,Transient,F,0,0,0
NLD,Online TA,0,0,No Deposit,0,Transient,A,1,1,0
DEU,Groups,0,0,No Deposit,0,Transient,A,0,1,0
PRT,Online TA,0,2,No Deposit,0,Transient-Party,D,0,1,0
GBR,Groups,1,0,No Deposit,0,Transient-Party,A,0,0,1
RUS,Online TA,0,1,No Deposit,0,Transient,A,0,1,0
USA,Online TA,0,4,No Deposit,0,Transient,D,0,2,0
DEU,Direct,0,1,No Deposit,0,Transient,E,0,2,0
USA,Online TA,0,0,No Deposit,0,Transient,E,0,0,0
IRL,Offline TA/TO,0,0,No Deposit,0,Transient-Party,A,0,1,0
IRL,Direct,0,0,No Deposit,0,Transient,G,1,0,0
BRA,Direct,0,1,No Deposit,0,Transient,E,0,1,0
BRA,Online TA,0,0,No Deposit,0,Transient,F,0,1,0
Others,Direct,0,0,No Deposit,0,Transient,A,0,0,0
NLD,Offline TA/TO,0,1,No Deposit,0,Transient-Party,A,0,0,0
ESP,Online TA,0,1,No Deposit,0,Transient-Party,A,0,1,0
AUT,Groups,0,2,Refundable,0,Transient-Party,A,1,0,0
Others,Online TA,0,0,No Deposit,0,Transient,A,0,2,1
BEL,Online TA,0,0,No Deposit,0,Contract,A,0,5,0
Others,Online TA,0,0,No Deposit,0,Group,E,0,3,0
ESP,Online TA,0,1,No Deposit,0,Transient,D,0,2,0
ISR,Online TA,0,0,No Deposit,0,Transient,D,0,0,0
ESP,Direct,0,1,No Deposit,0,Transient,D,1,1,0
ISR,Groups,0,1,No Deposit,6,Transient-Party,A,0,0,0
Others,Online TA,0,0,No Deposit,0,Contract,A,0,1,0
ESP,Offline TA/TO,0,0,No Deposit,0,Transient-Party,D,0,1,0
ESP,Online TA,0,4,No Deposit,0,Transient,A,1,2,0
BRA,Online TA,0,3,No Deposit,0,Transient,A,0,3,0
USA,Direct,0,4,No Deposit,0,Transient,H,1,0,0
FRA,Online TA,0,3,No Deposit,0,Transient,A,0,1,1
DNK,Offline TA/TO,0,0,No Deposit,0,Transient,A,0,0,0
PRT,Groups,0,0,No Deposit,0,Transient-Party,C,0,0,1
FRA,Online TA,0,1,No Deposit,0,Transient-Party,A,1,1,0
CN,Offline TA/TO,0,0,No Deposit,0,Transient,D,0,0,0
ITA,Online TA,0,3,No Deposit,0,Transient-Party,B,0,2,0
Others,Online TA,0,0,No Deposit,0,Transient,D,0,2,1
PRT,Online TA,0,0,No Deposit,0,Transient,C,0,2,1
ISR,Direct,0,1,No Deposit,0,Transient,A,0,5,0
GBR,Online TA,0,1,No Deposit,0,Transient,E,0,3,0
Others,Online TA,0,0,No Deposit,0,Transient,A,0,1,1
Others,Online TA,0,0,No Deposit,0,Transient,G,0,0,1
PRT,Corporate,1,2,No Deposit,0,Transient,A,0,1,0
GBR,Direct,0,0,No Deposit,0,Transient,A,0,0,1
Others,Online TA,0,0,No Deposit,0,Transient,A,0,2,1
GBR,Offline TA/TO,0,2,No Deposit,0,Contract,D,0,2,0
PRT,Online TA,0,2,No Deposit,0,Transient,D,0,3,0
ESP,Online TA,0,2,No Deposit,0,Transient-Party,B,0,0,0
PRT,Online TA,0,1,No Deposit,0,Transient,H,1,0,0
ESP,Online TA,0,1,No Deposit,0,Transient,E,1,3,0
ITA,Direct,0,1,No Deposit,0,Transient,A,0,0,1
PRT,Aviation,0,0,No Deposit,0,Transient,A,0,0,1
PRT,Offline TA/TO,0,0,No Deposit,4,Transient-Party,A,0,0,1
SWE,Online TA,0,1,No Deposit,0,Transient,G,0,0,0
PRT,Groups,0,0,No Deposit,0,Transient-Party,D,0,0,0
IRL,Offline TA/TO,0,2,No Deposit,0,Transient,A,0,0,0
ITA,Online TA,0,0,No Deposit,0,Transient,D,1,1,0
PRT,Online TA,0,0,No Deposit,0,Transient-Party,D,1,0,0
PRT,Complementary,0,0,No Deposit,0,Transient,D,0,2,1
Others,Online TA,0,0,No Deposit,0,Transient,F,0,2,0
ESP,Online TA,0,0,No Deposit,0,Transient,A,0,4,0
Others,Online TA,0,0,No Deposit,0,Transient,A,0,1,0
GBR,Groups,0,3,No Deposit,0,Transient-Party,D,0,0,0
DEU,Online TA,0,0,No Deposit,0,Transient,D,0,2,1
IRL,Groups,0,7,No Deposit,0,Transient-Party,A,0,0,0
Others,Online TA,0,0,No Deposit,0,Transient-Party,E,1,2,0
FRA,Direct,0,1,No Deposit,0,Transient,G,0,0,0
ESP,Offline TA/TO,0,0,No Deposit,0,Transient,E,0,2,0
CHN,Online TA,0,1,No Deposit,0,Transient,A,0,1,0
ESP,Direct,0,1,No Deposit,0,Transient,C,1,0,0
CHE,Direct,0,1,No Deposit,0,Transient,E,0,2,0
ISR,Online TA,0,2,No Deposit,0,Transient,D,0,1,0
PRT,Direct,0,1,No Deposit,0,Transient-Party,B,0,0,1
PRT,Offline TA/TO,0,0,No Deposit,0,Transient-Party,D,0,1,0
POL,Groups,0,1,No Deposit,0,Transient-Party,A,0,0,0
PRT,Direct,0,1,No Deposit,0,Transient,F,1,0,0
BEL,Online TA,0,2,No Deposit,0,Transient,D,0,2,0
Others,Online TA,0,0,No Deposit,0,Transient,D,0,1,1
NOR,Offline TA/TO,0,0,No Deposit,0,Transient-Party,D,0,0,0
POL,Corporate,0,0,No Deposit,0,Transient-Party,A,0,1,0
GBR,Offline TA/TO,0,3,No Deposit,0,Transient,D,0,1,0
Others,Online TA,0,0,No Deposit,0,Transient,A,0,1,1
PRT,Direct,0,1,No Deposit,0,Transient,G,0,3,1
Others,Direct,0,1,No Deposit,0,Transient,H,0,0,0
NOR,Direct,0,0,No Deposit,0,Transient,A,0,0,1
CHN,Direct,0,0,No Deposit,0,Transient,A,0,2,0
PRT,Direct,0,0,No Deposit,0,Transient,H,0,1,1
BRA,Online TA,0,0,No Deposit,0,Transient,F,0,0,1
BRA,Direct,0,0,No Deposit,0,Transient-Party,A,0,4,0
ISR,Groups,0,0,No Deposit,58,Transient-Party,A,0,1,0
PRT,Corporate,0,0,No Deposit,0,Transient,A,0,4,0
ESP,Online TA,0,0,No Deposit,0,Contract,B,0,1,0
PRT,Offline TA/TO,1,0,Non Refund,15,Transient,A,0,0,1
CHE,Online TA,0,0,No Deposit,0,Transient,D,0,3,1
DEU,Corporate,0,0,No Deposit,0,Transient,A,0,0,0
PRT,Offline TA/TO,0,0,No Deposit,0,Transient-Party,E,0,0,1
Others,Offline TA/TO,0,1,No Deposit,0,Transient-Party,A,0,0,0
Others,Offline TA/TO,0,0,No Deposit,0,Transient,A,0,0,0
BEL,Groups,0,1,No Deposit,0,Transient-Party,A,1,1,0
NOR,Offline TA/TO,0,0,No Deposit,0,Transient-Party,D,0,1,0
DEU,Online TA,0,5,No Deposit,0,Transient-Party,A,0,0,0
ESP,Offline TA/TO,0,0,No Deposit,0,Contract,A,0,0,0
USA,Direct,0,2,No Deposit,0,Transient,E,1,2,0
GBR,Online TA,0,2,No Deposit,0,Transient,A,0,0,0
DEU,Groups,0,1,Non Refund,0,Transient-Party,A,0,0,0
PRT,Corporate,0,1,No Deposit,0,Transient-Party,A,1,0,0
IRL,Groups,0,0,No Deposit,0,Transient-Party,E,0,0,0
FRA,Direct,0,2,No Deposit,0,Transient,A,0,2,0
FRA,Online TA,0,1,No Deposit,0,Transient,E,0,2,0
IRL,Complementary,0,1,No Deposit,0,Transient,F,0,2,0
Others,Online TA,0,4,No Deposit,0,Transient,A,0,2,0
ESP,Direct,0,0,No Deposit,0,Transient,D,0,3,0
ESP,Groups,0,2,No Deposit,0,Transient,A,0,0,0
BRA,Direct,0,0,No Deposit,0,Transient,D,0,0,0
GBR,Online TA,0,0,No Deposit,0,Transient,F,1,1,0
ITA,Online TA,0,0,No Deposit,0,Transient,A,1,1,0
Others,Online TA,0,2,No Deposit,0,Transient,A,0,2,0
SWE,Online TA,0,2,No Deposit,0,Transient,A,1,0,0
FRA,Offline TA/TO,0,2,No Deposit,0,Transient,A,0,1,0
Others,Direct,0,0,No Deposit,0,Transient,D,0,2,0
FRA,Direct,0,0,No Deposit,0,Transient,D,1,0,0
DNK,Direct,0,0,No Deposit,0,Transient,E,0,0,0
PRT,Groups,1,1,No Deposit,0,Transient,A,0,0,1
FRA,Online TA,0,0,No Deposit,0,Transient,B,0,1,0
PRT,Online TA,0,0,No Deposit,0,Transient,D,0,4,0
Others,Direct,0,1,No Deposit,0,Transient,A,0,0,0
PRT,Online TA,0,1,No Deposit,0,Transient,E,0,2,1
FIN,Direct,0,2,No Deposit,0,Transient,E,1,0,0
PRT,Corporate,1,1,No Deposit,0,Transient,A,1,1,0
RUS,Groups,0,2,No Deposit,0,Transient-Party,A,0,0,0
NLD,Online TA,0,0,No Deposit,0,Transient,D,1,3,0
POL,Offline TA/TO,0,2,No Deposit,0,Transient,A,0,2,0
FRA,Groups,0,0,Non Refund,0,Transient,A,0,0,1
CHE,Offline TA/TO,0,0,No Deposit,0,Transient,E,0,0,0
ITA,Online TA,0,1,No Deposit,0,Transient,F,0,2,1
PRT,Online TA,0,0,No Deposit,0,Contract,F,0,2,1
GBR,Online TA,0,1,No Deposit,0,Transient,C,0,2,0
Others,Direct,0,0,No Deposit,0,Transient,E,0,0,1
FRA,Direct,0,0,No Deposit,0,Transient,G,0,0,0
CHN,Online TA,0,0,No Deposit,0,Transient,F,1,2,0
ISR,Direct,0,0,No Deposit,0,Transient,A,0,1,0
FRA,Online TA,0,0,No Deposit,0,Transient,D,0,4,0
BRA,Online TA,0,4,No Deposit,0,Transient,B,0,2,0
ITA,Online TA,0,0,No Deposit,0,Contract,A,0,1,0
GBR,Online TA,0,3,No Deposit,0,Transient-Party,D,0,2,0
Others,Offline TA/TO,0,0,No Deposit,0,Transient,A,0,1,0
CHE,Online TA,0,0,No Deposit,0,Transient,F,0,0,1
RUS,Online TA,0,0,No Deposit,0,Transient,F,1,1,0
GBR,Online TA,0,0,No Deposit,0,Group,A,0,0,0
GBR,Groups,0,0,Non Refund,0,Transient-Party,A,0,0,0
PRT,Online TA,1,1,No Deposit,0,Transient,A,0,4,0
BEL,Online TA,0,0,No Deposit,0,Transient,E,0,2,1
DEU,Groups,0,1,No Deposit,0,Transient,E,0,1,0
CN,Online TA,0,0,No Deposit,0,Transient,G,0,2,0
IRL,Direct,0,1,No Deposit,0,Transient-Party,E,0,2,0
DEU,Online TA,0,0,No Deposit,0,Transient-Party,D,0,2,0
PRT,Online TA,0,2,No Deposit,0,Group,A,0,0,0
POL,Direct,0,0,No Deposit,0,Transient,E,0,0,1
FRA,Online TA,0,4,No Deposit,0,Transient,A,0,3,0
Others,Direct,0,1,No Deposit,0,Transient,D,0,1,0
Others,Online TA,0,0,No Deposit,0,Transient,A,0,1,1
Others,Online TA,0,1,No Deposit,0,Transient,H,0,1,0
Others,Online TA,0,0,No Deposit,0,Transient,F,0,1,0
IRL,Online TA,0,1,No Deposit,0,Transient,E,0,2,0
PRT,Corporate,1,1,No Deposit,0,Transient,A,1,2,0
DEU,Online TA,0,0,No Deposit,0,Contract,B,1,2,0
CHE,Offline TA/TO,0,0,No Deposit,0,Transient-Party,D,0,1,0
PRT,Offline TA/TO,0,0,No Deposit,0,Transient-Party,D,0,2,0
NLD,Offline TA/TO,0,1,No Deposit,0,Transient,D,0,2,0
BRA,Online TA,0,1,No Deposit,0,Transient,D,0,2,0
CHN,Online TA,0,0,No Deposit,0,Transient,C,0,1,0
PRT,Online TA,0,5,No Deposit,0,Transient,A,0,2,0
PRT,Complementary,0,0,No Deposit,0,Transient,A,1,2,0
FRA,Direct,0,0,No Deposit,0,Transient,D,0,0,1
BEL,Online TA,0,2,No Deposit,0,Transient-Party,A,0,1,0
PRT,Groups,0,1,No Deposit,0,Transient-Party,E,0,0,1
Others,Online TA,0,0,No Deposit,0,Transient,A,0,0,0
PRT,Offline TA/TO,0,0,No Deposit,50,Transient-Party,D,0,0,0
PRT,Corporate,0,0,No Deposit,0,Transient,C,0,0,0
Others,Online TA,0,1,No Deposit,0,Transient-Party,A,0,0,0
BRA,Online TA,0,0,No Deposit,0,Transient,C,0,0,1
Others,Direct,0,0,No Deposit,0,Transient,A,0,0,0
ESP,Direct,0,1,No Deposit,0,Transient,D,0,0,0
DEU,Online TA,0,2,No Deposit,0,Transient,D,0,0,1
PRT,Direct,0,2,No Deposit,0,Transient,D,0,1,1
PRT,Offline TA/TO,0,2,No Deposit,0,Transient,C,0,0,1
FRA,Offline TA/TO,0,0,No Deposit,0,Group,D,0,1,0
GBR,Direct,0,3,No Deposit,0,Transient,A,0,0,0
PRT,Offline TA/TO,0,0,Non Refund,50,Transient,A,0,0,1
DEU,Groups,0,0,No Deposit,0,Contract,A,1,1,0
Others,Online TA,0,0,No Deposit,0,Transient,A,0,0,1
IRL,Online TA,0,0,No Deposit,0,Transient-Party,A,0,0,0
ESP,Online TA,0,1,No Deposit,0,Transient,A,0,4,0
RUS,Online TA,0,0,No Deposit,0,Transient,D,0,1,0
Others,Online TA,0,0,No Deposit,0,Transient,A,0,0,1
Others,Online TA,0,1,No Deposit,0,Transient,A,0,0,0
BEL,Direct,0,1,No Deposit,0,Transient,D,0,2,0
PRT,Corporate,0,0,No Deposit,0,Transient-Party,A,1,1,0
GBR,Online TA,0,1,No Deposit,0,Transient,G,0,2,0
Others,Offline TA/TO,0,0,No Deposit,0,Transient,A,0,1,0
PRT,Online TA,2,0,No Deposit,0,Transient-Party,A,0,2,1
BEL,Online TA,0,1,No Deposit,0,Transient,D,0,1,0
PRT,Online TA,0,3,No Deposit,0,Transient,G,0,0,0
AUT,Corporate,0,2,No Deposit,0,Transient-Party,E,1,0,0
Others,Online TA,0,0,No Deposit,0,Transient,A,0,3,0
CHN,Corporate,0,0,No Deposit,0,Transient-Party,A,0,0,0
Others,Offline TA/TO,0,0,No Deposit,0,Transient,D,0,1,0
DEU,Online TA,0,0,No Deposit,0,Transient,E,0,2,1
FRA,Online TA,0,2,No Deposit,0,Transient,A,1,3,0
BEL,Direct,0,0,No Deposit,0,Transient-Party,D,0,1,0
ESP,Corporate,0,1,No Deposit,0,Transient,A,0,0,0
PRT,Direct,0,1,No Deposit,0,Transient,G,0,0,0
SWE,Online TA,0,1,No Deposit,0,Transient,A,0,1,0
PRT,Offline TA/TO,0,0,No Deposit,0,Transient,A,0,3,0
PRT,Complementary,0,0,No Deposit,0,Transient-Party,A,0,1,0
ESP,Direct,0,1,No Deposit,0,Transient,B,1,0,0
ESP,Online TA,0,1,No Deposit,0,Transient,E,0,1,0
CHE,Online TA,0,0,No Deposit,0,Transient,G,0,0,1
IRL,Online TA,0,3,Refundable,0,Transient,A,0,1,1
Others,Online TA,0,0,No Deposit,0,Transient,H,0,0,1
Others,Online TA,0,0,No Deposit,0,Transient,H,0,0,1
PRT,Online TA,0,0,No Deposit,0,Transient,C,1,0,0
PRT,Direct,0,1,No Deposit,0,Contract,A,0,1,0
ESP,Online TA,0,1,No Deposit,0,Transient,A,1,0,0
Others,Online TA,0,0,No Deposit,0,Transient,A,0,0,1
Others,Online TA,0,0,No Deposit,0,Transient,D,0,0,1
Others,Online TA,0,0,No Deposit,0,Transient,A,1,1,0
DEU,Direct,0,2,No Deposit,0,Transient,F,0,0,0
PRT,Online TA,0,2,No Deposit,0,Transient-Party,G,0,1,0
CHN,Online TA,0,0,No Deposit,0,Transient,F,0,2,1
PRT,Offline TA/TO,0,0,No Deposit,14,Transient-Party,A,0,0,1
Others,Online TA,0,0,No Deposit,0,Contract,A,0,2,0
Others,Offline TA/TO,0,0,No Deposit,0,Transient-Party,A,0,0,0
Others,Online TA,0,2,No Deposit,0,Transient,A,0,1,1
PRT,Groups,0,2,No Deposit,0,Transient-Party,A,1,0,0
BRA,Online TA,0,1,No Deposit,0,Transient,D,0,2,1
DEU,Online TA,0,1,No Deposit,0,Transient,A,0,2,1
Others,Online TA,0,0,No Deposit,0,Transient,F,0,1,1
CHN,Online TA,0,0,No Deposit,0,Transient-Party,D,0,3,0
PRT,Offline TA/TO,0,0,No Deposit,0,Transient,B,0,0,1
NOR,Offline TA/TO,0,0,No Deposit,0,Transient,G,0,0,0
DEU,Offline TA/TO,0,0,No Deposit,0,Contract,D,0,0,0
DNK,Online TA,0,0,No Deposit,0,Transient,E,0,2,0
Others,Online TA,0,2,No Deposit,0,Transient,A,0,1,1
Others,Online TA,0,0,No Deposit,0,Transient,D,0,1,0
PRT,Offline TA/TO,0,2,No Deposit,0,Transient,E,0,1,0
Others,Groups,0,2,No Deposit,0,Transient-Party,A,0,0,0
Others,Direct,0,0,No Deposit,0,Transient,D,0,0,1
ITA,Direct,0,3,No Deposit,0,Transient,A,1,0,0
USA,Direct,0,1,No Deposit,0,Transient,G,0,0,0
GBR,Offline TA/TO,0,1,No Deposit,0,Transient,A,0,3,0
GBR,Groups,0,0,No Deposit,0,Transient-Party,A,1,1,0
Others,Online TA,0,0,No Deposit,0,Transient,A,0,0,1
DEU,Direct,0,1,No Deposit,0,Transient,A,0,0,1
PRT,Direct,0,0,No Deposit,0,Transient-Party,E,0,2,0
ESP,Offline TA/TO,0,0,No Deposit,0,Transient,A,1,0,0
PRT,Offline TA/TO,0,1,No Deposit,0,Contract,A,0,1,1
ESP,Offline TA/TO,0,0,No Deposit,0,Contract,A,0,4,0
FRA,Online TA,0,0,No Deposit,0,Transient-Party,A,1,1,0
FRA,Offline TA/TO,0,1,No Deposit,0,Transient,A,0,2,0
PRT,Corporate,1,1,No Deposit,0,Transient,D,1,2,0
FIN,Offline TA/TO,0,0,No Deposit,0,Transient,A,0,1,0
CN,Online TA,0,0,No Deposit,0,Transient,A,1,0,0
CHE,Offline TA/TO,0,0,No Deposit,0,Transient,D,0,0,0
PRT,Online TA,0,1,No Deposit,0,Transient,E,0,0,0
CN,Direct,0,0,No Deposit,0,Transient,A,0,3,0
USA,Offline TA/TO,0,1,No Deposit,0,Transient-Party,A,0,2,0
ESP,Direct,0,2,No Deposit,0,Transient,D,1,0,0
FRA,Online TA,0,0,No Deposit,0,Contract,A,1,2,0
PRT,Online TA,0,0,No Deposit,0,Contract,D,0,2,0
POL,Offline TA/TO,0,0,No Deposit,0,Transient,A,0,1,0
Others,Direct,0,0,No Deposit,0,Transient,F,0,0,1
Others,Online TA,0,0,No Deposit,0,Transient,A,0,0,0
CN,Direct,0,0,No Deposit,0,Transient,G,0,0,0
PRT,Direct,0,0,No Deposit,0,Transient-Party,F,0,0,0
CHE,Offline TA/TO,0,0,No Deposit,0,Transient,D,0,1,0
ESP,Online TA,0,0,No Deposit,0,Transient,G,1,1,0
AUT,Online TA,0,3,No Deposit,0,Transient,A,0,0,1
FRA,Online TA,0,1,No Deposit,0,Transient,B,0,1,0
POL,Offline TA/TO,0,0,No Deposit,0,Contract,E,0,1,0
Others,Online TA,0,0,No Deposit,0,Transient,E,0,2,1
ITA,Online TA,0,1,No Deposit,0,Transient-Party,A,0,0,0
Others,Online TA,0,0,No Deposit,0,Transient,D,0,0,1
GBR,Online TA,0,1,No Deposit,0,Transient,B,0,0,1
Others,Online TA,0,0,No Deposit,0,Transient,A,0,3,0
IRL,Online TA,0,0,No Deposit,0,Transient-Party,A,0,3,0
CHE,Online TA,0,1,No Deposit,0,Transient,A,0,3,0
PRT,Groups,3,0,No Deposit,31,Transient-Party,A,0,0,1
SWE,Online TA,0,0,No Deposit,0,Transient,E,0,1,0
ESP,Corporate,0,2,No Deposit,0,Transient,A,0,0,0
PRT,Online TA,0,2,No Deposit,0,Group,D,0,1,0
GBR,Direct,0,2,No Deposit,0,Transient,A,0,2,0
SWE,Online TA,0,1,No Deposit,0,Transient,D,0,0,0
PRT,Online TA,1,0,No Deposit,0,Contract,D,0,2,1
PRT,Online TA,1,0,No Deposit,0,Transient,E,0,2,1
GBR,Offline TA/TO,0,1,No Deposit,0,Transient-Party,A,0,1,0
FRA,Groups,0,1,No Deposit,0,Transient,A,0,0,0
PRT,Direct,0,1,No Deposit,0,Transient-Party,D,0,0,0
BEL,Online TA,0,0,No Deposit,0,Transient-Party,A,0,2,0
CHE,Online TA,0,0,No Deposit,0,Transient,E,0,3,0
PRT,Online TA,1,0,No Deposit,0,Transient-Party,A,0,2,1
CHE,Online TA,0,1,No Deposit,0,Transient,B,0,1,0
GBR,Offline TA/TO,0,0,No Deposit,0,Contract,E,1,1,0
ESP,Online TA,0,2,No Deposit,0,Transient,D,0,0,1
Others,Corporate,0,0,No Deposit,0,Transient-Party,A,0,0,0
ESP,Online TA,0,1,No Deposit,0,Transient-Party,G,1,0,0
DNK,Online TA,0,0,No Deposit,0,Transient,D,0,0,0
USA,Direct,0,0,No Deposit,0,Transient,F,1,0,0
BRA,Direct,0,0,No Deposit,0,Transient,C,0,0,0
PRT,Offline TA/TO,0,1,No Deposit,0,Transient-Party,D,0,0,0
Others,Online TA,0,0,No Deposit,0,Transient,H,0,2,1
PRT,Direct,0,1,No Deposit,0,Transient,E,1,3,0
Others,Online TA,0,0,No Deposit,0,Transient,F,0,1,0
PRT,Groups,0,0,No Deposit,0,Transient-Party,A,1,0,0
PRT,Corporate,0,0,No Deposit,0,Transient-Party,D,0,0,0
Others,Groups,0,1,No Deposit,0,Transient-Party,A,0,0,0
ISR,Online TA,0,0,No Deposit,0,Transient,A,0,2,0
POL,Direct,0,3,No Deposit,0,Transient,C,0,0,0
ITA,Offline TA/TO,0,1,No Deposit,40,Transient-Party,A,0,0,0
Others,Online TA,0,0,No Deposit,0,Transient,F,0,0,1
ESP,Offline TA/TO,0,1,No Deposit,0,Transient,A,1,0,0
DEU,Groups,0,2,No Deposit,0,Transient-Party,A,0,1,0
Others,Online TA,0,1,No Deposit,0,Transient,A,0,0,1
SWE,Online TA,0,0,No Deposit,0,Transient,A,0,0,1
Others,Online TA,0,1,No Deposit,0,Transient,B,0,0,1
Others,Online TA,0,0,No Deposit,0,Transient,A,0,3,0
CN,Online TA,0,1,No Deposit,0,Transient,D,0,0,0
PRT,Complementary,0,2,No Deposit,0,Transient,A,0,1,0
ROU,Online TA,0,0,No Deposit,0,Transient,A,0,3,0
Others,Direct,0,1,No Deposit,0,Transient,A,0,1,0
PRT,Offline TA/TO,1,0,No Deposit,0,Contract,A,0,0,1
FRA,Direct,0,1,No Deposit,0,Transient,A,0,0,0
DNK,Direct,0,0,No Deposit,0,Transient,A,0,1,0
DEU,Online TA,0,1,No Deposit,0,Transient,G,1,0,0
GBR,Online TA,0,1,No Deposit,0,Group,D,0,0,0
GBR,Offline TA/TO,0,1,No Deposit,0,Transient,D,0,1,0
NLD,Online TA,0,2,No Deposit,0,Transient,D,0,2,0
Others,Online TA,0,0,No Deposit,0,Transient,A,0,0,1
GBR,Direct,0,2,No Deposit,0,Transient,E,0,4,1
PRT,Online TA,0,0,No Deposit,0,Transient,D,1,3,0
PRT,Direct,0,0,No Deposit,0,Transient,H,0,2,1
AUT,Online TA,0,1,No Deposit,0,Transient-Party,G,0,2,0
PRT,Online TA,0,1,No Deposit,0,Transient,G,0,0,0
NLD,Online TA,0,1,No Deposit,0,Transient,G,0,0,0
DEU,Offline TA/TO,0,0,No Deposit,0,Contract,D,1,0,0
PRT,Direct,0,2,No Deposit,0,Transient,A,1,0,0
RUS,Online TA,0,0,No Deposit,0,Contract,A,0,1,0
Others,Direct,0,0,No Deposit,0,Transient,E,0,1,0
DEU,Online TA,0,1,No Deposit,0,Transient,E,0,4,0
GBR,Direct,0,0,No Deposit,0,Transient,A,0,3,1
IRL,Offline TA/TO,0,0,No Deposit,0,Transient,A,0,1,0
PRT,Complementary,0,0,No Deposit,0,Transient,G,1,1,0
ESP,Online TA,0,0,No Deposit,0,Transient,F,1,0,0
PRT,Corporate,1,1,No Deposit,0,Transient,A,0,2,0
ITA,Direct,0,0,No Deposit,0,Transient-Party,E,0,1,0
GBR,Groups,0,1,Refundable,0,Transient-Party,A,0,0,0
ITA,Online TA,0,2,No Deposit,0,Transient,A,0,1,0
ITA,Online TA,0,3,No Deposit,0,Transient,D,0,2,0
FIN,Direct,0,0,No Deposit,0,Transient,F,0,0,0
PRT,Offline TA/TO,0,1,No Deposit,22,Transient-Party,A,0,1,0
GBR,Direct,0,0,No Deposit,0,Transient,D,0,3,0
Others,Direct,0,0,No Deposit,0,Transient,C,1,1,0
NOR,Online TA,0,2,No Deposit,0,Transient,D,0,0,0
PRT,Aviation,0,0,No Deposit,0,Transient,A,0,1,1
Others,Online TA,0,1,No Deposit,0,Transient,A,0,1,0
PRT,Offline TA/TO,0,0,No Deposit,0,Group,A,0,0,0
NOR,Direct,0,0,No Deposit,0,Transient-Party,D,0,0,0
PRT,Direct,0,0,No Deposit,0,Transient,D,1,3,0
GBR,Online TA,0,2,No Deposit,0,Transient,D,0,0,1
GBR,Online TA,0,1,No Deposit,0,Transient-Party,A,0,1,0
IRL,Direct,0,0,No Deposit,0,Transient,E,0,0,1
CHN,Direct,0,0,No Deposit,0,Transient,E,0,0,0
ESP,Online TA,0,1,No Deposit,0,Transient,G,0,0,0
POL,Online TA,0,2,No Deposit,0,Transient,D,0,1,0
PRT,Offline TA/TO,0,0,No Deposit,0,Transient,C,0,1,0
Others,Online TA,0,0,No Deposit,0,Transient,A,0,0,1
CHE,Online TA,0,0,No Deposit,0,Transient,D,0,3,0
Others,Online TA,0,0,No Deposit,0,Transient,A,0,2,0
FRA,Offline TA/TO,0,0,No Deposit,0,Transient-Party,D,0,1,0
PRT,Direct,0,2,No Deposit,0,Transient-Party,A,0,0,0
PRT,Offline TA/TO,0,0,No Deposit,0,Group,D,0,1,1
PRT,Corporate,1,0,No Deposit,0,Transient,A,1,1,0
BEL,Online TA,0,0,No Deposit,0,Transient,F,0,0,0
GBR,Online TA,0,0,No Deposit,0,Transient,H,0,3,0
CHN,Groups,0,0,No Deposit,0,Transient-Party,D,0,1,0
IRL,Online TA,0,0,No Deposit,0,Transient,A,0,3,0
BEL,Online TA,0,0,No Deposit,0,Transient,B,0,0,0
PRT,Direct,0,2,No Deposit,0,Transient,E,0,3,0
FRA,Direct,0,1,No Deposit,0,Transient,F,1,1,0
GBR,Groups,0,2,No Deposit,0,Transient-Party,D,0,0,0
BRA,Online TA,0,0,No Deposit,0,Transient,F,0,1,1
ESP,Groups,0,1,No Deposit,0,Transient,A,0,0,0
NLD,Groups,0,2,No Deposit,0,Transient-Party,A,0,0,0
BRA,Online TA,0,1,No Deposit,0,Transient,A,1,3,0
SWE,Offline TA/TO,0,1,No Deposit,0,Transient-Party,A,0,0,0
PRT,Online TA,0,0,No Deposit,0,Transient,F,0,2,1
PRT,Online TA,0,0,No Deposit,0,Transient,D,1,0,0
FIN,Online TA,0,0,No Deposit,0,Transient,A,0,2,0
PRT,Direct,0,2,No Deposit,0,Transient-Party,G,0,0,0
ESP,Online TA,0,2,No Deposit,0,Transient,H,1,0,0
BRA,Online TA,0,1,No Deposit,0,Transient,D,0,4,1
ITA,Direct,0,2,No Deposit,0,Group,A,0,0,0
Others,Groups,0,0,No Deposit,0,Transient,A,0,1,0
FRA,Direct,0,0,No Deposit,0,Transient,A,0,0,1
PRT,Direct,1,1,No Deposit,0,Transient,A,0,4,0
NOR,Direct,0,1,No Deposit,0,Transient,D,0,3,0
DEU,Offline TA/TO,0,3,No Deposit,0,Transient,E,0,0,0
DEU,Online TA,0,0,No Deposit,0,Transient,G,1,0,0
FRA,Direct,0,2,No Deposit,0,Transient,B,0,0,1
AUT,Online TA,0,1,No Deposit,0,Transient,D,0,1,0
BEL,Direct,0,1,No Deposit,0,Transient,A,1,2,0
PRT,Direct,0,0,No Deposit,0,Transient-Party,E,0,0,1
Others,Offline TA/TO,0,0,No Deposit,0,Transient-Party,A,0,1,0
IRL,Direct,0,0,No Deposit,0,Transient,E,0,1,0
BEL,Online TA,0,0,No Deposit,0,Transient,G,0,0,1
NLD,Online TA,0,0,No Deposit,0,Transient,D,0,1,1
BEL,Online TA,0,1,No Deposit,0,Transient,E,1,2,0
ESP,Offline TA/TO,0,0,No Deposit,0,Contract,A,0,2,0
Others,Online TA,0,2,No Deposit,0,Transient,A,0,0,0
Others,Online TA,0,0,No Deposit,0,Transient,A,0,0,0
FRA,Online TA,0,1,No Deposit,0,Transient-Party,A,0,0,0
USA,Corporate,0,0,No Deposit,0,Transient-Party,A,0,1,0
Others,Online TA,0,0,No Deposit,0,Transient,F,0,2,1
FRA,Corporate,0,0,No Deposit,0,Transient-Party,D,0,0,0
BEL,Online TA,0,0,No Deposit,0,Transient,A,1,0,0
DEU,Online TA,0,2,No Deposit,0,Transient,D,0,0,0
GBR,Online TA,0,3,No Deposit,0,Transient,A,0,2,1
Others,Online TA,0,0,No Deposit,0,Transient,H,0,0,1
NLD,Groups,0,0,Refundable,0,Transient-Party,A,0,0,0
PRT,Online TA,0,1,No Deposit,0,Transient,E,0,1,1
Others,Online TA,0,0,No Deposit,0,Transient-Party,E,0,1,0
BRA,Offline TA/TO,0,0,No Deposit,0,Transient,E,0,1,0
USA,Direct,0,1,No Deposit,0,Transient,A,1,1,0
ESP,Offline TA/TO,0,3,No Deposit,0,Transient,A,0,0,0
POL,Corporate,0,1,No Deposit,0,Transient-Party,A,0,1,0
IRL,Online TA,0,0,No Deposit,0,Transient,H,0,0,1
FIN,Online TA,0,0,No Deposit,0,Transient,A,0,0,1
FRA,Groups,0,0,No Deposit,0,Transient,A,0,1,0
Others,Online TA,0,1,No Deposit,0,Transient,A,0,0,0
NLD,Online TA,0,1,No Deposit,0,Transient,B,0,2,0
IRL,Online TA,0,1,No Deposit,0,Transient,E,0,1,1
PRT,Online TA,0,8,No Deposit,0,Transient-Party,D,1,4,0
Others,Online TA,0,0,No Deposit,0,Transient,A,0,1,1
PRT,Online TA,0,0,No Deposit,0,Transient,F,0,4,0
DEU,Offline TA/TO,0,0,No Deposit,0,Transient,D,1,1,0
SWE,Offline TA/TO,0,1,No Deposit,0,Transient-Party,A,0,1,0
ESP,Online TA,0,0,No Deposit,0,Transient-Party,A,0,3,0
NLD,Offline TA/TO,0,1,No Deposit,0,Transient,A,0,2,0
Others,Online TA,0,0,No Deposit,0,Transient-Party,A,0,0,1
PRT,Online TA,0,1,No Deposit,0,Contract,F,0,1,1
POL,Direct,0,0,No Deposit,0,Transient,G,0,0,1
CN,Offline TA/TO,0,1,No Deposit,0,Transient,A,0,0,0
CHE,Online TA,0,0,No Deposit,0,Contract,A,0,2,0
PRT,Online TA,0,0,No Deposit,0,Transient,C,0,0,0
BRA,Online TA,0,0,No Deposit,0,Contract,A,0,2,0
PRT,Corporate,2,1,No Deposit,0,Transient,A,0,0,1
BRA,Offline TA/TO,0,2,No Deposit,0,Transient,A,0,0,0
PRT,Complementary,1,0,No Deposit,0,Transient,A,0,1,1
DNK,Direct,0,2,No Deposit,0,Transient,A,1,2,0
FRA,Online TA,0,5,No Deposit,0,Transient,A,0,0,0
NOR,Online TA,0,0,No Deposit,0,Transient,A,0,2,1
Others,Online TA,0,0,No Deposit,0,Transient,A,0,0,0
NOR,Offline TA/TO,0,1,No Deposit,0,Transient,D,0,1,0
ITA,Direct,0,0,No Deposit,0,Transient-Party,A,0,0,0
CHE,Online TA,0,1,No Deposit,0,Transient,A,0,1,0
Others,Online TA,0,0,No Deposit,0,Transient,D,0,0,0
SWE,Online TA,0,0,No Deposit,0,Transient,A,0,2,1
ESP,Online TA,0,0,No Deposit,0,Transient,E,1,0,0
CN,Online TA,0,0,No Deposit,0,Transient,D,1,1,0
DNK,Direct,0,0,No Deposit,0,Transient,A,0,0,0
Others,Online TA,0,0,No Deposit,0,Transient-Party,A,0,1,1
Others,Online TA,0,0,No Deposit,0,Contract,A,0,2,0
GBR,Corporate,0,1,No Deposit,0,Transient-Party,C,1,0,0
USA,Online TA,0,0,No Deposit,0,Transient,F,1,1,0
BRA,Direct,0,1,No Deposit,0,Transient,A,0,0,0
PRT,Offline TA/TO,0,0,No Deposit,0,Transient,E,0,1,1
PRT,Offline TA/TO,0,0,No Deposit,0,Transient,D,0,3,0
IRL,Direct,0,0,No Deposit,0,Transient-Party,D,0,0,0
FRA,Online TA,0,2,No Deposit,0,Transient,A,1,0,0
PRT,Direct,0,4,No Deposit,0,Transient,C,0,0,0
IRL,Offline TA/TO,0,1,No Deposit,0,Transient,E,0,0,0
PRT,Corporate,0,1,No Deposit,0,Transient,D,0,1,0
ITA,Direct,0,0,No Deposit,0,Transient-Party,A,0,2,0
IRL,Online TA,0,0,No Deposit,0,Transient,D,0,4,0
Others,Offline TA/TO,0,0,No Deposit,0,Transient,A,0,0,0
FRA,Online TA,0,2,No Deposit,0,Transient-Party,A,1,1,0
IRL,Online TA,0,0,No Deposit,0,Transient-Party,A,0,0,1
DEU,Direct,0,1,No Deposit,0,Transient,D,0,0,0
GBR,Online TA,0,0,No Deposit,0,Transient,E,0,3,1
Others,Online TA,0,0,No Deposit,0,Transient,D,0,2,1
AUT,Online TA,0,1,No Deposit,0,Transient,A,0,0,0
CHN,Online TA,0,0,No Deposit,0,Transient,D,0,1,1
NLD,Online TA,0,0,No Deposit,0,Transient,A,1,2,0
BRA,Online TA,0,0,No Deposit,0,Transient-Party,D,0,1,0
Others,Online TA,0,0,No Deposit,0,Contract,A,1,1,0
NLD,Online TA,0,2,No Deposit,0,Transient,A,0,1,0
DEU,Online TA,0,2,No Deposit,0,Transient-Party,A,0,1,0
PRT,Offline TA/TO,0,0,No Deposit,0,Transient-Party,A,1,0,0
Others,Direct,0,2,No Deposit,0,Transient-Party,A,0,0,0
Others,Online TA,0,0,No Deposit,0,Transient,A,0,1,1
ESP,Online TA,0,1,No Deposit,0,Transient,A,0,0,0
PRT,Online TA,0,5,No Deposit,0,Transient,D,0,2,0
Others,Online TA,0,0,No Deposit,0,Transient,A,1,2,0
ISR,Online TA,0,1,No Deposit,0,Transient,A,0,0,0
CHN,Online TA,0,0,No Deposit,0,Transient-Party,A,0,1,0
DEU,Online TA,0,1,No Deposit,0,Transient,D,0,3,0
PRT,Online TA,0,3,No Deposit,0,Transient,A,0,0,1
PRT,Corporate,0,1,Non Refund,0,Transient-Party,E,0,0,0
DEU,Offline TA/TO,0,3,No Deposit,0,Transient-Party,A,0,0,0
POL,Online TA,11,0,No Deposit,0,Transient,A,0,1,0
ESP,Direct,0,2,No Deposit,0,Group,H,0,0,0
PRT,Offline TA/TO,0,0,No Deposit,0,Contract,E,0,0,0
Others,Online TA,0,0,No Deposit,0,Transient,A,0,1,1
PRT,Direct,1,0,No Deposit,0,Transient,A,0,2,1
PRT,Groups,0,2,No Deposit,0,Transient-Party,D,0,0,0
ESP,Direct,0,0,No Deposit,0,Transient,A,0,0,1
Others,Online TA,0,0,No Deposit,0,Transient,A,0,1,0
PRT,Direct,0,2,No Deposit,0,Transient,C,0,0,0
Others,Corporate,0,0,No Deposit,0,Transient,D,0,0,0
ITA,Online TA,0,0,No Deposit,0,Transient,H,1,1,0
ESP,Direct,0,2,No Deposit,0,Transient,D,0,1,0
CN,Offline TA/TO,0,0,No Deposit,0,Transient-Party,E,0,0,0
CHE,Online TA,0,0,No Deposit,0,Transient,E,0,0,1
Others,Direct,0,0,No Deposit,0,Transient,A,1,0,0
NLD,Corporate,0,0,No Deposit,0,Transient,D,1,0,0
FRA,Online TA,0,0,No Deposit,0,Transient,G,0,2,1
Others,Online TA,0,2,No Deposit,0,Transient,D,0,1,0
SWE,Online TA,0,2,No Deposit,0,Transient,A,0,1,0
GBR,Online TA,0,5,No Deposit,0,Transient,A,0,1,0
FRA,Online TA,0,2,No Deposit,0,Transient,A,1,1,0
DNK,Complementary,0,0,No Deposit,0,Transient,A,0,0,0
USA,Online TA,0,0,No Deposit,0,Transient,C,0,1,0
ESP,Online TA,0,0,No Deposit,0,Transient-Party,E,1,1,0
BEL,Direct,0,1,No Deposit,0,Transient,G,1,1,0
USA,Direct,0,2,No Deposit,0,Transient,D,0,0,1
PRT,Corporate,1,0,No Deposit,0,Transient,D,0,2,0
CHE,Online TA,0,0,No Deposit,0,Transient,C,0,1,1
BEL,Online TA,0,0,No Deposit,0,Transient,A,1,1,0
CHE,Online TA,0,0,No Deposit,0,Transient,F,1,1,0
USA,Online TA,0,0,No Deposit,0,Transient,A,1,1,0
PRT,Online TA,0,0,Non Refund,0,Transient,A,0,0,1
ISR,Online TA,0,2,No Deposit,0,Transient,D,0,2,1
DEU,Direct,0,2,No Deposit,0,Transient,A,0,0,0
IRL,Online TA,0,5,No Deposit,0,Transient-Party,E,0,0,1
GBR,Online TA,0,2,No Deposit,0,Transient-Party,D,0,0,0
PRT,Online TA,1,0,No Deposit,0,Transient-Party,A,0,3,1
FRA,Online TA,0,1,No Deposit,0,Transient,A,1,0,0
FRA,Online TA,0,1,No Deposit,0,Transient,F,1,2,0
PRT,Complementary,0,0,No Deposit,0,Transient,E,0,2,0
FRA,Online TA,0,3,No Deposit,0,Transient,E,0,0,1
POL,Offline TA/TO,0,0,No Deposit,0,Transient,E,0,0,0
USA,Direct,0,0,No Deposit,0,Transient,H,1,0,0
PRT,Corporate,6,1,No Deposit,0,Transient,A,0,2,0
GBR,Offline TA/TO,0,1,No Deposit,0,Contract,D,0,2,0
NLD,Groups,0,1,No Deposit,0,Transient-Party,A,0,0,0
PRT,Offline TA/TO,0,0,No Deposit,0,Transient,A,1,2,0
BEL,Groups,0,0,No Deposit,0,Transient-Party,D,0,0,0
USA,Online TA,0,3,No Deposit,0,Transient,B,1,1,0
ESP,Online TA,0,0,No Deposit,0,Transient,A,1,3,0
Others,Online TA,0,1,No Deposit,0,Transient,A,0,2,0
PRT,Online TA,0,2,No Deposit,0,Transient,A,1,0,0
ROU,Online TA,0,3,No Deposit,0,Transient,D,0,1,0
GBR,Online TA,0,1,No Deposit,0,Contract,A,0,4,0
PRT,Corporate,0,2,No Deposit,0,Transient-Party,D,0,0,0
Others,Online TA,0,1,No Deposit,0,Transient-Party,C,0,0,0
ESP,Direct,0,0,No Deposit,0,Transient,G,1,0,0
ITA,Online TA,0,0,No Deposit,0,Transient,E,0,1,1
NLD,Direct,0,0,No Deposit,0,Transient,D,0,1,0
GBR,Direct,0,0,Refundable,0,Transient-Party,A,0,1,0
GBR,Online TA,0,0,No Deposit,0,Transient-Party,D,0,2,0
Others,Online TA,0,2,No Deposit,0,Transient-Party,D,0,2,0
PRT,Groups,0,3,No Deposit,0,Transient-Party,E,0,1,0
ESP,Aviation,0,1,No Deposit,0,Transient-Party,D,0,0,1
ITA,Aviation,0,0,No Deposit,0,Transient,A,0,0,0
Others,Online TA,0,0,No Deposit,0,Transient,A,0,1,0
ESP,Offline TA/TO,0,1,No Deposit,0,Transient-Party,F,1,1,0
Others,Online TA,0,0,No Deposit,0,Transient,A,0,1,0
BRA,Online TA,0,0,No Deposit,0,Contract,A,0,0,0
GBR,Online TA,0,0,No Deposit,0,Contract,A,0,0,0
PRT,Direct,0,0,No Deposit,0,Transient,C,1,2,0
PRT,Offline TA/TO,1,0,No Deposit,0,Transient,A,0,1,1
ITA,Direct,0,0,No Deposit,0,Transient,E,0,0,0
PRT,Offline TA/TO,0,1,No Deposit,0,Group,D,0,0,0
ITA,Online TA,0,1,No Deposit,0,Transient,E,0,3,0
PRT,Corporate,2,0,No Deposit,0,Transient,A,0,1,0
FRA,Online TA,0,2,No Deposit,0,Transient,D,0,0,1
ESP,Online TA,0,0,No Deposit,0,Contract,B,1,0,0
Others,Direct,0,3,No Deposit,0,Transient,A,0,0,0
POL,Direct,0,0,No Deposit,0,Transient,A,0,2,0
BRA,Online TA,0,0,No Deposit,0,Transient,E,0,2,0
GBR,Online TA,0,0,No Deposit,0,Transient,A,1,2,0
PRT,Complementary,0,0,No Deposit,0,Transient,A,0,4,0
ISR,Online TA,0,0,No Deposit,0,Transient,A,1,2,0
PRT,Online TA,0,0,No Deposit,0,Transient,D,0,3,0
NOR,Online TA,0,2,No Deposit,0,Transient-Party,A,0,0,0
GBR,Online TA,0,0,No Deposit,0,Transient-Party,E,0,0,0
CHN,Online TA,0,1,No Deposit,0,Transient-Party,D,1,1,0
Others,Direct,0,0,No Deposit,0,Transient,E,0,0,1
ITA,Direct,0,0,No Deposit,0,Transient,F,0,0,0
Others,Direct,0,0,No Deposit,0,Transient,A,0,0,1
POL,Online TA,0,0,No Deposit,0,Transient,H,1,0,0
PRT,Corporate,0,3,No Deposit,0,Transient-Party,A,0,0,0
PRT,Complementary,0,2,No Deposit,0,Transient,A,0,0,0
PRT,Groups,0,0,Non Refund,18,Transient,A,0,0,1
PRT,Online TA,0,0,No Deposit,0,Transient-Party,A,1,2,0
BRA,Online TA,0,2,No Deposit,0,Transient-Party,E,0,1,0
CN,Direct,0,0,No Deposit,0,Transient,C,0,1,0
GBR,Online TA,0,2,No Deposit,0,Transient,A,1,1,0
Others,Direct,0,1,No Deposit,0,Transient-Party,B,0,0,0
ESP,Online TA,0,1,No Deposit,0,Transient-Party,E,0,1,0
PRT,Offline TA/TO,0,0,No Deposit,58,Transient-Party,A,0,0,0
PRT,Complementary,0,0,No Deposit,0,Transient,F,0,2,0
Others,Online TA,0,0,No Deposit,0,Transient,D,1,1,0
ISR,Direct,0,0,No Deposit,0,Transient,D,0,2,1
Others,Online TA,0,1,No Deposit,0,Transient-Party,A,1,1,0
Others,Online TA,0,0,No Deposit,0,Transient,A,0,1,0
PRT,Online TA,0,2,No Deposit,0,Transient,A,0,2,1
BEL,Groups,0,0,No Deposit,0,Transient-Party,A,1,0,0
BEL,Online TA,0,0,No Deposit,0,Transient,A,1,2,0
PRT,Online TA,0,1,No Deposit,0,Transient-Party,H,0,2,0
IRL,Direct,0,1,No Deposit,0,Transient-Party,G,0,1,0
ITA,Online TA,0,1,No Deposit,0,Transient,D,0,0,1
ESP,Online TA,0,1,No Deposit,0,Transient,G,0,1,0
FRA,Online TA,0,2,No Deposit,0,Transient,F,0,3,0
DEU,Online TA,0,1,No Deposit,0,Transient,A,0,3,0
Others,Offline TA/TO,0,0,No Deposit,0,Transient-Party,A,0,0,0
PRT,Complementary,0,0,No Deposit,0,Transient,D,0,1,0
Others,Online TA,0,1,No Deposit,0,Transient,A,0,1,0
ITA,Online TA,0,0,No Deposit,0,Transient,H,0,0,1
ITA,Groups,0,0,No Deposit,0,Transient,A,0,1,0
CHN,Direct,0,0,No Deposit,0,Transient,D,0,0,0
PRT,Offline TA/TO,0,1,No Deposit,0,Transient,A,0,2,0
NLD,Online TA,0,1,No Deposit,0,Transient-Party,B,0,3,0
GBR,Direct,0,0,No Deposit,0,Transient-Party,B,0,0,0
BRA,Online TA,0,1,No Deposit,0,Transient,E,1,1,0
PRT,Online TA,0,2,No Deposit,0,Transient,D,0,1,1
Others,Online TA,0,0,No Deposit,0,Transient,D,0,3,0
BRA,Online TA,0,2,No Deposit,0,Transient,A,0,3,0
NLD,Offline TA/TO,0,0,No Deposit,0,Transient,A,0,3,0
IRL,Online TA,0,0,No Deposit,0,Transient,E,0,3,0
DEU,Groups,0,1,No Deposit,0,Transient-Party,A,0,2,0
AUT,Online TA,0,17,No Deposit,0,Transient,A,0,1,0
USA,Offline TA/TO,0,1,No Deposit,0,Transient,A,0,3,0
Others,Direct,0,0,No Deposit,0,Transient,E,0,0,0
ITA,Groups,0,0,Refundable,0,Transient-Party,A,0,0,0
ESP,Offline TA/TO,0,2,No Deposit,0,Group,A,1,1,0
Others,Direct,0,0,No Deposit,0,Transient,A,0,1,0
Others,Online TA,0,0,No Deposit,0,Transient,D,0,0,0
Others,Online TA,0,0,No Deposit,0,Transient,A,0,3,1
PRT,Direct,0,4,No Deposit,0,Transient-Party,A,0,1,0
PRT,Online TA,0,0,No Deposit,0,Transient,C,0,1,1
PRT,Direct,0,4,No Deposit,0,Transient,A,0,0,0
PRT,Corporate,0,2,No Deposit,0,Contract,A,0,0,0
RUS,Online TA,0,2,No Deposit,0,Transient,A,0,0,1
PRT,Online TA,0,1,No Deposit,0,Transient-Party,E,0,3,0
NLD,Online TA,0,0,No Deposit,0,Transient,E,0,2,0
ESP,Online TA,0,1,No Deposit,0,Transient,B,0,0,1
POL,Online TA,0,0,No Deposit,0,Transient,G,0,0,1
Others,Groups,0,0,No Deposit,0,Transient-Party,A,0,0,0
FRA,Online TA,0,3,No Deposit,0,Transient-Party,B,0,1,0
POL,Corporate,0,3,No Deposit,0,Transient-Party,E,0,0,0
BRA,Groups,0,0,No Deposit,0,Transient-Party,D,0,0,0
PRT,Offline TA/TO,1,1,Non Refund,0,Transient-Party,A,0,0,1
PRT,Groups,1,2,No Deposit,0,Transient,A,1,0,0
BEL,Online TA,0,0,No Deposit,0,Transient,E,0,0,0
GBR,Online TA,0,0,No Deposit,0,Transient-Party,A,0,2,0
ITA,Offline TA/TO,0,6,No Deposit,0,Transient-Party,A,0,0,0
FRA,Offline TA/TO,0,4,No Deposit,0,Transient-Party,A,0,0,0
IRL,Online TA,0,2,No Deposit,0,Transient,A,0,0,0
Others,Online TA,0,0,No Deposit,0,Transient,F,0,0,1
POL,Online TA,0,0,No Deposit,0,Transient,H,0,0,1
Others,Online TA,0,0,No Deposit,0,Transient,E,0,0,0
IRL,Online TA,0,0,No Deposit,0,Transient,C,0,0,1
ESP,Online TA,0,0,No Deposit,0,Transient,F,0,1,1
RUS,Offline TA/TO,0,0,No Deposit,0,Transient-Party,A,0,0,0
CHE,Groups,0,2,No Deposit,0,Transient-Party,D,0,2,0
FRA,Online TA,0,3,No Deposit,0,Transient-Party,A,0,0,1
PRT,Offline TA/TO,0,2,No Deposit,56,Transient,A,0,0,0
POL,Corporate,0,1,No Deposit,0,Transient,A,0,0,0
Others,Online TA,0,2,No Deposit,0,Transient,C,0,0,0
PRT,Direct,0,2,No Deposit,0,Transient,A,0,3,1
PRT,Direct,0,0,No Deposit,0,Transient,C,0,0,1
BRA,Direct,0,0,No Deposit,0,Transient,A,1,1,0
Others,Groups,0,0,No Deposit,13,Transient-Party,A,0,0,0
BEL,Direct,0,0,No Deposit,0,Transient,A,1,2,0
BRA,Direct,0,1,No Deposit,0,Transient,D,0,1,0
BEL,Direct,0,0,No Deposit,0,Transient,A,0,1,0
PRT,Online TA,0,1,No Deposit,0,Group,A,0,0,0
GBR,Offline TA/TO,0,0,No Deposit,0,Contract,D,1,1,0
Others,Direct,0,0,No Deposit,0,Transient-Party,B,0,1,0
Others,Online TA,0,2,No Deposit,0,Transient,A,0,0,1
CN,Direct,0,0,No Deposit,0,Transient,A,0,2,0
ESP,Online TA,0,3,No Deposit,0,Transient,A,1,0,0
Others,Online TA,0,0,No Deposit,0,Transient-Party,A,0,0,0
ESP,Online TA,0,1,No Deposit,0,Transient,A,0,3,0
PRT,Offline TA/TO,0,0,Non Refund,30,Transient,A,0,0,1
ESP,Direct,0,0,No Deposit,0,Transient,C,1,0,0
PRT,Online TA,1,0,No Deposit,0,Transient,D,0,2,1
RUS,Direct,0,0,No Deposit,0,Transient,A,0,3,0
Others,Online TA,0,0,No Deposit,0,Transient,A,1,1,0
Others,Offline TA/TO,0,1,No Deposit,0,Transient-Party,A,0,1,0
Others,Online TA,0,0,No Deposit,0,Transient,A,0,0,0
USA,Online TA,0,0,No Deposit,0,Transient,F,0,2,1
DEU,Online TA,0,0,No Deposit,0,Transient,E,0,2,0
CN,Online TA,0,1,No Deposit,0,Transient,H,0,0,0
ESP,Online TA,0,3,No Deposit,0,Transient,D,0,2,1
Others,Online TA,0,0,No Deposit,0,Transient,F,0,0,1
PRT,Online TA,0,4,No Deposit,0,Transient,A,0,1,0
AUT,Corporate,0,1,No Deposit,0,Transient-Party,A,0,0,0
Others,Corporate,0,0,No Deposit,0,Transient,F,0,0,0
GBR,Groups,0,1,No Deposit,0,Transient-Party,A,1,1,0
PRT,Complementary,0,2,No Deposit,0,Transient,B,0,0,0
PRT,Groups,1,1,Non Refund,0,Transient,A,0,0,1
Others,Corporate,0,1,No Deposit,15,Transient-Party,A,0,0,0
POL,Offline TA/TO,0,1,No Deposit,0,Transient,A,0,1,0
ROU,Online TA,0,0,No Deposit,0,Contract,A,0,0,0
FRA,Direct,0,1,No Deposit,0,Transient,A,0,0,1
ITA,Offline TA/TO,0,3,No Deposit,4,Transient-Party,A,0,0,0
PRT,Direct,0,3,No Deposit,0,Transient,E,1,2,0
ESP,Online TA,0,2,No Deposit,0,Transient,F,0,1,1
Others,Direct,0,1,No Deposit,0,Transient,D,0,1,0
AUT,Corporate,0,0,No Deposit,0,Transient,A,0,0,0
USA,Online TA,0,1,No Deposit,0,Transient,A,0,1,0
SWE,Direct,0,0,No Deposit,0,Transient,A,0,0,1
GBR,Offline TA/TO,0,1,No Deposit,0,Transient,E,0,1,0
USA,Online TA,0,0,No Deposit,0,Transient-Party,E,1,1,0
CHN,Online TA,0,0,No Deposit,0,Contract,F,0,1,0
CHN,Direct,0,3,No Deposit,0,Transient,F,0,0,0
BEL,Direct,0,0,No Deposit,0,Transient-Party,B,0,1,0
PRT,Online TA,0,4,No Deposit,0,Transient,A,1,1,0
USA,Offline TA/TO,0,0,No Deposit,0,Transient,E,0,0,0
Others,Direct,0,0,No Deposit,0,Transient-Party,A,0,0,0
GBR,Online TA,0,1,No Deposit,0,Transient-Party,B,0,0,1
PRT,Corporate,0,1,Non Refund,0,Transient-Party,E,0,0,1
PRT,Online TA,0,1,No Deposit,0,Transient-Party,A,1,1,0
ESP,Offline TA/TO,0,2,No Deposit,0,Transient,F,0,0,0
IRL,Online TA,0,6,No Deposit,0,Transient,F,0,0,1
ESP,Direct,0,2,No Deposit,0,Transient,F,0,1,0
Others,Online TA,0,0,No Deposit,0,Transient,D,0,1,0
FRA,Offline TA/TO,0,0,No Deposit,0,Transient,A,1,0,0
IRL,Offline TA/TO,0,1,No Deposit,0,Transient-Party,D,0,0,0
ESP,Online TA,0,2,No Deposit,0,Transient,G,0,0,1
Others,Offline TA/TO,0,0,No Deposit,0,Transient,D,0,0,0
Others,Online TA,0,0,No Deposit,0,Transient,A,0,1,0
PRT,Offline TA/TO,1,0,No Deposit,0,Transient,D,0,1,1
PRT,Direct,0,0,No Deposit,0,Transient-Party,E,0,1,0
AUT,Offline TA/TO,0,0,No Deposit,0,Transient-Party,A,0,0,0
Others,Online TA,0,0,No Deposit,0,Transient,E,0,2,0
FRA,Corporate,0,0,No Deposit,0,Transient-Party,A,0,0,1
PRT,Offline TA/TO,0,0,No Deposit,59,Transient-Party,A,0,0,0
ITA,Online TA,0,1,No Deposit,0,Transient,A,0,0,0
DNK,Online TA,0,1,No Deposit,0,Transient,A,0,2,0
ESP,Offline TA/TO,0,0,No Deposit,0,Transient-Party,E,1,1,0
USA,Offline TA/TO,0,0,No Deposit,0,Transient,A,0,0,1
CN,Online TA,0,1,No Deposit,0,Transient,E,1,0,0
ISR,Direct,0,0,No Deposit,0,Transient,A,0,0,0
DEU,Direct,0,0,No Deposit,0,Transient,E,0,1,1
ESP,Groups,0,0,No Deposit,0,Transient-Party,A,0,0,1
ITA,Online TA,0,0,No Deposit,0,Transient,F,0,1,0
Others,Online TA,0,1,No Deposit,0,Transient-Party,A,0,0,0
Others,Direct,0,0,No Deposit,0,Transient,A,1,1,0
ESP,Direct,0,1,No Deposit,0,Transient,H,1,1,0
PRT,Offline TA/TO,0,0,No Deposit,33,Transient-Party,A,0,0,0
PRT,Offline TA/TO,0,2,No Deposit,0,Transient-Party,A,0,0,1
PRT,Online TA,0,0,No Deposit,0,Transient-Party,B,0,1,1
ESP,Direct,0,1,No Deposit,0,Transient,E,0,1,0
Others,Online TA,0,0,No Deposit,0,Transient,D,0,1,1
ITA,Direct,0,1,No Deposit,0,Transient,B,0,1,0
IRL,Direct,0,0,No Deposit,0,Transient,E,0,2,1
Others,Online TA,0,0,No Deposit,0,Transient,A,0,3,1
Others,Offline TA/TO,0,0,No Deposit,0,Transient,A,0,0,0
AUT,Online TA,0,2,No Deposit,0,Transient-Party,D,0,0,1
Others,Offline TA/TO,0,2,No Deposit,0,Transient-Party,A,0,0,0
PRT,Complementary,2,0,No Deposit,0,Transient,A,0,2,1
FRA,Direct,0,1,No Deposit,0,Transient,F,0,0,1
FRA,Direct,0,0,No Deposit,0,Transient,A,0,3,0
PRT,Online TA,3,0,No Deposit,0,Transient,A,0,1,1
DEU,Online TA,0,1,No Deposit,0,Transient-Party,A,0,0,0
Others,Online TA,0,0,No Deposit,0,Transient,A,0,2,0
NLD,Online TA,0,0,No Deposit,0,Contract,D,0,1,0
BEL,Online TA,0,1,No Deposit,0,Transient,A,0,3,1
GBR,Offline TA/TO,0,2,No Deposit,0,Transient,A,0,1,0
ESP,Online TA,0,2,No Deposit,0,Transient,E,0,1,0
Others,Online TA,0,0,No Deposit,0,Transient,E,0,0,0
AUT,Groups,0,1,No Deposit,0,Transient-Party,A,0,0,0
BEL,Online TA,0,2,No Deposit,0,Transient,A,0,0,1
Others,Offline TA/TO,0,0,No Deposit,0,Transient-Party,A,0,0,0
USA,Offline TA/TO,0,0,No Deposit,0,Transient,E,0,2,0
PRT,Direct,0,2,No Deposit,0,Transient,A,1,1,0
IRL,Offline TA/TO,0,2,No Deposit,0,Transient,A,0,1,0
FRA,Online TA,11,0,No Deposit,0,Transient,D,0,1,0
ESP,Online TA,0,0,No Deposit,0,Transient-Party,A,1,3,0
Others,Online TA,0,0,No Deposit,0,Transient,D,0,2,0
CHN,Online TA,0,0,No Deposit,0,Transient-Party,A,1,1,0
FIN,Online TA,0,2,No Deposit,0,Transient,A,0,0,0
ESP,Corporate,0,1,No Deposit,0,Transient-Party,A,0,2,0
USA,Offline TA/TO,0,0,No Deposit,0,Transient,D,0,1,0
ROU,Online TA,0,2,No Deposit,0,Transient,A,0,1,0
DEU,Direct,0,1,No Deposit,0,Transient,F,0,1,1
Others,Online TA,0,2,No Deposit,0,Transient,A,0,1,0
PRT,Direct,0,0,No Deposit,0,Transient,B,1,1,0
GBR,Online TA,0,0,No Deposit,0,Transient,B,0,3,0
FRA,Online TA,0,1,No Deposit,0,Transient,E,1,2,0
PRT,Direct,0,0,No Deposit,0,Transient-Party,A,1,0,0
Others,Groups,0,1,No Deposit,0,Transient-Party,D,0,2,0
CN,Online TA,0,0,No Deposit,0,Transient,E,0,2,0
Others,Online TA,0,2,No Deposit,0,Transient-Party,E,0,1,0
CHN,Online TA,0,1,No Deposit,0,Transient,D,0,3,0
DEU,Online TA,0,2,No Deposit,0,Transient,D,0,2,0
PRT,Offline TA/TO,0,0,No Deposit,0,Transient-Party,E,0,1,1
Others,Online TA,0,0,No Deposit,0,Transient,A,0,2,0
Others,Direct,1,0,No Deposit,0,Transient,A,0,0,1
ESP,Online TA,0,1,No Deposit,0,Transient,D,0,1,0
ITA,Online TA,0,5,No Deposit,0,Transient-Party,F,0,1,0
Others,Online TA,0,0,No Deposit,0,Transient,H,1,0,0
SWE,Corporate,0,1,No Deposit,0,Transient,E,0,0,0
IRL,Online TA,0,2,No Deposit,0,Transient,G,0,0,1
ESP,Online TA,0,0,No Deposit,0,Transient,C,0,3,0
Others,Online TA,0,0,No Deposit,0,Transient,A,0,3,0
Others,Direct,0,0,No Deposit,0,Transient,A,0,1,0
Others,Online TA,0,2,No Deposit,0,Transient,F,0,0,1
Others,Online TA,0,0,No Deposit,0,Transient,D,0,2,0
ESP,Online TA,0,0,No Deposit,0,Contract,A,0,3,0
GBR,Direct,0,0,No Deposit,0,Transient-Party,D,0,1,0
CN,Direct,0,0,No Deposit,0,Transient-Party,A,0,0,0
ITA,Online TA,0,0,No Deposit,0,Transient,E,0,0,0
CN,Offline TA/TO,0,1,No Deposit,0,Transient,E,0,0,0
Others,Groups,0,2,No Deposit,0,Transient-Party,A,0,0,0
ISR,Direct,0,2,No Deposit,0,Transient,A,1,2,0
NLD,Offline TA/TO,0,1,No Deposit,0,Transient,E,0,1,0
AUT,Online TA,0,0,No Deposit,0,Transient-Party,A,0,0,0
FRA,Direct,0,1,No Deposit,0,Transient,C,0,0,0
DNK,Direct,0,0,No Deposit,0,Transient,G,0,2,0
ROU,Direct,0,1,No Deposit,0,Transient,A,0,1,0
ESP,Online TA,0,1,No Deposit,0,Transient-Party,B,0,1,0
USA,Groups,0,2,No Deposit,0,Transient-Party,A,0,0,0
Others,Online TA,0,0,No Deposit,0,Transient,E,0,2,1
Others,Online TA,0,0,No Deposit,0,Contract,A,0,2,0
Others,Offline TA/TO,0,0,No Deposit,0,Transient,D,0,0,0
Others,Offline TA/TO,0,0,No Deposit,0,Transient,A,0,1,0
PRT,Complementary,2,1,No Deposit,0,Transient,D,0,2,0
Others,Online TA,0,0,No Deposit,0,Transient,D,0,0,1
ISR,Online TA,0,0,No Deposit,0,Transient,D,0,1,0
PRT,Corporate,0,1,No Deposit,0,Transient,D,0,0,0
CHE,Online TA,0,3,No Deposit,0,Transient,E,0,2,0
ESP,Online TA,0,6,No Deposit,0,Transient,A,0,1,1
PRT,Groups,13,0,No Deposit,31,Transient-Party,A,0,0,1
Others,Online TA,0,0,No Deposit,0,Transient,E,0,3,0
USA,Online TA,0,0,No Deposit,0,Transient,B,0,2,1
Others,Online TA,0,1,No Deposit,0,Transient,D,0,0,1
GBR,Online TA,0,1,No Deposit,0,Transient-Party,H,0,2,0
Others,Online TA,0,0,No Deposit,0,Transient-Party,A,0,1,0
PRT,Online TA,0,2,No Deposit,0,Transient-Party,A,1,1,0
Others,Offline TA/TO,0,0,No Deposit,0,Contract,A,0,0,0
NOR,Online TA,0,0,No Deposit,0,Transient,F,0,2,0
PRT,Offline TA/TO,0,0,Non Refund,25,Transient,A,0,0,1
IRL,Groups,0,1,No Deposit,0,Transient-Party,D,0,0,0
BRA,Online TA,0,1,No Deposit,0,Transient,A,0,0,1
Others,Offline TA/TO,0,0,No Deposit,0,Transient,D,0,1,0
Others,Online TA,0,0,No Deposit,0,Transient,A,0,1,0
DEU,Online TA,0,0,No Deposit,0,Transient-Party,B,0,1,0
PRT,Offline TA/TO,0,0,No Deposit,0,Transient,E,0,2,1
CN,Groups,0,1,No Deposit,0,Transient-Party,E,0,2,0
USA,Online TA,0,0,No Deposit,0,Transient,E,1,1,0
PRT,Online TA,0,0,Non Refund,0,Transient,D,0,0,1
NLD,Online TA,0,0,No Deposit,0,Group,A,0,1,0
GBR,Online TA,0,0,No Deposit,0,Group,D,0,2,0
PRT,Direct,0,0,Non Refund,0,Transient,A,0,0,1
USA,Online TA,0,1,No Deposit,0,Transient,G,0,2,0
Others,Online TA,0,0,No Deposit,0,Transient,A,0,0,0
Others,Online TA,0,1,No Deposit,0,Transient,F,0,1,0
PRT,Online TA,0,0,No Deposit,0,Transient-Party,B,0,1,0
USA,Direct,0,3,No Deposit,0,Transient,G,0,1,0
SWE,Online TA,0,0,No Deposit,0,Transient,A,1,1,0
PRT,Online TA,0,0,No Deposit,0,Contract,A,0,0,0
NLD,Online TA,0,0,No Deposit,0,Contract,B,0,0,0
DEU,Groups,0,2,No Deposit,0,Transient,A,0,0,0
RUS,Groups,0,1,No Deposit,0,Transient-Party,D,0,0,0
ITA,Online TA,0,2,No Deposit,0,Transient,F,0,1,0
USA,Online TA,0,3,No Deposit,0,Transient,D,0,0,1
USA,Online TA,0,0,No Deposit,0,Contract,A,0,1,0
GBR,Online TA,0,2,No Deposit,0,Transient-Party,A,0,2,0
FIN,Direct,0,0,No Deposit,0,Transient-Party,A,0,0,0
ESP,Online TA,0,0,No Deposit,0,Contract,A,1,2,0
FRA,Direct,0,1,No Deposit,0,Transient,E,0,1,0
GBR,Online TA,0,1,No Deposit,0,Transient-Party,F,0,2,1
PRT,Complementary,0,3,No Deposit,0,Transient,A,0,0,0
Others,Online TA,0,0,No Deposit,0,Transient,E,0,0,1
Others,Online TA,0,0,No Deposit,0,Transient,E,0,1,0
DEU,Direct,0,1,No Deposit,0,Transient,A,0,2,0
CHE,Online TA,0,3,No Deposit,0,Transient,A,0,0,1
IRL,Online TA,0,1,No Deposit,0,Transient,D,0,1,1
Others,Online TA,0,0,No Deposit,0,Transient,E,0,0,1
FRA,Aviation,0,0,No Deposit,0,Transient,A,0,0,0
GBR,Online TA,0,0,No Deposit,0,Transient,G,0,2,1
BEL,Direct,0,0,No Deposit,0,Transient,G,1,0,0
ESP,Direct,0,0,No Deposit,0,Transient-Party,A,0,1,0
RUS,Online TA,0,0,No Deposit,0,Transient,E,0,1,0
ESP,Corporate,0,0,No Deposit,0,Transient,D,0,1,1
BRA,Online TA,0,4,No Deposit,0,Transient,A,0,0,1
GBR,Direct,0,0,No Deposit,0,Transient,F,0,0,1
PRT,Online TA,0,2,No Deposit,0,Transient,D,0,0,1
PRT,Direct,0,0,No Deposit,0,Transient,C,0,2,0
Others,Corporate,0,1,No Deposit,15,Transient-Party,A,0,0,0
USA,Direct,0,1,No Deposit,0,Transient,H,0,1,0
GBR,Complementary,0,0,No Deposit,0,Transient-Party,A,0,0,0
ISR,Groups,0,1,No Deposit,0,Transient-Party,A,0,0,0
PRT,Online TA,0,2,No Deposit,0,Transient-Party,A,0,2,0
Others,Online TA,0,0,No Deposit,0,Transient,A,0,1,0
ESP,Direct,0,0,No Deposit,0,Transient,A,1,3,0
PRT,Complementary,0,0,No Deposit,0,Transient,D,1,3,0
FIN,Direct,0,1,No Deposit,0,Transient,A,0,1,0
Others,Online TA,0,0,No Deposit,0,Transient,D,0,0,1
SWE,Online TA,0,0,No Deposit,0,Transient,E,0,1,1
Others,Online TA,0,2,No Deposit,0,Transient,A,0,1,0
Others,Online TA,0,0,No Deposit,0,Transient,A,0,2,0
ROU,Direct,0,0,No Deposit,0,Transient,A,0,2,0
PRT,Offline TA/TO,6,0,Non Refund,44,Transient,A,0,0,1
ESP,Online TA,0,5,No Deposit,0,Transient,A,0,2,0
NLD,Direct,0,1,No Deposit,0,Transient,A,0,1,0
NOR,Online TA,0,0,No Deposit,0,Transient,A,0,2,0
NOR,Direct,0,0,No Deposit,0,Transient,A,0,0,0
Others,Online TA,0,0,No Deposit,0,Transient,A,0,3,0
PRT,Direct,0,1,No Deposit,0,Transient,C,0,1,0
FIN,Online TA,0,0,No Deposit,0,Transient,G,0,2,0
ESP,Corporate,0,0,No Deposit,0,Transient-Party,A,0,1,0
DEU,Online TA,0,0,No Deposit,0,Transient,E,1,1,0
Others,Online TA,0,2,No Deposit,0,Transient,A,0,0,1
CHN,Direct,0,1,No Deposit,0,Transient,A,0,0,0
ESP,Offline TA/TO,0,0,No Deposit,0,Transient,A,0,3,0
Others,Offline TA/TO,0,0,No Deposit,0,Transient,D,0,0,0
Others,Online TA,0,2,No Deposit,0,Transient,A,0,3,0
ESP,Online TA,0,2,No Deposit,0,Transient,A,0,0,1
GBR,Online TA,0,0,No Deposit,0,Group,D,0,1,0
NOR,Online TA,0,0,No Deposit,0,Transient,D,0,0,0
Others,Online TA,0,0,No Deposit,0,Transient,D,0,0,1
ISR,Groups,0,1,No Deposit,0,Transient-Party,E,0,2,0
ESP,Offline TA/TO,0,0,No Deposit,0,Transient-Party,A,0,1,0
USA,Online TA,0,1,No Deposit,0,Transient,A,1,3,0
ROU,Online TA,0,0,No Deposit,0,Transient,A,0,2,1
Others,Online TA,0,0,No Deposit,0,Contract,A,0,2,0
FRA,Direct,0,1,No Deposit,0,Transient,A,0,1,1
FRA,Direct,0,2,No Deposit,0,Transient,A,0,0,0
Others,Direct,0,2,No Deposit,0,Transient,E,0,0,0
Others,Offline TA/TO,0,2,No Deposit,0,Transient-Party,A,0,0,0
PRT,Direct,0,2,No Deposit,0,Transient,C,1,1,0
USA,Direct,0,0,No Deposit,0,Transient-Party,F,0,0,0
Others,Online TA,0,0,No Deposit,0,Transient,A,0,1,1
NOR,Offline TA/TO,0,0,No Deposit,0,Transient-Party,D,0,2,0
ROU,Online TA,0,0,No Deposit,0,Transient,E,0,0,1
PRT,Online TA,0,2,No Deposit,0,Transient,A,1,1,0
Others,Groups,0,0,No Deposit,0,Transient-Party,A,0,0,0
PRT,Online TA,0,2,No Deposit,0,Transient,F,1,2,0
IRL,Offline TA/TO,0,1,No Deposit,0,Transient-Party,D,0,1,0
IRL,Online TA,0,2,No Deposit,0,Transient,D,0,0,0
NLD,Direct,0,1,No Deposit,0,Transient,F,0,1,0
IRL,Aviation,0,0,No Deposit,0,Transient,A,0,0,0
Others,Online TA,0,0,No Deposit,0,Transient,A,0,3,1
PRT,Groups,0,0,Non Refund,41,Transient,A,0,0,1
BRA,Online TA,0,0,No Deposit,0,Transient,A,1,1,0
ESP,Online TA,0,0,No Deposit,0,Transient,D,1,3,0
ITA,Offline TA/TO,0,0,No Deposit,0,Transient-Party,B,0,1,0
ITA,Online TA,0,0,No Deposit,0,Contract,A,0,3,0
CHE,Direct,0,0,No Deposit,0,Transient,A,0,1,0
CHN,Groups,0,0,No Deposit,0,Transient-Party,D,0,0,0
Others,Direct,0,0,No Deposit,0,Transient,A,0,2,0
BEL,Online TA,0,0,No Deposit,0,Transient,H,0,2,0
Others,Offline TA/TO,0,1,No Deposit,0,Transient-Party,A,0,0,0
PRT,Direct,0,1,No Deposit,0,Transient-Party,A,0,0,0
DEU,Online TA,0,3,No Deposit,0,Transient,A,0,0,0
PRT,Online TA,1,0,No Deposit,0,Transient-Party,A,0,1,1
IRL,Online TA,0,1,No Deposit,0,Transient,D,0,0,0
IRL,Online TA,0,0,No Deposit,0,Transient,F,0,2,1
PRT,Online TA,0,1,No Deposit,0,Transient,D,0,3,1
PRT,Offline TA/TO,0,0,Non Refund,0,Transient,E,0,0,1
ESP,Offline TA/TO,0,0,No Deposit,0,Transient-Party,D,0,0,0
AUT,Online TA,0,0,No Deposit,0,Contract,A,0,0,0
CHE,Direct,0,0,No Deposit,0,Transient,G,0,0,0
NLD,Online TA,0,0,No Deposit,0,Transient,A,0,4,0
PRT,Direct,0,3,No Deposit,0,Transient,A,1,1,0
PRT,Direct,0,1,No Deposit,0,Transient,D,0,2,1
Others,Online TA,0,2,No Deposit,0,Transient,A,0,0,0
GBR,Offline TA/TO,0,0,No Deposit,0,Transient,E,1,1,0
NLD,Online TA,0,2,No Deposit,0,Transient,A,0,3,0
FRA,Online TA,0,2,No Deposit,0,Transient,A,0,0,1
GBR,Direct,0,1,No Deposit,0,Transient,D,0,2,0
GBR,Online TA,0,2,No Deposit,0,Transient-Party,A,0,1,0
ISR,Online TA,0,0,No Deposit,0,Transient,D,1,0,0
PRT,Direct,0,2,No Deposit,0,Transient,E,1,0,0
BRA,Direct,0,1,No Deposit,0,Transient,D,0,3,0
GBR,Online TA,0,0,No Deposit,0,Transient,A,1,0,0
USA,Online TA,0,0,No Deposit,0,Transient,B,0,1,0
Others,Online TA,0,0,No Deposit,0,Transient,A,0,1,1
PRT,Online TA,1,0,No Deposit,0,Transient,E,0,0,1
PRT,Direct,0,0,No Deposit,0,Transient,F,0,2,1
Others,Online TA,0,0,No Deposit,0,Transient,A,1,0,0
GBR,Online TA,0,0,No Deposit,0,Transient,C,1,2,0
GBR,Groups,0,0,No Deposit,0,Transient,A,0,0,0
ESP,Online TA,0,0,No Deposit,0,Transient,F,1,1,0
PRT,Direct,0,1,No Deposit,0,Transient,F,0,0,1
PRT,Corporate,0,2,No Deposit,0,Transient-Party,A,1,1,0
PRT,Direct,1,0,No Deposit,0,Transient,E,1,4,0
CHE,Online TA,0,0,No Deposit,0,Transient,A,1,2,0
Others,Online TA,0,1,No Deposit,0,Transient,A,0,0,0
AUT,Groups,0,2,No Deposit,0,Transient-Party,A,0,0,0
Others,Direct,0,0,No Deposit,0,Transient,A,0,1,0
ESP,Online TA,0,1,No Deposit,0,Transient,B,0,1,1
IRL,Online TA,0,0,No Deposit,0,Contract,A,0,1,0
NLD,Offline TA/TO,0,0,No Deposit,0,Contract,A,0,0,0
Others,Offline TA/TO,0,4,No Deposit,0,Transient,C,0,0,0
NLD,Online TA,0,0,No Deposit,0,Transient,F,0,1,0
Others,Online TA,0,0,No Deposit,0,Transient,E,1,2,0
SWE,Online TA,0,1,No Deposit,0,Transient,A,0,0,1
PRT,Direct,0,0,No Deposit,0,Transient,F,1,2,0
FRA,Direct,0,1,No Deposit,0,Transient,D,0,2,0
PRT,Online TA,11,0,No Deposit,0,Transient,D,0,1,0
ROU,Online TA,0,0,No Deposit,0,Transient,A,0,1,1
PRT,Corporate,0,2,No Deposit,0,Transient-Party,A,0,1,0
USA,Groups,0,0,No Deposit,0,Transient-Party,D,0,2,0
USA,Online TA,0,0,No Deposit,0,Transient,E,0,1,1
Others,Online TA,0,1,No Deposit,0,Transient,E,0,2,1
Others,Online TA,0,1,No Deposit,0,Transient,B,0,0,1
PRT,Online TA,0,1,No Deposit,0,Transient,F,0,1,0
BRA,Offline TA/TO,0,0,No Deposit,0,Transient,A,0,2,0
ESP,Direct,0,0,No Deposit,0,Transient,E,0,1,0
PRT,Online TA,1,0,No Deposit,0,Transient-Party,E,0,1,1
Others,Groups,0,0,No Deposit,0,Transient-Party,A,0,0,0
Others,Online TA,0,2,No Deposit,0,Transient,A,0,1,1
PRT,Corporate,2,1,No Deposit,0,Transient,A,1,0,0
Others,Online TA,0,2,No Deposit,0,Transient,D,0,1,0
PRT,Offline TA/TO,0,1,No Deposit,0,Transient,D,0,2,1
Others,Aviation,0,0,No Deposit,0,Transient,A,0,0,0
DNK,Direct,0,0,No Deposit,0,Transient-Party,D,0,1,0
ESP,Online TA,0,1,No Deposit,0,Transient,C,0,1,1
Others,Direct,0,0,No Deposit,0,Transient,A,0,3,0
FRA,Offline TA/TO,0,1,No Deposit,0,Group,D,0,0,0
IRL,Direct,0,0,No Deposit,0,Transient,A,0,2,0
CN,Online TA,0,0,No Deposit,0,Transient,D,0,3,1
NLD,Online TA,0,0,No Deposit,0,Transient-Party,A,0,0,0
Others,Online TA,0,0,No Deposit,0,Transient,F,0,2,0
PRT,Corporate,6,1,No Deposit,0,Transient,A,0,1,0
ESP,Direct,0,0,No Deposit,0,Transient,D,0,0,1
POL,Offline TA/TO,0,1,No Deposit,0,Transient,D,0,1,0
IRL,Offline TA/TO,0,1,No Deposit,0,Transient-Party,A,0,0,0
GBR,Direct,0,0,No Deposit,0,Transient,F,1,0,0
Others,Online TA,0,0,No Deposit,0,Transient,A,0,3,0
Others,Direct,0,1,No Deposit,0,Transient,A,0,0,0
Others,Online TA,0,0,No Deposit,0,Transient,G,0,1,0
ESP,Online TA,0,0,Refundable,0,Transient,A,0,1,1
ESP,Direct,0,1,No Deposit,0,Transient,F,0,1,0
FRA,Offline TA/TO,0,0,No Deposit,0,Contract,A,0,1,0
NLD,Direct,0,0,No Deposit,0,Transient,E,0,1,0
Others,Online TA,0,0,No Deposit,0,Transient,A,0,0,1
POL,Direct,0,0,No Deposit,0,Transient,D,1,1,0
BRA,Online TA,0,0,No Deposit,0,Transient,A,0,4,0
ITA,Online TA,0,3,No Deposit,0,Transient,D,0,1,1
GBR,Groups,0,4,No Deposit,0,Transient-Party,A,2,0,0
Others,Direct,0,1,No Deposit,0,Transient,A,0,0,1
PRT,Online TA,1,0,No Deposit,0,Transient,D,0,0,1
RUS,Online TA,0,0,No Deposit,0,Transient,E,1,1,0
IRL,Online TA,0,2,No Deposit,0,Transient,D,0,0,1
ITA,Direct,0,1,No Deposit,0,Transient,A,0,3,0
ISR,Online TA,0,0,No Deposit,0,Transient,A,1,3,0
Others,Online TA,0,0,No Deposit,0,Transient,A,0,2,0
Others,Online TA,0,0,No Deposit,0,Transient,A,0,2,0
Others,Online TA,0,0,No Deposit,0,Transient,D,0,0,0
IRL,Groups,0,0,No Deposit,0,Transient,A,0,0,0
BEL,Online TA,0,0,No Deposit,0,Contract,A,0,1,0
Others,Online TA,0,0,No Deposit,0,Transient-Party,E,0,2,0
Others,Online TA,0,0,No Deposit,0,Transient,F,0,0,1
Others,Online TA,0,3,No Deposit,0,Transient,A,0,0,0
PRT,Offline TA/TO,0,3,No Deposit,0,Transient,A,0,1,0
BEL,Offline TA/TO,0,1,No Deposit,0,Transient-Party,A,0,0,0
Others,Online TA,0,0,No Deposit,0,Transient,D,0,1,0
FRA,Online TA,0,1,No Deposit,0,Transient,E,0,1,1
FRA,Corporate,0,1,No Deposit,0,Transient-Party,A,0,0,0
FRA,Online TA,0,3,No Deposit,0,Transient,A,0,3,0
FRA,Online TA,0,1,No Deposit,0,Transient,B,0,2,0
POL,Online TA,0,0,No Deposit,0,Transient,H,0,1,0
FRA,Offline TA/TO,0,1,No Deposit,0,Transient,A,0,1,0
ESP,Corporate,0,0,No Deposit,0,Transient-Party,A,0,0,0
CN,Offline TA/TO,0,1,No Deposit,0,Transient-Party,A,0,2,0
DEU,Online TA,0,0,No Deposit,0,Contract,A,0,0,0
ISR,Online TA,0,0,No Deposit,0,Transient,D,1,1,0
ISR,Online TA,0,4,No Deposit,0,Transient,F,0,1,0
Others,Corporate,0,1,No Deposit,0,Transient,A,0,0,0
NOR,Offline TA/TO,0,0,No Deposit,0,Transient-Party,A,0,0,0
Others,Online TA,0,0,No Deposit,0,Transient,D,0,0,0
PRT,Online TA,1,0,No Deposit,0,Transient,E,0,1,1
PRT,Online TA,0,0,No Deposit,0,Contract,A,1,0,0
ESP,Online TA,0,3,No Deposit,0,Transient,A,0,0,0
BEL,Direct,0,0,No Deposit,0,Transient-Party,A,0,2,0
DEU,Online TA,0,1,No Deposit,0,Transient-Party,E,0,0,0
USA,Direct,0,0,No Deposit,0,Transient,A,0,2,1
SWE,Online TA,0,0,No Deposit,0,Contract,D,0,0,0
PRT,Groups,0,2,Non Refund,0,Transient,A,0,0,1
ESP,Offline TA/TO,0,1,No Deposit,0,Transient-Party,A,1,2,0
Others,Groups,0,2,No Deposit,0,Transient-Party,A,0,1,0
FRA,Online TA,0,0,No Deposit,0,Transient-Party,D,0,0,0
BRA,Online TA,0,0,No Deposit,0,Transient,D,0,3,0
SWE,Direct,0,0,No Deposit,0,Transient,D,0,0,0
FIN,Online TA,0,1,No Deposit,0,Transient-Party,A,0,0,0
CN,Online TA,0,3,No Deposit,0,Transient,A,0,2,1
Others,Online TA,0,0,No Deposit,0,Transient,D,0,0,1
USA,Online TA,0,2,No Deposit,0,Transient,A,0,1,0
CN,Online TA,0,1,No Deposit,0,Transient,E,1,1,0
CHE,Online TA,0,2,No Deposit,0,Transient,D,0,0,0
BRA,Online TA,0,0,No Deposit,0,Transient,D,1,1,0
ESP,Direct,0,1,No Deposit,0,Transient,A,0,2,0
Others,Online TA,0,2,No Deposit,0,Transient,A,0,1,1
BRA,Online TA,0,0,No Deposit,0,Transient-Party,B,0,1,0
USA,Online TA,0,2,No Deposit,0,Transient,E,0,2,0
RUS,Corporate,0,0,No Deposit,0,Transient-Party,A,0,0,1
GBR,Direct,0,0,No Deposit,0,Transient,A,1,0,0
GBR,Groups,0,0,No Deposit,0,Transient,A,0,1,0
USA,Online TA,0,0,No Deposit,0,Transient,D,1,1,0
GBR,Online TA,0,0,No Deposit,0,Transient,C,0,0,0
PRT,Corporate,0,0,No Deposit,0,Transient,A,0,1,1
GBR,Online TA,0,1,No Deposit,0,Transient,B,0,2,0
CN,Online TA,0,0,No Deposit,0,Transient,H,0,0,1
GBR,Groups,0,5,No Deposit,0,Transient-Party,D,1,0,0
BEL,Offline TA/TO,0,2,No Deposit,0,Transient-Party,A,0,0,0
CHE,Direct,0,0,No Deposit,0,Transient,E,0,0,0
BEL,Online TA,0,0,No Deposit,0,Transient,H,0,1,0
FRA,Online TA,0,1,No Deposit,0,Contract,A,0,2,0
Others,Online TA,0,0,No Deposit,0,Transient,A,0,2,0
Others,Online TA,0,0,No Deposit,0,Transient,F,0,2,0
BEL,Groups,0,1,No Deposit,0,Transient-Party,D,0,0,0
FRA,Direct,0,0,No Deposit,0,Transient-Party,E,0,3,0
ISR,Online TA,0,0,No Deposit,0,Contract,A,0,2,0
ITA,Online TA,0,1,No Deposit,0,Transient,D,1,2,0
GBR,Groups,0,10,No Deposit,0,Transient-Party,D,0,0,0
ESP,Direct,0,1,No Deposit,0,Transient,D,0,3,0
DNK,Offline TA/TO,0,0,No Deposit,0,Transient,E,0,1,0
BRA,Online TA,0,1,No Deposit,0,Transient,A,1,2,0
FRA,Corporate,0,0,No Deposit,0,Transient,D,0,0,0
ITA,Direct,0,0,No Deposit,0,Transient,A,0,1,0
FIN,Online TA,0,0,No Deposit,0,Transient-Party,B,0,0,1
PRT,Offline TA/TO,0,0,No Deposit,48,Transient-Party,A,0,0,0
PRT,Complementary,0,1,No Deposit,0,Transient,A,0,3,0
BRA,Online TA,0,2,No Deposit,0,Transient,D,0,1,1
PRT,Complementary,0,0,No Deposit,0,Transient,F,0,1,0
Others,Online TA,0,0,No Deposit,0,Transient,F,0,1,0
GBR,Online TA,0,3,No Deposit,0,Transient,C,0,2,0
NLD,Corporate,0,2,No Deposit,0,Transient,F,1,0,0
ESP,Offline TA/TO,0,2,No Deposit,0,Transient,A,0,0,0
ESP,Online TA,0,0,No Deposit,0,Transient,A,0,3,1
DEU,Corporate,0,0,No Deposit,0,Transient-Party,D,0,0,0
CHE,Online TA,0,0,No Deposit,0,Transient,G,0,1,0
PRT,Offline TA/TO,0,1,No Deposit,27,Transient-Party,A,0,0,0
GBR,Online TA,0,0,No Deposit,0,Transient,B,0,0,1
ESP,Direct,0,5,No Deposit,0,Transient,D,0,1,0
Others,Online TA,0,0,No Deposit,0,Transient,A,0,0,0
IRL,Offline TA/TO,0,0,No Deposit,0,Transient,D,0,2,0
DEU,Online TA,0,0,No Deposit,0,Group,D,0,3,0
Others,Online TA,0,0,No Deposit,0,Transient-Party,B,0,0,0
IRL,Online TA,0,0,No Deposit,0,Transient-Party,D,0,1,0
Others,Groups,0,0,No Deposit,0,Transient-Party,A,0,0,0
RUS,Online TA,0,0,No Deposit,0,Transient,B,0,0,1
FRA,Online TA,0,1,No Deposit,0,Transient,A,0,1,1
RUS,Corporate,0,1,No Deposit,0,Transient,A,0,0,0
Others,Direct,0,1,No Deposit,0,Transient,A,0,2,0
FRA,Direct,0,2,No Deposit,0,Transient,E,1,1,0
PRT,Complementary,0,0,No Deposit,0,Transient,G,0,0,0
Others,Online TA,0,0,No Deposit,0,Contract,A,0,0,0
ESP,Online TA,0,3,No Deposit,0,Transient,A,0,1,0
Others,Online TA,0,0,No Deposit,0,Transient,A,0,2,1
FRA,Direct,0,1,No Deposit,0,Transient,F,0,0,0
Others,Online TA,0,0,No Deposit,0,Transient,A,0,1,0
USA,Direct,0,1,No Deposit,0,Transient-Party,E,0,0,0
CHN,Online TA,0,1,No Deposit,0,Transient-Party,B,0,1,1
Others,Online TA,0,0,No Deposit,0,Transient,D,0,1,1
GBR,Groups,0,2,No Deposit,0,Transient-Party,A,1,1,0
FIN,Offline TA/TO,0,0,No Deposit,0,Transient,A,0,2,0
CHE,Online TA,0,0,No Deposit,0,Transient,A,1,3,0
FRA,Online TA,0,0,No Deposit,0,Transient,B,0,3,1
FRA,Online TA,0,1,No Deposit,0,Transient,A,0,0,1
DNK,Online TA,0,6,No Deposit,0,Transient,A,0,1,0
Others,Online TA,0,0,No Deposit,0,Transient,A,0,1,0
PRT,Offline TA/TO,0,1,No Deposit,0,Transient,E,0,0,1
PRT,Direct,1,0,No Deposit,0,Transient-Party,A,0,3,1
Others,Groups,0,0,No Deposit,0,Transient-Party,A,0,0,0
FIN,Offline TA/TO,0,0,No Deposit,0,Transient,D,0,1,0
BRA,Online TA,0,2,No Deposit,0,Transient,E,0,2,0
Others,Online TA,0,0,No Deposit,0,Transient,A,0,2,0
BEL,Online TA,0,0,No Deposit,0,Transient,H,0,0,1
BEL,Direct,0,0,No Deposit,0,Transient,F,0,0,0
Others,Direct,0,2,No Deposit,0,Transient,A,0,1,0
RUS,Direct,0,0,No Deposit,0,Group,A,0,4,0
GBR,Groups,0,2,Refundable,0,Transient-Party,A,1,0,0
Others,Offline TA/TO,0,0,No Deposit,0,Transient,A,0,1,0
ESP,Aviation,2,0,No Deposit,0,Transient,D,0,0,0
FRA,Online TA,0,2,No Deposit,0,Transient,D,0,0,0
ESP,Online TA,0,1,No Deposit,0,Transient,D,1,1,0
Others,Online TA,0,0,No Deposit,0,Transient,D,0,0,1
ITA,Online TA,0,4,No Deposit,0,Transient,D,0,1,1
ESP,Offline TA/TO,0,3,No Deposit,0,Transient-Party,A,0,0,0
NLD,Direct,0,0,No Deposit,0,Transient,A,0,4,0
FIN,Online TA,0,1,No Deposit,0,Transient,A,0,3,0
Others,Online TA,0,0,No Deposit,0,Transient,A,0,3,0
ESP,Offline TA/TO,0,0,No Deposit,0,Transient,E,1,1,0
Others,Online TA,0,1,No Deposit,0,Transient,D,0,1,0
DEU,Direct,0,0,No Deposit,0,Transient-Party,A,0,0,0
PRT,Groups,0,0,No Deposit,0,Transient,A,1,1,0
ITA,Online TA,0,1,No Deposit,0,Transient,A,0,1,1
ESP,Offline TA/TO,0,0,No Deposit,0,Transient,E,1,0,0
AUT,Corporate,0,2,No Deposit,0,Transient-Party,A,0,0,0
GBR,Complementary,0,4,No Deposit,0,Transient,A,0,0,0
CHE,Direct,0,7,No Deposit,0,Transient,F,1,0,0
Others,Online TA,0,0,No Deposit,0,Transient,D,0,0,1
Others,Offline TA/TO,0,0,No Deposit,0,Transient,A,0,0,0
AUT,Offline TA/TO,0,1,No Deposit,0,Transient-Party,A,0,1,0
IRL,Online TA,0,1,No Deposit,0,Transient,B,0,0,1
BEL,Online TA,0,1,No Deposit,0,Transient,D,0,2,0
GBR,Groups,0,0,No Deposit,0,Transient,A,1,0,0
BEL,Direct,0,1,No Deposit,0,Transient,G,0,0,0
ESP,Online TA,0,1,No Deposit,0,Transient,D,1,0,0
FRA,Offline TA/TO,0,1,No Deposit,0,Contract,A,0,0,0
ESP,Corporate,0,0,No Deposit,0,Group,A,0,1,0
DEU,Online TA,0,1,No Deposit,0,Transient-Party,A,1,0,0
Others,Online TA,0,0,No Deposit,0,Transient,F,0,0,0
PRT,Offline TA/TO,1,0,No Deposit,0,Transient-Party,B,0,2,1
NLD,Direct,0,0,No Deposit,0,Transient,H,1,0,0
POL,Offline TA/TO,0,0,No Deposit,0,Transient,D,1,0,0
GBR,Offline TA/TO,0,0,No Deposit,0,Group,D,0,1,0
FRA,Direct,0,1,No Deposit,0,Transient,F,1,0,0
DEU,Offline TA/TO,0,0,No Deposit,0,Contract,A,0,1,0
Others,Offline TA/TO,0,1,No Deposit,0,Transient-Party,A,0,1,0
USA,Groups,0,1,No Deposit,0,Transient-Party,D,0,2,0
NOR,Direct,0,1,No Deposit,0,Transient,A,0,0,0
BEL,Direct,0,1,No Deposit,0,Transient,A,1,0,0
NOR,Online TA,0,2,No Deposit,0,Transient,A,0,1,0
BRA,Online TA,0,4,No Deposit,0,Transient,A,0,1,1
FRA,Offline TA/TO,0,0,No Deposit,0,Group,A,0,0,0
PRT,Groups,0,0,Non Refund,10,Transient,A,0,0,1
Others,Online TA,0,1,No Deposit,0,Transient,A,0,0,0
ESP,Offline TA/TO,0,0,No Deposit,0,Contract,A,1,0,0
PRT,Offline TA/TO,0,0,No Deposit,0,Transient-Party,C,0,1,1
Others,Online TA,0,0,No Deposit,0,Transient,D,0,0,0
NLD,Offline TA/TO,0,0,No Deposit,0,Transient-Party,D,0,0,0
SWE,Online TA,0,2,No Deposit,0,Transient,E,0,0,0
BRA,Online TA,0,1,No Deposit,0,Transient-Party,D,0,1,0
POL,Online TA,0,0,No Deposit,0,Transient,H,0,0,0
FRA,Online TA,0,1,No Deposit,0,Transient,A,1,2,0
ISR,Online TA,0,1,No Deposit,0,Transient,A,0,1,1
ESP,Groups,0,0,No Deposit,0,Transient-Party,A,1,0,0
PRT,Online TA,0,0,No Deposit,0,Transient,H,1,1,0
Others,Groups,0,0,No Deposit,0,Transient-Party,A,0,0,0
CHE,Online TA,0,1,No Deposit,0,Transient,B,0,0,0
GBR,Direct,0,1,No Deposit,0,Transient,A,0,1,0
Others,Online TA,0,0,No Deposit,0,Transient,D,0,2,0
CN,Online TA,0,0,No Deposit,0,Transient,D,0,4,1
Others,Online TA,0,0,No Deposit,0,Transient,F,0,0,0
PRT,Corporate,0,0,No Deposit,0,Transient,D,0,0,0
ITA,Direct,0,0,No Deposit,0,Transient,A,0,3,0
Others,Online TA,0,0,No Deposit,0,Transient,D,0,1,0
PRT,Direct,0,1,No Deposit,0,Transient,E,0,1,0
PRT,Direct,0,2,No Deposit,0,Transient,A,0,3,0
PRT,Offline TA/TO,0,1,No Deposit,0,Transient-Party,A,1,0,0
PRT,Offline TA/TO,0,1,No Deposit,0,Transient,A,1,2,0
ITA,Direct,0,0,No Deposit,0,Transient-Party,D,0,1,0
IRL,Groups,0,0,No Deposit,0,Transient,D,0,1,0
PRT,Online TA,0,1,No Deposit,0,Transient,D,1,1,0
GBR,Online TA,0,7,No Deposit,0,Transient,D,0,1,0
NLD,Direct,0,0,No Deposit,0,Transient,A,0,1,0
PRT,Online TA,0,0,No Deposit,0,Transient,H,1,2,0
Others,Direct,0,0,No Deposit,0,Transient,A,0,1,1
Others,Online TA,0,0,No Deposit,0,Transient,A,0,0,0
FRA,Direct,0,0,No Deposit,0,Transient,A,0,2,1
ITA,Groups,0,1,No Deposit,0,Transient,A,0,0,0
ESP,Corporate,0,0,No Deposit,0,Transient,A,1,1,0
FRA,Online TA,0,1,No Deposit,0,Transient,G,1,2,0
SWE,Direct,0,0,No Deposit,0,Transient,E,0,0,0
PRT,Online TA,0,8,No Deposit,0,Transient,A,0,0,0
POL,Online TA,0,0,No Deposit,0,Transient,E,0,0,1
BRA,Groups,0,2,No Deposit,0,Transient-Party,A,0,0,0
PRT,Complementary,4,0,No Deposit,0,Transient,G,0,1,0
Others,Direct,0,0,No Deposit,0,Transient,G,1,0,0
PRT,Groups,0,0,No Deposit,0,Transient,A,0,2,0
FRA,Direct,0,2,No Deposit,0,Transient,A,0,1,0
Others,Corporate,0,0,No Deposit,0,Transient,A,0,0,0
NLD,Direct,0,0,No Deposit,0,Transient,E,0,0,0
Others,Offline TA/TO,0,0,No Deposit,0,Transient-Party,A,0,0,0
CN,Online TA,0,1,No Deposit,0,Transient,C,0,2,0
NLD,Offline TA/TO,0,0,No Deposit,0,Transient,E,0,1,0
PRT,Corporate,0,2,No Deposit,0,Transient,E,0,0,0
PRT,Online TA,0,1,No Deposit,0,Contract,B,0,1,1
IRL,Groups,0,2,No Deposit,0,Transient-Party,D,0,2,0
DNK,Online TA,0,3,No Deposit,0,Transient,D,0,1,0
CHE,Direct,0,1,No Deposit,0,Transient,A,0,0,1
Others,Online TA,0,0,No Deposit,0,Transient,A,0,0,0
DEU,Online TA,0,2,No Deposit,0,Transient,F,0,1,0
Others,Direct,0,0,No Deposit,0,Transient,E,0,0,0
SWE,Groups,0,0,No Deposit,0,Transient-Party,D,0,1,0
Others,Direct,0,3,No Deposit,0,Transient,D,0,0,0
USA,Online TA,0,1,No Deposit,0,Transient,E,1,2,0
Others,Online TA,0,0,No Deposit,0,Transient,A,0,2,1
Others,Online TA,0,0,No Deposit,0,Transient,D,0,0,1
ESP,Online TA,0,0,No Deposit,0,Transient,E,0,3,1
USA,Offline TA/TO,0,0,No Deposit,0,Transient-Party,F,0,1,0
Others,Online TA,0,0,No Deposit,0,Contract,A,0,2,0
IRL,Online TA,0,0,No Deposit,0,Transient,F,0,0,1
ITA,Online TA,0,0,No Deposit,0,Transient,F,0,0,0
BEL,Direct,0,1,No Deposit,0,Transient,E,1,1,0
PRT,Corporate,0,3,No Deposit,0,Transient-Party,A,0,0,1
PRT,Groups,0,0,Non Refund,44,Transient,A,0,0,1
PRT,Online TA,0,0,No Deposit,0,Transient,E,0,3,1
SWE,Online TA,0,0,No Deposit,0,Transient-Party,E,1,1,0
DEU,Online TA,0,0,No Deposit,0,Transient,B,0,0,0
FRA,Offline TA/TO,0,3,No Deposit,0,Transient-Party,A,0,0,0
ITA,Online TA,0,1,No Deposit,0,Transient,D,0,3,1
Others,Online TA,0,0,No Deposit,0,Transient,A,0,1,0
Others,Online TA,0,0,No Deposit,0,Transient-Party,A,0,0,0
GBR,Direct,0,1,No Deposit,0,Transient,A,1,1,0
PRT,Online TA,1,0,No Deposit,0,Transient,D,0,1,1
ESP,Online TA,0,0,No Deposit,0,Transient,B,0,1,0
DEU,Online TA,0,0,No Deposit,0,Contract,A,0,1,0
BRA,Direct,0,0,No Deposit,0,Transient,A,0,1,1
ESP,Online TA,0,0,No Deposit,0,Transient-Party,G,0,1,0
PRT,Online TA,0,0,No Deposit,0,Transient-Party,A,0,0,1
PRT,Direct,0,0,No Deposit,0,Transient-Party,B,0,1,1
SWE,Online TA,0,0,No Deposit,0,Transient,E,0,0,0
PRT,Online TA,0,0,No Deposit,0,Transient,C,0,1,0
GBR,Online TA,0,0,No Deposit,0,Transient-Party,D,0,0,1
BEL,Direct,0,0,No Deposit,0,Transient,A,0,2,0
Others,Online TA,0,0,No Deposit,0,Transient-Party,A,1,0,0
PRT,Offline TA/TO,0,0,No Deposit,0,Transient,E,0,1,0
Others,Online TA,0,0,No Deposit,0,Transient,A,0,2,0
BEL,Online TA,0,2,No Deposit,0,Transient,A,0,2,1
BRA,Online TA,0,1,No Deposit,0,Transient,A,0,1,0
Others,Offline TA/TO,0,0,No Deposit,0,Transient,D,0,0,0
PRT,Offline TA/TO,0,0,No Deposit,59,Transient-Party,A,0,1,0
IRL,Direct,0,0,No Deposit,0,Transient,C,0,1,0
DEU,Online TA,0,0,No Deposit,0,Transient,E,0,3,0
PRT,Online TA,0,0,No Deposit,0,Transient-Party,E,0,1,0
ITA,Online TA,0,0,No Deposit,0,Contract,D,0,2,0
GBR,Offline TA/TO,0,0,No Deposit,0,Transient,E,1,0,0
GBR,Offline TA/TO,0,2,No Deposit,0,Transient,E,0,0,0
DEU,Online TA,0,1,No Deposit,0,Contract,A,0,1,0
ESP,Online TA,0,0,No Deposit,0,Transient,B,0,0,1
GBR,Offline TA/TO,0,0,No Deposit,0,Contract,E,0,3,0
GBR,Corporate,0,0,No Deposit,0,Transient,A,0,1,0
BRA,Online TA,0,0,No Deposit,0,Transient,G,0,2,0
IRL,Direct,0,0,No Deposit,0,Transient,G,0,2,0
RUS,Online TA,0,0,No Deposit,0,Transient,E,0,1,1
NLD,Online TA,0,0,No Deposit,0,Transient,E,0,0,0
SWE,Online TA,0,2,No Deposit,0,Transient,D,0,1,0
Others,Online TA,0,0,No Deposit,0,Transient,D,0,0,1
Others,Offline TA/TO,0,0,No Deposit,0,Transient,D,0,0,0
BRA,Groups,0,0,No Deposit,0,Transient-Party,D,0,1,0
PRT,Direct,0,2,No Deposit,0,Transient,B,0,1,0
ESP,Online TA,0,0,No Deposit,0,Contract,F,0,3,0
ESP,Online TA,0,0,No Deposit,0,Transient,G,0,2,0
GBR,Offline TA/TO,0,0,No Deposit,0,Transient,E,0,3,0
PRT,Groups,0,0,Refundable,0,Transient-Party,A,0,0,0
CHN,Online TA,0,1,No Deposit,0,Transient-Party,A,0,3,0
PRT,Groups,0,1,No Deposit,2,Transient-Party,A,0,0,0
BRA,Online TA,0,3,No Deposit,0,Transient,D,0,2,1
GBR,Direct,0,6,No Deposit,0,Transient,A,0,0,0
Others,Online TA,0,0,No Deposit,0,Transient,A,1,1,0
PRT,Direct,0,0,No Deposit,0,Transient-Party,A,0,3,0
SWE,Groups,0,2,No Deposit,0,Transient-Party,E,1,0,0
DNK,Online TA,0,0,No Deposit,0,Transient,E,0,0,0
PRT,Direct,0,6,No Deposit,0,Transient,A,0,0,0
USA,Online TA,0,0,No Deposit,0,Transient,D,1,2,0
BRA,Direct,0,0,No Deposit,0,Transient,G,0,0,1
POL,Direct,0,0,No Deposit,0,Transient,H,0,0,0
GBR,Online TA,0,0,No Deposit,0,Transient,C,0,1,1
Others,Direct,0,0,No Deposit,0,Transient,A,0,0,1
FIN,Online TA,0,0,No Deposit,0,Transient,E,0,1,1
GBR,Online TA,0,1,No Deposit,0,Transient,A,1,1,0
SWE,Offline TA/TO,0,0,No Deposit,0,Transient-Party,A,0,2,0
IRL,Direct,0,2,No Deposit,0,Transient,D,0,0,0
GBR,Direct,0,1,No Deposit,0,Transient-Party,A,0,1,0
BEL,Offline TA/TO,0,0,No Deposit,0,Transient,D,0,1,0
PRT,Offline TA/TO,0,0,No Deposit,0,Group,A,1,0,0
FIN,Online TA,0,1,No Deposit,0,Transient-Party,B,0,0,0
GBR,Online TA,0,0,No Deposit,0,Transient-Party,F,0,1,0
NLD,Online TA,0,1,No Deposit,0,Transient-Party,B,0,1,0
Others,Online TA,0,0,No Deposit,0,Transient,A,0,0,1
PRT,Online TA,0,3,No Deposit,0,Transient,E,1,2,0
BRA,Online TA,0,3,No Deposit,0,Transient,D,0,0,0
PRT,Groups,0,1,No Deposit,0,Transient-Party,A,0,1,1
PRT,Offline TA/TO,0,1,No Deposit,0,Transient,D,0,0,0
GBR,Corporate,0,0,No Deposit,0,Transient,E,0,0,0
Others,Groups,0,2,No Deposit,0,Transient-Party,E,0,0,0
Others,Direct,0,1,No Deposit,0,Transient,A,1,4,0
FRA,Online TA,0,1,No Deposit,0,Transient,E,0,0,1
BEL,Direct,0,0,No Deposit,0,Transient,A,1,0,0
Others,Offline TA/TO,0,0,No Deposit,0,Transient,D,0,0,0
USA,Online TA,0,1,No Deposit,0,Transient,B,0,0,1
PRT,Direct,0,0,No Deposit,0,Transient,G,0,2,0
PRT,Online TA,0,0,No Deposit,0,Contract,D,0,1,0
RUS,Online TA,0,2,No Deposit,0,Transient-Party,E,0,0,1
Others,Online TA,0,0,No Deposit,0,Transient,D,0,2,0
USA,Direct,0,1,No Deposit,0,Transient,E,0,1,0
CN,Online TA,0,1,No Deposit,0,Transient,F,0,1,0
POL,Online TA,0,1,No Deposit,0,Transient,A,0,3,0
PRT,Aviation,0,0,No Deposit,0,Transient-Party,A,0,0,1
Others,Online TA,0,0,No Deposit,0,Transient,A,0,1,0
CN,Direct,0,0,No Deposit,0,Transient,E,0,0,1
Others,Online TA,0,0,No Deposit,0,Transient,A,0,2,1
PRT,Direct,0,0,No Deposit,0,Transient,E,1,2,0
Others,Online TA,0,0,No Deposit,0,Transient,A,0,1,1
CHN,Online TA,0,0,No Deposit,0,Transient,B,0,0,0
ROU,Groups,0,4,No Deposit,0,Transient,A,0,0,0
Others,Offline TA/TO,0,2,No Deposit,0,Transient-Party,A,0,0,0
FRA,Direct,0,0,No Deposit,0,Transient-Party,D,0,3,0
PRT,Offline TA/TO,0,1,No Deposit,0,Transient-Party,A,0,1,1
ESP,Offline TA/TO,0,0,No Deposit,0,Transient,C,1,0,0
PRT,Direct,0,3,No Deposit,0,Transient,D,1,2,0
DNK,Online TA,0,0,No Deposit,0,Transient,A,0,1,0
RUS,Online TA,0,3,No Deposit,0,Transient-Party,D,0,0,0
Others,Online TA,0,0,No Deposit,0,Transient,D,0,0,1
GBR,Groups,0,2,No Deposit,0,Transient-Party,C,1,0,0
Others,Online TA,0,0,No Deposit,0,Transient,A,0,0,1
CHN,Online TA,0,0,No Deposit,0,Transient,D,0,3,0
ISR,Online TA,0,2,No Deposit,0,Transient-Party,D,0,0,0
SWE,Online TA,0,0,No Deposit,0,Transient,D,0,1,1
PRT,Direct,0,2,No Deposit,0,Transient,D,0,2,0
ISR,Online TA,0,0,No Deposit,0,Transient,A,1,1,0
SWE,Online TA,0,3,No Deposit,0,Transient,D,0,1,0
Others,Online TA,0,1,No Deposit,0,Transient,D,0,1,0
Others,Aviation,0,0,No Deposit,0,Transient,A,0,0,0
FRA,Online TA,0,0,No Deposit,0,Transient,B,0,0,0
ISR,Online TA,0,1,No Deposit,0,Transient,D,0,0,0
BRA,Direct,0,0,No Deposit,0,Transient,E,0,2,1
RUS,Online TA,0,0,No Deposit,0,Transient,G,0,1,1
PRT,Online TA,0,2,No Deposit,0,Transient,G,0,0,1
GBR,Groups,0,5,No Deposit,0,Transient-Party,A,0,1,0
USA,Online TA,0,0,No Deposit,0,Transient-Party,A,0,1,0
BRA,Direct,0,1,No Deposit,0,Transient,A,0,2,0
PRT,Direct,0,5,No Deposit,0,Transient,A,0,1,1
CHE,Online TA,0,0,No Deposit,0,Transient,C,1,1,0
ESP,Direct,0,0,No Deposit,0,Transient,D,0,2,0
PRT,Offline TA/TO,1,0,No Deposit,0,Contract,A,0,1,1
PRT,Groups,0,0,No Deposit,0,Transient,A,1,0,0
FRA,Groups,0,3,No Deposit,0,Transient,A,0,0,0
FRA,Online TA,0,0,No Deposit,0,Group,B,0,2,0
PRT,Complementary,0,0,No Deposit,0,Transient,A,0,3,0
ROU,Online TA,0,1,No Deposit,0,Transient,D,0,0,0
PRT,Offline TA/TO,0,0,Non Refund,8,Transient,A,0,0,1
PRT,Direct,0,1,No Deposit,0,Transient,F,1,2,0
Others,Online TA,0,0,No Deposit,0,Transient,A,0,0,1
GBR,Online TA,0,1,No Deposit,0,Transient,G,0,0,1
GBR,Offline TA/TO,0,0,No Deposit,0,Group,D,0,0,0
Others,Online TA,0,0,No Deposit,0,Contract,A,0,1,0
DEU,Groups,0,1,No Deposit,0,Transient,A,0,1,0
PRT,Corporate,4,0,No Deposit,0,Transient,A,0,0,0
DNK,Corporate,0,1,No Deposit,0,Transient-Party,E,0,0,0
Others,Direct,0,0,No Deposit,0,Transient,E,1,1,0
ESP,Online TA,0,2,No Deposit,0,Transient-Party,A,1,0,0
ESP,Direct,0,1,No Deposit,0,Transient,G,0,0,1
DEU,Online TA,0,3,No Deposit,0,Transient,A,0,2,1
NLD,Online TA,0,1,No Deposit,0,Transient,D,1,3,0
AUT,Online TA,0,2,No Deposit,0,Transient,D,0,0,1
FIN,Online TA,0,1,No Deposit,0,Transient,D,0,3,0
ISR,Groups,0,0,No Deposit,6,Transient-Party,A,0,0,0
PRT,Complementary,0,0,No Deposit,0,Transient,D,0,2,0
AUT,Direct,0,3,No Deposit,0,Transient,A,0,2,0
POL,Groups,0,0,No Deposit,0,Transient-Party,E,0,0,0
FRA,Corporate,0,1,No Deposit,0,Transient,D,0,0,0
CHE,Online TA,0,0,No Deposit,0,Transient,B,0,0,0
PRT,Groups,1,0,Non Refund,21,Transient,A,0,0,1
PRT,Groups,0,2,No Deposit,0,Transient-Party,A,0,0,1
PRT,Offline TA/TO,0,0,No Deposit,0,Transient,D,1,0,0
PRT,Direct,0,0,No Deposit,0,Group,E,0,0,1
PRT,Groups,0,1,Refundable,0,Transient-Party,A,0,0,0
PRT,Online TA,0,5,No Deposit,0,Transient,A,0,0,0
Others,Online TA,0,0,No Deposit,0,Transient,D,0,2,0
PRT,Online TA,0,1,No Deposit,0,Transient-Party,G,0,0,0
ESP,Complementary,0,0,No Deposit,0,Transient-Party,A,0,0,0
Others,Online TA,0,0,No Deposit,0,Transient,D,0,1,0
Others,Online TA,0,0,No Deposit,0,Transient,D,0,2,1
PRT,Online TA,0,2,No Deposit,0,Transient,F,0,1,1
FRA,Online TA,0,2,No Deposit,0,Transient,E,0,2,0
Others,Online TA,0,0,No Deposit,0,Transient,E,0,2,0
PRT,Direct,0,0,No Deposit,0,Group,A,1,1,0
GBR,Corporate,0,0,No Deposit,0,Transient-Party,D,0,3,0
POL,Online TA,0,0,No Deposit,0,Transient,A,1,3,0
POL,Online TA,0,0,No Deposit,0,Transient-Party,A,1,1,0
FRA,Corporate,0,2,No Deposit,0,Transient-Party,A,0,0,0
DEU,Online TA,0,6,No Deposit,0,Transient,A,0,1,1
BRA,Corporate,0,0,No Deposit,15,Transient-Party,A,0,0,0
Others,Online TA,0,0,No Deposit,0,Transient,E,0,2,1
POL,Online TA,0,2,No Deposit,0,Transient,A,0,4,0
CHN,Offline TA/TO,0,1,No Deposit,0,Transient,A,0,0,0
DNK,Online TA,0,0,No Deposit,0,Transient,A,0,2,1
PRT,Complementary,0,0,No Deposit,0,Transient,B,0,2,0
Others,Online TA,0,0,No Deposit,0,Transient,D,1,1,0
CHE,Online TA,0,0,No Deposit,0,Transient-Party,D,0,2,0
DEU,Groups,0,0,No Deposit,0,Transient,A,0,0,0
PRT,Offline TA/TO,0,2,No Deposit,0,Transient,A,0,2,0
DNK,Online TA,0,0,No Deposit,0,Transient,D,0,2,1
BRA,Online TA,0,0,No Deposit,0,Transient,A,1,0,0
Others,Online TA,0,0,No Deposit,0,Transient-Party,B,0,0,1
ESP,Online TA,0,1,No Deposit,0,Transient,D,0,3,0
ISR,Online TA,0,0,No Deposit,0,Transient,E,0,0,0
DEU,Direct,0,0,No Deposit,0,Transient,D,0,2,0
POL,Online TA,0,1,No Deposit,0,Transient,E,1,2,0
PRT,Offline TA/TO,0,0,No Deposit,0,Transient,D,0,2,1
GBR,Online TA,0,5,No Deposit,0,Transient,A,0,3,0
FRA,Corporate,0,1,No Deposit,0,Transient-Party,A,0,0,1
FRA,Offline TA/TO,0,0,No Deposit,0,Transient,A,1,1,0
DEU,Direct,0,1,No Deposit,0,Transient,F,0,1,0
PRT,Direct,0,0,No Deposit,0,Transient,D,0,2,1
GBR,Direct,0,1,No Deposit,0,Transient,A,0,0,1
Others,Online TA,0,0,No Deposit,0,Transient,D,0,1,1
FIN,Online TA,0,1,No Deposit,0,Transient,E,0,1,1
USA,Direct,0,1,No Deposit,0,Transient,D,0,2,0
Others,Offline TA/TO,0,0,No Deposit,0,Transient,D,0,0,0
GBR,Offline TA/TO,0,0,No Deposit,0,Transient-Party,E,0,1,0
CN,Direct,0,0,No Deposit,0,Transient,D,0,2,0
BEL,Online TA,0,3,No Deposit,0,Transient-Party,A,0,1,0
ESP,Offline TA/TO,0,1,No Deposit,0,Transient,D,0,0,0
Others,Groups,0,2,No Deposit,0,Transient-Party,A,0,1,0
PRT,Direct,0,4,No Deposit,0,Transient,D,1,1,0
Others,Direct,0,0,No Deposit,0,Transient,G,1,0,0
USA,Online TA,0,2,No Deposit,0,Transient,D,0,2,0
RUS,Online TA,0,0,No Deposit,0,Transient,F,0,1,0
CHE,Direct,0,4,No Deposit,0,Transient,G,1,1,0
CHE,Direct,0,0,No Deposit,0,Transient-Party,A,0,2,0
Others,Direct,0,0,No Deposit,0,Transient-Party,A,0,0,1
USA,Direct,0,0,No Deposit,0,Transient,E,1,0,0
USA,Direct,0,1,No Deposit,0,Transient,C,0,2,0
PRT,Direct,0,0,No Deposit,0,Group,A,1,0,0
Others,Online TA,0,0,No Deposit,0,Transient,F,0,1,0
CN,Online TA,0,0,No Deposit,0,Transient,F,0,1,0
PRT,Direct,0,2,No Deposit,0,Transient,E,1,2,0
USA,Direct,0,0,No Deposit,0,Transient,H,0,0,1
PRT,Corporate,0,1,No Deposit,0,Transient,D,0,2,1
PRT,Complementary,0,3,No Deposit,0,Transient-Party,E,0,3,0
USA,Direct,0,0,No Deposit,0,Transient,A,1,0,0
GBR,Groups,0,0,No Deposit,0,Transient,A,0,2,0
NLD,Online TA,0,0,No Deposit,0,Transient,G,0,0,1
PRT,Corporate,0,2,No Deposit,0,Transient-Party,E,1,0,0
PRT,Complementary,1,0,No Deposit,0,Transient,F,0,2,1
CHN,Online TA,0,1,No Deposit,0,Transient,E,0,1,0
IRL,Direct,0,0,No Deposit,0,Transient-Party,F,0,1,0
GBR,Direct,0,0,No Deposit,0,Transient,H,0,0,0
USA,Offline TA/TO,0,1,No Deposit,0,Transient-Party,A,0,1,0
NLD,Direct,0,0,No Deposit,0,Transient,F,0,1,0
PRT,Direct,0,0,No Deposit,0,Transient,H,0,0,1
Others,Online TA,0,0,No Deposit,0,Transient,E,0,1,0
FIN,Groups,0,0,No Deposit,5,Transient-Party,D,0,0,0
Others,Offline TA/TO,0,2,No Deposit,0,Transient-Party,A,0,0,0
PRT,Direct,0,3,No Deposit,0,Transient,A,0,3,0
ITA,Online TA,0,0,No Deposit,0,Transient-Party,D,0,1,0
Others,Online TA,0,0,No Deposit,0,Transient,D,0,0,1
Others,Online TA,0,0,No Deposit,0,Transient,D,0,0,0
PRT,Online TA,0,3,No Deposit,0,Transient,D,0,3,0
PRT,Complementary,0,0,No Deposit,0,Transient,E,0,1,1
ISR,Direct,0,0,No Deposit,0,Transient,E,0,0,0
DEU,Direct,0,3,No Deposit,0,Transient-Party,A,0,1,0
PRT,Offline TA/TO,1,0,No Deposit,0,Transient,A,0,0,0
GBR,Direct,0,0,No Deposit,0,Transient-Party,A,0,3,0
USA,Direct,0,2,No Deposit,0,Transient,G,1,0,0
IRL,Direct,0,1,No Deposit,0,Transient,F,0,0,1
IRL,Direct,0,0,No Deposit,0,Transient,C,0,0,0
USA,Corporate,0,0,No Deposit,0,Transient-Party,A,0,0,0
USA,Online TA,0,1,No Deposit,0,Transient,A,0,2,0
GBR,Online TA,0,1,No Deposit,0,Transient,F,0,0,0
IRL,Offline TA/TO,0,0,No Deposit,0,Contract,D,0,0,0
GBR,Offline TA/TO,0,2,No Deposit,0,Transient,A,1,0,0
PRT,Aviation,2,0,No Deposit,0,Transient,D,0,0,1
IRL,Online TA,0,2,No Deposit,0,Transient,A,0,2,0
Others,Groups,0,2,No Deposit,0,Transient-Party,A,0,0,0
PRT,Offline TA/TO,0,0,No Deposit,0,Transient,C,0,0,0
PRT,Groups,0,0,Non Refund,17,Transient,A,0,0,1
Others,Offline TA/TO,0,2,No Deposit,0,Transient-Party,A,0,0,0
DNK,Corporate,0,1,No Deposit,0,Transient,E,0,0,0
PRT,Online TA,1,0,No Deposit,0,Transient-Party,B,0,1,1
Others,Online TA,0,1,No Deposit,0,Transient,A,0,1,0
FRA,Groups,0,1,No Deposit,50,Transient-Party,A,0,0,0
NLD,Groups,0,1,No Deposit,1,Transient-Party,A,0,0,0
PRT,Corporate,0,2,No Deposit,0,Transient-Party,E,0,0,0
CHE,Online TA,0,0,No Deposit,0,Contract,B,0,2,0
BRA,Online TA,0,4,No Deposit,0,Transient,A,0,2,0
Others,Online TA,0,0,No Deposit,0,Transient,A,0,1,0
BEL,Online TA,0,4,No Deposit,0,Transient,D,0,2,1
NLD,Online TA,0,1,No Deposit,0,Transient,G,1,1,0
AUT,Corporate,0,3,No Deposit,0,Transient-Party,A,0,0,0
CHE,Direct,0,0,No Deposit,0,Transient,G,1,1,0
PRT,Corporate,6,1,No Deposit,0,Transient,A,0,2,1
PRT,Online TA,0,0,No Deposit,0,Contract,B,0,1,0
Others,Groups,0,0,No Deposit,0,Transient-Party,E,0,1,0
Others,Online TA,0,0,No Deposit,0,Transient-Party,D,1,2,0
Others,Online TA,0,1,No Deposit,0,Transient,A,0,1,1
IRL,Online TA,0,2,No Deposit,0,Transient,D,0,1,0
Others,Offline TA/TO,0,0,No Deposit,0,Transient-Party,E,0,3,0
PRT,Direct,0,2,No Deposit,0,Transient,G,1,1,0
Others,Online TA,0,4,No Deposit,0,Transient,E,0,2,0
ITA,Direct,0,0,No Deposit,0,Group,A,0,0,0
PRT,Online TA,0,0,No Deposit,0,Transient-Party,D,0,2,0
ROU,Groups,0,2,No Deposit,0,Transient-Party,A,0,0,0
PRT,Direct,0,0,No Deposit,0,Transient,C,0,1,0
CHN,Offline TA/TO,0,0,No Deposit,0,Transient-Party,A,0,1,0
PRT,Aviation,0,2,No Deposit,0,Transient,A,1,0,0
Others,Corporate,0,0,No Deposit,0,Transient-Party,A,0,0,0
IRL,Offline TA/TO,0,1,No Deposit,0,Transient,D,0,0,0
RUS,Direct,0,0,No Deposit,0,Transient,A,0,0,0
USA,Online TA,0,1,No Deposit,0,Transient,D,0,0,1
GBR,Online TA,0,0,No Deposit,0,Transient,A,1,3,0
PRT,Complementary,0,1,No Deposit,0,Transient,A,0,1,0
Others,Online TA,0,0,No Deposit,0,Transient,F,0,0,0
Others,Online TA,0,0,No Deposit,0,Transient,E,0,1,0
ITA,Offline TA/TO,0,1,No Deposit,0,Transient,E,0,1,0
DEU,Online TA,0,1,No Deposit,0,Transient,G,1,2,0
SWE,Direct,0,0,No Deposit,0,Transient,G,0,1,0
GBR,Online TA,0,0,No Deposit,0,Transient,C,0,1,0
PRT,Online TA,0,3,No Deposit,0,Transient-Party,A,0,0,1
ESP,Online TA,0,2,No Deposit,0,Transient,A,1,2,0
ESP,Online TA,0,0,No Deposit,0,Contract,F,0,0,0
PRT,Groups,0,0,Non Refund,5,Transient,A,0,0,1
PRT,Direct,0,0,No Deposit,0,Transient,C,0,3,0
Others,Online TA,0,0,No Deposit,0,Transient,A,0,2,1
SWE,Online TA,0,1,No Deposit,0,Transient,F,0,2,0
CHE,Offline TA/TO,0,0,No Deposit,0,Transient,D,0,2,0
ESP,Online TA,0,0,No Deposit,0,Transient-Party,D,0,0,0
IRL,Direct,0,0,No Deposit,0,Transient,D,1,0,0
GBR,Online TA,0,0,No Deposit,0,Transient,C,0,2,1
BEL,Groups,0,2,Refundable,0,Transient-Party,A,1,0,0
DEU,Direct,0,0,No Deposit,0,Transient,E,1,1,0
NOR,Online TA,0,2,No Deposit,0,Transient,G,0,1,0
FIN,Online TA,0,1,No Deposit,0,Transient,D,0,1,0
Others,Online TA,0,2,No Deposit,0,Transient,E,0,0,1
Others,Groups,0,2,No Deposit,0,Transient-Party,A,0,0,0
PRT,Groups,0,1,Refundable,0,Transient-Party,A,1,0,0
CN,Online TA,0,0,No Deposit,0,Group,A,0,2,0
FRA,Online TA,0,1,No Deposit,0,Transient-Party,D,0,2,0
IRL,Corporate,0,0,No Deposit,0,Transient,A,0,0,0
GBR,Online TA,0,1,No Deposit,0,Transient,A,0,3,0
ITA,Direct,0,2,No Deposit,0,Transient-Party,E,0,1,0
FRA,Online TA,0,2,No Deposit,0,Transient,E,1,1,0
PRT,Complementary,0,0,No Deposit,0,Transient,A,1,1,0
FRA,Online TA,0,3,No Deposit,0,Transient,A,0,4,0
ITA,Online TA,0,4,No Deposit,0,Transient,D,0,2,1
PRT,Corporate,0,0,No Deposit,0,Transient-Party,D,1,1,0
FRA,Online TA,0,0,No Deposit,0,Transient,A,0,4,1
BRA,Offline TA/TO,0,0,No Deposit,0,Transient,A,1,1,0
PRT,Direct,0,1,No Deposit,0,Transient-Party,A,0,0,1
Others,Online TA,0,0,No Deposit,0,Transient,F,0,0,1
BEL,Online TA,0,1,No Deposit,0,Transient,A,0,2,0
PRT,Direct,0,1,No Deposit,0,Transient,D,1,1,0
CHN,Online TA,0,0,No Deposit,0,Transient-Party,A,0,0,1
PRT,Direct,0,0,No Deposit,0,Transient,C,1,1,0
PRT,Direct,0,3,No Deposit,0,Transient-Party,A,0,0,0
CN,Direct,0,0,No Deposit,0,Transient,D,0,0,0
NLD,Groups,0,1,No Deposit,0,Transient-Party,D,0,0,0
Others,Online TA,0,0,No Deposit,0,Transient,A,0,0,1
Others,Online TA,0,0,No Deposit,0,Transient,A,0,0,1
ESP,Online TA,0,0,No Deposit,0,Transient,F,0,4,0
Others,Online TA,0,0,No Deposit,0,Transient,A,0,2,1
GBR,Groups,0,4,No Deposit,0,Transient,A,0,0,0
BRA,Online TA,0,1,No Deposit,0,Transient,A,0,3,1
PRT,Online TA,0,2,No Deposit,0,Transient,D,0,2,0
BEL,Online TA,0,0,No Deposit,0,Transient,D,1,2,0
ESP,Online TA,0,0,Refundable,0,Transient,E,0,2,1
BEL,Direct,0,0,No Deposit,0,Transient,F,0,0,1
PRT,Complementary,2,0,No Deposit,0,Transient,A,0,1,0
GBR,Online TA,0,1,No Deposit,0,Transient,G,0,3,1
PRT,Direct,0,0,No Deposit,0,Transient,A,0,2,1
ESP,Aviation,0,2,No Deposit,0,Transient,D,0,0,0
SWE,Online TA,0,0,No Deposit,0,Transient,E,0,2,1
PRT,Complementary,0,0,No Deposit,0,Transient,A,0,2,1
Others,Online TA,0,1,No Deposit,0,Transient,A,0,1,0
FRA,Direct,0,0,No Deposit,0,Contract,A,0,2,0
PRT,Direct,1,0,No Deposit,0,Transient,F,0,1,1
GBR,Online TA,0,0,No Deposit,0,Transient,G,0,1,1
ISR,Direct,0,0,No Deposit,0,Transient,E,0,1,1
ROU,Online TA,0,0,No Deposit,0,Transient,B,0,0,1
PRT,Offline TA/TO,0,0,No Deposit,0,Group,A,0,1,0
BEL,Corporate,0,0,No Deposit,0,Transient,A,0,1,0
IRL,Offline TA/TO,0,1,No Deposit,0,Contract,A,0,2,0
ESP,Online TA,0,1,No Deposit,0,Transient,D,0,1,1
ESP,Online TA,0,1,No Deposit,0,Transient,E,0,0,0
DNK,Online TA,0,0,No Deposit,0,Transient,B,0,1,1
POL,Offline TA/TO,0,0,No Deposit,0,Transient,A,0,2,0
FRA,Online TA,0,4,No Deposit,0,Transient-Party,D,0,0,0
Others,Online TA,0,1,No Deposit,0,Transient-Party,A,0,0,0
CN,Offline TA/TO,0,0,No Deposit,0,Contract,A,0,0,0
IRL,Direct,0,2,No Deposit,0,Transient,F,0,0,0
Others,Offline TA/TO,0,0,No Deposit,0,Transient,A,1,0,0
FRA,Online TA,0,13,No Deposit,0,Transient,E,0,0,0
ITA,Direct,0,1,No Deposit,0,Transient,E,0,2,0
ESP,Online TA,0,0,No Deposit,0,Transient,H,0,0,1
CN,Online TA,0,0,No Deposit,0,Transient,E,0,1,1
Others,Online TA,0,0,No Deposit,0,Transient,G,0,0,0
SWE,Online TA,0,2,No Deposit,0,Transient,E,0,2,0
PRT,Complementary,0,1,No Deposit,0,Transient,G,0,3,0
ISR,Online TA,0,0,No Deposit,0,Transient,A,0,1,1
GBR,Online TA,0,1,No Deposit,0,Transient-Party,A,0,2,0
DNK,Online TA,0,0,No Deposit,0,Transient,F,0,1,0
Others,Online TA,0,1,No Deposit,0,Transient,A,0,0,0
DEU,Groups,0,0,No Deposit,0,Transient-Party,E,0,0,0
Others,Online TA,0,0,No Deposit,0,Transient,E,0,1,1
ITA,Online TA,0,0,No Deposit,0,Transient,A,0,3,1
AUT,Online TA,0,1,No Deposit,0,Transient-Party,D,0,0,1
ESP,Online TA,0,2,No Deposit,0,Transient,E,0,0,1
POL,Online TA,0,1,No Deposit,0,Transient,A,0,1,0
PRT,Complementary,0,1,No Deposit,0,Transient,G,0,1,0
CHE,Direct,0,0,No Deposit,0,Transient,E,0,3,0
AUT,Offline TA/TO,0,2,No Deposit,0,Transient,A,0,0,0
BEL,Online TA,0,2,No Deposit,0,Transient,A,0,1,0
PRT,Offline TA/TO,0,2,No Deposit,0,Transient,B,0,3,0
BEL,Online TA,0,1,No Deposit,0,Transient,E,0,0,0
IRL,Direct,0,2,No Deposit,0,Transient-Party,B,0,3,0
GBR,Online TA,0,0,No Deposit,0,Contract,A,0,3,0
ITA,Direct,0,0,No Deposit,0,Transient,D,0,2,0
POL,Online TA,0,0,No Deposit,0,Contract,F,0,1,0
ROU,Online TA,0,1,No Deposit,0,Transient,E,0,2,1
Others,Direct,0,4,No Deposit,0,Transient,D,0,0,0
USA,Offline TA/TO,0,4,No Deposit,0,Transient,A,0,0,0
CN,Online TA,0,0,No Deposit,0,Transient,E,1,1,0
Others,Direct,0,0,No Deposit,0,Transient,A,1,0,0
IRL,Online TA,0,0,No Deposit,0,Transient,G,0,2,0
PRT,Corporate,0,0,No Deposit,0,Transient,A,0,3,0
DEU,Direct,0,0,No Deposit,0,Transient,D,0,0,1
Others,Online TA,0,1,No Deposit,0,Transient,A,1,2,0
PRT,Direct,0,2,No Deposit,0,Transient,G,0,1,1
AUT,Offline TA/TO,0,0,No Deposit,0,Transient,E,1,0,0
Others,Direct,0,1,No Deposit,0,Transient,F,0,0,0
USA,Groups,0,1,No Deposit,0,Transient-Party,A,0,0,0
DNK,Online TA,0,1,No Deposit,0,Transient,D,0,1,0
Others,Offline TA/TO,0,0,No Deposit,0,Transient,A,0,0,0
GBR,Online TA,0,0,No Deposit,0,Transient,A,0,5,0
GBR,Offline TA/TO,0,3,No Deposit,0,Transient,A,0,1,0
Others,Online TA,0,0,No Deposit,0,Transient,A,0,1,0
DNK,Online TA,0,0,No Deposit,0,Transient,G,0,1,1
ITA,Online TA,0,0,No Deposit,0,Transient,G,0,1,1
AUT,Offline TA/TO,0,0,No Deposit,0,Transient-Party,A,0,2,0
BEL,Online TA,0,1,No Deposit,0,Transient-Party,A,0,1,0
DEU,Corporate,0,2,No Deposit,0,Transient,A,0,1,0
GBR,Direct,0,1,No Deposit,0,Group,A,0,1,0
BEL,Online TA,0,0,No Deposit,0,Transient,A,0,3,0
PRT,Online TA,0,3,No Deposit,0,Transient,A,1,3,0
IRL,Direct,0,1,No Deposit,0,Transient,E,0,0,0
PRT,Online TA,1,1,No Deposit,0,Contract,F,0,1,1
GBR,Direct,0,2,No Deposit,0,Transient,A,0,1,0
PRT,Online TA,0,0,No Deposit,0,Transient,F,1,0,0
Others,Direct,0,0,No Deposit,0,Transient,A,0,0,1
NOR,Online TA,0,0,No Deposit,0,Transient,G,0,1,0
NOR,Online TA,0,0,No Deposit,0,Transient,F,0,1,0
NOR,Online TA,0,1,No Deposit,0,Transient-Party,A,0,1,0
ITA,Online TA,0,3,No Deposit,0,Transient,D,0,1,0
PRT,Online TA,0,3,No Deposit,0,Transient,D,1,2,0
Others,Online TA,0,2,No Deposit,0,Transient,D,0,1,0
GBR,Online TA,0,0,No Deposit,0,Transient-Party,E,0,2,0
PRT,Direct,0,2,No Deposit,0,Transient,A,0,0,1
SWE,Direct,0,1,No Deposit,0,Transient,A,0,3,0
ROU,Direct,0,0,No Deposit,0,Transient,E,0,1,0
BEL,Online TA,0,1,No Deposit,0,Transient,A,1,1,0
PRT,Offline TA/TO,0,3,No Deposit,0,Transient,A,0,0,0
PRT,Online TA,0,1,No Deposit,0,Transient,H,0,1,1
PRT,Complementary,0,1,No Deposit,0,Transient,F,0,2,0
GBR,Online TA,0,1,No Deposit,0,Transient,H,0,0,0
Others,Offline TA/TO,0,2,No Deposit,0,Transient-Party,A,0,0,0
PRT,Corporate,0,1,No Deposit,0,Transient-Party,E,0,0,0
PRT,Offline TA/TO,0,2,No Deposit,0,Transient-Party,D,0,1,0
PRT,Direct,0,0,No Deposit,0,Contract,A,1,1,0
POL,Online TA,0,1,No Deposit,0,Transient,D,0,0,0
Others,Online TA,0,1,No Deposit,0,Contract,D,0,1,0
GBR,Offline TA/TO,0,1,No Deposit,0,Transient-Party,D,0,0,0
Others,Online TA,0,0,No Deposit,0,Transient,D,0,1,0
Others,Online TA,0,2,No Deposit,0,Transient,A,0,1,1
IRL,Direct,0,0,No Deposit,0,Transient-Party,D,0,1,0
PRT,Groups,0,0,No Deposit,0,Transient,E,0,0,0
NLD,Groups,0,1,Refundable,0,Transient-Party,A,0,0,0
POL,Online TA,0,0,No Deposit,0,Transient,F,0,0,1
Others,Direct,0,0,No Deposit,0,Transient-Party,E,1,1,0
Others,Groups,0,4,No Deposit,0,Transient-Party,A,0,0,0
PRT,Online TA,0,0,No Deposit,0,Transient-Party,E,1,2,0
GBR,Corporate,0,2,No Deposit,0,Transient-Party,A,0,0,0
NLD,Online TA,0,0,No Deposit,0,Transient,G,1,0,0
GBR,Online TA,0,0,No Deposit,0,Transient,C,0,2,0
Others,Online TA,0,0,No Deposit,0,Transient,D,0,0,0
GBR,Groups,1,0,No Deposit,0,Transient-Party,D,0,0,1
BEL,Online TA,0,0,No Deposit,0,Transient,B,0,1,0
PRT,Direct,0,3,No Deposit,0,Transient,A,1,0,0
CHE,Direct,0,2,No Deposit,0,Transient,C,0,1,0
PRT,Direct,0,0,No Deposit,0,Transient-Party,A,0,4,1
FRA,Direct,0,0,No Deposit,0,Transient,G,0,1,0
GBR,Direct,0,0,No Deposit,0,Transient,E,0,1,1
CHE,Online TA,0,2,No Deposit,0,Transient,A,0,1,1
BRA,Direct,0,0,No Deposit,0,Transient,D,0,3,0
IRL,Online TA,0,0,No Deposit,0,Transient,D,1,0,0
CHE,Direct,0,0,No Deposit,0,Transient,F,0,1,0
PRT,Online TA,0,1,No Deposit,0,Transient,E,0,0,1
FRA,Direct,0,5,No Deposit,0,Transient,D,0,0,0
PRT,Groups,1,0,Non Refund,9,Transient,A,0,0,1
Others,Corporate,0,3,No Deposit,0,Group,E,0,0,0
PRT,Online TA,0,0,No Deposit,0,Transient,P,0,0,1
FRA,Groups,0,3,No Deposit,0,Transient-Party,A,0,0,0
NLD,Offline TA/TO,0,0,No Deposit,0,Transient,A,0,2,0
FRA,Direct,0,0,No Deposit,0,Transient-Party,A,0,1,0
PRT,Online TA,0,0,No Deposit,0,Transient-Party,A,0,3,0
RUS,Online TA,0,1,No Deposit,0,Transient-Party,B,0,0,1
Others,Online TA,0,2,No Deposit,0,Transient,A,0,0,0
CHE,Corporate,0,0,No Deposit,0,Transient-Party,A,0,0,0
DEU,Online TA,0,1,No Deposit,0,Transient,D,0,1,0
ESP,Groups,0,0,No Deposit,0,Transient,A,0,1,0
PRT,Direct,0,1,No Deposit,0,Transient,F,0,2,0
USA,Online TA,0,3,No Deposit,0,Transient-Party,D,0,1,0
NLD,Online TA,0,0,No Deposit,0,Transient,F,0,1,1
USA,Online TA,0,0,No Deposit,0,Transient,F,0,1,1
PRT,Direct,0,0,No Deposit,0,Transient,C,0,2,1
PRT,Corporate,0,5,No Deposit,0,Transient-Party,A,0,0,0
PRT,Direct,0,0,No Deposit,0,Group,D,0,1,0
GBR,Online TA,0,0,No Deposit,0,Transient,C,0,0,1
SWE,Online TA,0,1,No Deposit,0,Transient,H,0,0,0
BRA,Direct,0,0,No Deposit,0,Transient,F,0,0,1
GBR,Offline TA/TO,0,2,No Deposit,0,Transient,E,0,3,0
POL,Offline TA/TO,0,0,No Deposit,0,Transient,D,0,0,0
NLD,Online TA,0,0,No Deposit,0,Transient-Party,B,0,3,0
DEU,Direct,0,0,No Deposit,0,Transient,G,0,1,0
ESP,Online TA,0,1,No Deposit,0,Contract,A,1,1,0
Others,Online TA,0,0,No Deposit,0,Transient,B,0,0,1
USA,Groups,0,1,No Deposit,0,Transient-Party,D,0,0,0
BRA,Online TA,0,1,No Deposit,0,Transient,G,1,0,0
PRT,Offline TA/TO,1,0,No Deposit,0,Contract,E,0,0,1
Others,Direct,0,0,No Deposit,0,Transient,A,0,0,0
PRT,Online TA,0,0,No Deposit,0,Group,D,0,2,0
BRA,Direct,0,1,No Deposit,0,Transient,G,0,0,0
Others,Offline TA/TO,0,0,No Deposit,0,Transient,A,0,0,0
Others,Direct,0,1,No Deposit,0,Transient-Party,A,0,0,0
USA,Direct,0,0,No Deposit,0,Transient,E,0,0,1
CHN,Offline TA/TO,0,0,No Deposit,0,Transient,A,0,0,0
PRT,Online TA,0,2,No Deposit,0,Transient,A,0,0,0
PRT,Offline TA/TO,0,0,No Deposit,0,Transient,D,0,2,0
Others,Groups,0,3,No Deposit,0,Transient-Party,A,0,0,0
Others,Online TA,0,0,No Deposit,0,Transient,A,0,1,0
Others,Online TA,0,0,No Deposit,0,Transient,A,0,0,1
CN,Corporate,0,0,No Deposit,0,Transient,A,0,0,0
PRT,Direct,0,1,No Deposit,0,Transient,F,1,1,0
PRT,Online TA,0,0,No Deposit,0,Transient,F,1,2,0
CN,Offline TA/TO,0,0,No Deposit,0,Transient,A,1,0,0
Others,Online TA,0,0,No Deposit,0,Transient,D,0,0,1
Others,Online TA,0,0,No Deposit,0,Contract,A,0,2,0
AUT,Direct,0,1,No Deposit,0,Transient,D,0,2,0
GBR,Online TA,0,1,No Deposit,0,Transient-Party,B,0,0,0
USA,Direct,0,0,No Deposit,0,Transient,F,0,2,0
FRA,Direct,0,0,No Deposit,0,Transient,D,0,3,1
ROU,Offline TA/TO,0,0,No Deposit,0,Transient-Party,A,0,0,0
NLD,Direct,0,0,No Deposit,0,Transient,G,1,0,0
ROU,Offline TA/TO,0,0,No Deposit,0,Contract,A,0,0,0
PRT,Offline TA/TO,0,0,Non Refund,0,Transient,A,0,1,1
BEL,Online TA,0,1,No Deposit,0,Transient-Party,E,1,2,0
ROU,Online TA,0,2,No Deposit,0,Transient,A,0,0,0
Others,Online TA,0,0,No Deposit,0,Transient-Party,B,0,0,0
BEL,Online TA,0,2,No Deposit,0,Transient,D,0,1,1
NLD,Online TA,0,0,No Deposit,0,Transient,E,1,0,0
FRA,Offline TA/TO,0,2,No Deposit,0,Transient,A,0,0,0
GBR,Offline TA/TO,0,0,No Deposit,0,Contract,C,0,0,0
ITA,Corporate,0,1,No Deposit,0,Transient-Party,A,0,0,0
DEU,Corporate,0,1,No Deposit,0,Transient-Party,A,0,0,0
SWE,Direct,1,0,No Deposit,0,Transient,A,0,0,1
GBR,Groups,0,4,No Deposit,0,Transient-Party,D,1,0,0
POL,Online TA,0,0,No Deposit,0,Transient,A,1,0,0
USA,Direct,0,1,No Deposit,0,Transient,F,1,2,0
USA,Direct,0,1,No Deposit,0,Transient,F,0,0,0
IRL,Groups,0,2,No Deposit,0,Transient-Party,A,0,0,0
FIN,Online TA,0,0,No Deposit,0,Transient-Party,A,0,0,0
FRA,Online TA,0,1,No Deposit,0,Transient,D,1,1,0
IRL,Online TA,0,0,No Deposit,0,Transient,G,0,1,1
CHN,Online TA,0,0,No Deposit,0,Transient-Party,B,0,0,1
Others,Online TA,0,0,No Deposit,0,Transient,D,0,0,1
PRT,Offline TA/TO,0,0,No Deposit,56,Transient-Party,A,0,0,1
NLD,Direct,0,0,No Deposit,0,Transient-Party,A,0,2,0
BEL,Direct,0,1,No Deposit,0,Transient,A,0,4,0
USA,Online TA,0,3,No Deposit,0,Transient,A,1,1,0
Others,Online TA,0,0,No Deposit,0,Transient,E,0,1,0
BEL,Online TA,0,0,No Deposit,0,Transient,G,1,0,0
Others,Online TA,0,0,No Deposit,0,Transient,D,0,2,1
PRT,Offline TA/TO,1,0,No Deposit,0,Transient,E,0,0,1
ITA,Online TA,0,0,No Deposit,0,Transient-Party,A,0,1,1
Others,Online TA,0,0,No Deposit,0,Transient,F,0,3,0
SWE,Offline TA/TO,0,0,No Deposit,0,Transient,D,0,1,0
GBR,Online TA,0,0,No Deposit,0,Transient,D,1,2,0
ESP,Direct,0,0,No Deposit,0,Transient,B,0,1,1
ESP,Online TA,0,3,No Deposit,0,Transient-Party,D,0,1,0
Others,Offline TA/TO,0,0,No Deposit,0,Transient,D,0,0,0
USA,Direct,0,0,No Deposit,0,Transient,F,0,1,0
BRA,Online TA,0,1,No Deposit,0,Transient,C,0,2,0
FRA,Online TA,0,2,No Deposit,0,Transient,G,1,0,0
Others,Online TA,0,0,No Deposit,0,Transient,D,0,2,0
GBR,Groups,0,2,No Deposit,0,Transient-Party,A,0,1,0
CN,Offline TA/TO,0,0,No Deposit,0,Transient-Party,A,1,1,0
USA,Online TA,0,1,No Deposit,0,Transient-Party,B,0,0,0
POL,Online TA,0,3,No Deposit,0,Transient-Party,A,0,3,0
FRA,Groups,0,0,No Deposit,25,Transient-Party,A,0,0,0
AUT,Groups,0,1,No Deposit,0,Transient-Party,G,0,0,0
FRA,Corporate,0,4,No Deposit,0,Transient-Party,A,0,0,0
Others,Online TA,0,0,No Deposit,0,Transient,F,0,0,0
CHE,Online TA,0,0,No Deposit,0,Transient-Party,A,0,0,1
ESP,Direct,0,2,No Deposit,0,Transient,E,1,1,0
NOR,Direct,0,0,No Deposit,0,Transient,A,0,1,0
Others,Direct,0,2,No Deposit,0,Transient,E,0,0,0
BRA,Online TA,0,0,No Deposit,0,Transient,G,0,1,0
ESP,Corporate,0,4,No Deposit,0,Transient-Party,A,1,0,0
GBR,Offline TA/TO,0,2,No Deposit,0,Transient,A,0,3,0
ESP,Online TA,0,0,No Deposit,0,Group,A,0,1,0
BEL,Direct,0,0,No Deposit,0,Transient,B,0,1,0
GBR,Online TA,0,0,No Deposit,0,Transient,F,0,1,1
FRA,Online TA,0,1,No Deposit,0,Transient,F,0,2,0
DNK,Online TA,0,0,No Deposit,0,Transient-Party,F,0,2,0
NLD,Direct,0,1,No Deposit,0,Transient,B,0,0,0
ESP,Online TA,0,2,No Deposit,0,Transient,E,0,2,1
BEL,Offline TA/TO,0,0,No Deposit,0,Transient,A,0,0,1
GBR,Groups,0,0,Refundable,0,Group,A,0,0,0
PRT,Complementary,0,0,No Deposit,0,Transient,D,1,2,0
NOR,Online TA,0,0,No Deposit,0,Transient,A,1,0,0
ITA,Offline TA/TO,0,4,No Deposit,0,Transient-Party,A,0,2,0
Others,Online TA,0,0,No Deposit,0,Transient,A,0,1,1
Others,Groups,0,1,No Deposit,0,Transient-Party,A,0,2,0
PRT,Direct,0,1,No Deposit,0,Transient,H,1,3,0
Others,Online TA,0,0,No Deposit,0,Transient,D,0,1,1
BEL,Online TA,0,1,No Deposit,0,Transient,H,1,0,0
Others,Online TA,0,0,No Deposit,0,Transient,F,0,0,1
NLD,Direct,0,0,No Deposit,0,Transient,D,0,2,0
Others,Offline TA/TO,0,0,No Deposit,0,Transient,D,0,1,0
USA,Direct,0,0,No Deposit,0,Transient,E,0,0,0
ISR,Online TA,0,1,No Deposit,0,Transient,E,0,2,0
CHN,Groups,0,1,No Deposit,0,Transient-Party,E,0,0,0
GBR,Online TA,0,1,No Deposit,0,Transient-Party,A,0,3,0
FRA,Offline TA/TO,0,0,No Deposit,0,Transient,E,0,1,0
Others,Online TA,0,0,No Deposit,0,Contract,D,0,2,0
Others,Direct,0,0,No Deposit,0,Transient,A,0,2,0
Others,Online TA,0,1,No Deposit,0,Transient,D,0,1,0
Others,Online TA,0,3,No Deposit,0,Transient,A,0,0,1
BRA,Corporate,0,0,No Deposit,0,Transient,A,0,0,0
PRT,Offline TA/TO,0,4,No Deposit,0,Transient,D,0,1,0
BRA,Online TA,0,1,No Deposit,0,Transient,A,0,2,1
BEL,Online TA,0,0,No Deposit,0,Transient,E,0,0,1
Others,Online TA,0,0,No Deposit,0,Transient,D,0,0,1
Others,Online TA,0,0,No Deposit,0,Transient-Party,D,0,1,0
Others,Online TA,0,0,No Deposit,0,Transient,D,0,2,1
NLD,Direct,0,0,No Deposit,0,Transient,D,0,0,1
BRA,Online TA,0,0,No Deposit,0,Transient,E,0,1,0
AUT,Online TA,0,0,No Deposit,0,Transient,F,0,1,1
IRL,Direct,0,1,No Deposit,0,Transient,F,0,0,0
IRL,Online TA,0,0,No Deposit,0,Transient-Party,E,0,0,0
Others,Groups,0,1,No Deposit,0,Transient-Party,A,0,0,0
Others,Online TA,0,1,No Deposit,0,Transient,A,0,1,0
Others,Direct,0,0,No Deposit,0,Transient,D,0,0,0
Others,Groups,0,0,No Deposit,0,Transient-Party,A,0,1,0
ITA,Direct,0,1,No Deposit,0,Transient,E,1,0,0
FRA,Direct,0,0,No Deposit,0,Transient,G,0,0,1
ESP,Offline TA/TO,0,0,No Deposit,0,Transient,A,0,2,0
PRT,Online TA,0,1,No Deposit,0,Transient,E,0,2,0
USA,Direct,0,0,No Deposit,0,Transient,H,0,2,0
PRT,Complementary,0,3,No Deposit,0,Transient,C,0,2,0
PRT,Offline TA/TO,0,0,No Deposit,0,Contract,A,0,2,0
FRA,Offline TA/TO,0,1,No Deposit,0,Transient,D,1,1,0
Others,Online TA,0,0,No Deposit,0,Transient,A,0,2,0
GBR,Online TA,0,0,No Deposit,0,Transient-Party,G,0,0,0
NLD,Online TA,0,1,No Deposit,0,Transient,E,0,3,0
Others,Online TA,0,1,No Deposit,0,Contract,A,0,3,0
BEL,Online TA,0,1,No Deposit,0,Transient-Party,A,0,2,0
NLD,Direct,0,0,No Deposit,0,Transient,A,0,0,0
BRA,Offline TA/TO,0,3,No Deposit,0,Transient-Party,A,0,0,0
FRA,Offline TA/TO,0,0,No Deposit,0,Transient,E,0,2,0
CHE,Online TA,0,3,No Deposit,0,Transient,F,0,0,0
Others,Online TA,0,1,No Deposit,0,Transient-Party,B,0,0,0
ROU,Online TA,0,1,No Deposit,0,Transient,B,0,2,1
PRT,Online TA,1,0,No Deposit,0,Transient,F,0,2,1
CN,Online TA,0,0,No Deposit,0,Transient,D,0,2,0
ITA,Direct,0,0,No Deposit,0,Transient,A,0,0,1
GBR,Online TA,0,0,No Deposit,0,Transient,G,1,1,0
FRA,Offline TA/TO,0,0,No Deposit,27,Transient-Party,A,0,0,0
ESP,Direct,0,1,No Deposit,0,Transient-Party,F,0,0,1
PRT,Direct,0,0,No Deposit,0,Transient,E,0,2,1
Others,Offline TA/TO,0,0,No Deposit,0,Transient,A,0,0,0
Others,Online TA,0,0,No Deposit,0,Transient,A,0,1,0
IRL,Corporate,0,0,No Deposit,0,Transient-Party,A,0,0,0
PRT,Groups,0,0,No Deposit,47,Transient-Party,A,0,0,0
ESP,Online TA,0,0,No Deposit,0,Transient,C,0,0,0
PRT,Corporate,0,1,No Deposit,0,Transient,A,1,1,0
PRT,Online TA,0,1,No Deposit,0,Transient,C,0,0,1
ESP,Online TA,0,3,No Deposit,0,Transient,A,1,1,0
POL,Online TA,0,0,No Deposit,0,Transient-Party,A,0,0,0
USA,Corporate,0,0,No Deposit,0,Transient,A,0,0,0
PRT,Complementary,0,1,No Deposit,0,Transient,E,0,0,1
IRL,Online TA,0,1,No Deposit,0,Transient,D,0,2,0
Others,Online TA,0,2,No Deposit,0,Transient,H,0,2,0
DEU,Direct,0,0,No Deposit,0,Transient,F,0,2,0
PRT,Direct,0,4,No Deposit,0,Transient,F,0,0,0
IRL,Online TA,0,2,No Deposit,0,Transient,A,0,0,1
CHN,Direct,0,1,No Deposit,0,Transient,A,0,1,0
PRT,Online TA,0,2,No Deposit,0,Group,B,0,2,0
GBR,Online TA,0,1,No Deposit,0,Transient-Party,A,0,0,0
BRA,Direct,0,0,No Deposit,0,Transient-Party,A,0,0,0
CN,Online TA,0,0,No Deposit,0,Transient,B,0,0,1
PRT,Complementary,0,1,No Deposit,0,Transient,A,1,1,0
SWE,Offline TA/TO,0,0,No Deposit,0,Transient,A,0,2,0
PRT,Online TA,0,1,No Deposit,0,Transient,E,1,2,0
AUT,Online TA,0,1,No Deposit,0,Transient,A,0,1,1
FRA,Direct,0,0,No Deposit,0,Transient-Party,F,0,0,0
DEU,Direct,0,1,No Deposit,0,Transient,E,0,0,1
PRT,Complementary,0,2,No Deposit,0,Transient,D,0,2,1
CHE,Direct,0,2,No Deposit,0,Transient,E,0,1,1
PRT,Direct,0,4,No Deposit,0,Transient,A,1,1,0
DEU,Offline TA/TO,0,0,No Deposit,0,Transient,A,0,0,1
CHE,Online TA,0,0,No Deposit,0,Transient,F,0,0,0
DEU,Complementary,0,0,No Deposit,0,Transient,E,0,1,0
Others,Groups,0,2,No Deposit,0,Transient-Party,A,0,0,0
ESP,Direct,0,1,No Deposit,0,Transient,F,1,1,0
PRT,Direct,0,2,No Deposit,0,Transient,F,0,1,1
DEU,Direct,0,1,No Deposit,0,Transient-Party,A,0,2,0
BRA,Online TA,0,0,No Deposit,0,Transient-Party,D,0,0,0
PRT,Direct,0,8,No Deposit,0,Transient,A,0,1,0
Others,Online TA,0,5,No Deposit,0,Transient,D,1,3,0
ESP,Online TA,0,0,No Deposit,0,Transient,D,0,3,1
Others,Online TA,0,0,No Deposit,0,Transient,D,0,0,0
USA,Online TA,0,0,No Deposit,0,Transient,E,0,3,0
Others,Corporate,0,0,No Deposit,0,Transient-Party,A,0,1,0
DEU,Online TA,0,0,No Deposit,0,Transient,D,1,2,0
FIN,Direct,0,1,No Deposit,0,Transient,G,0,0,0
ITA,Offline TA/TO,0,0,No Deposit,0,Transient,E,0,0,0
PRT,Direct,0,5,No Deposit,0,Transient,A,0,0,0
PRT,Direct,0,1,No Deposit,0,Transient,B,0,0,1
PRT,Offline TA/TO,0,2,No Deposit,0,Transient,D,0,0,0
Others,Online TA,0,0,No Deposit,0,Transient,H,0,0,1
Others,Offline TA/TO,0,0,No Deposit,0,Transient,A,0,0,0
BRA,Online TA,0,0,No Deposit,0,Contract,A,0,3,0
CHN,Direct,0,1,No Deposit,0,Transient,A,0,3,0
ROU,Online TA,0,0,No Deposit,0,Transient,D,0,1,0
PRT,Complementary,1,0,No Deposit,0,Transient,A,0,0,0
IRL,Direct,0,0,No Deposit,0,Transient,D,0,0,1
FIN,Offline TA/TO,0,1,No Deposit,0,Transient,D,0,0,0
PRT,Offline TA/TO,0,4,No Deposit,0,Transient,A,0,0,0
FRA,Direct,0,1,No Deposit,0,Transient-Party,B,0,0,0
Others,Offline TA/TO,0,0,No Deposit,0,Transient,A,0,1,0
PRT,Corporate,3,0,No Deposit,0,Transient,A,1,0,0
PRT,Offline TA/TO,0,1,No Deposit,0,Group,A,0,0,0
AUT,Online TA,0,1,No Deposit,0,Transient,D,0,2,0
FRA,Online TA,0,1,No Deposit,0,Contract,A,0,0,0
Others,Corporate,0,1,No Deposit,0,Transient,A,0,0,0
CN,Online TA,0,0,No Deposit,0,Transient,D,0,2,1
Others,Online TA,0,0,No Deposit,0,Transient,A,0,0,0
USA,Groups,0,1,No Deposit,0,Transient-Party,A,0,1,0
PRT,Groups,0,0,No Deposit,0,Transient-Party,E,0,1,1
CN,Offline TA/TO,0,1,No Deposit,0,Transient,A,0,1,0
FRA,Direct,0,1,No Deposit,0,Transient,A,1,0,0
CN,Groups,0,0,No Deposit,0,Transient-Party,D,0,0,0
Others,Offline TA/TO,0,0,No Deposit,0,Transient-Party,D,0,1,0
FRA,Groups,0,2,No Deposit,34,Transient-Party,A,0,1,0
GBR,Online TA,0,1,No Deposit,0,Transient,B,0,1,0
Others,Online TA,0,0,No Deposit,0,Transient,E,0,2,1
NOR,Online TA,0,0,No Deposit,0,Transient-Party,A,0,2,0
SWE,Offline TA/TO,0,1,No Deposit,35,Transient-Party,A,0,1,0
Others,Offline TA/TO,0,0,No Deposit,0,Transient-Party,A,0,1,0
SWE,Groups,0,0,No Deposit,0,Transient-Party,D,0,0,0
GBR,Direct,0,0,No Deposit,0,Transient,G,0,3,0
GBR,Online TA,0,0,No Deposit,0,Transient,A,0,4,1
Others,Online TA,0,0,No Deposit,0,Transient,A,0,2,0
PRT,Online TA,0,0,No Deposit,0,Transient-Party,E,0,2,0
Others,Online TA,0,0,No Deposit,0,Transient,E,0,1,0
FRA,Corporate,1,0,No Deposit,0,Transient,A,0,3,0
BEL,Online TA,0,1,No Deposit,0,Transient,H,0,1,0
GBR,Online TA,0,2,No Deposit,0,Transient,E,0,1,1
FRA,Online TA,0,0,No Deposit,0,Transient,F,0,1,1
BEL,Online TA,0,0,No Deposit,0,Transient,A,0,4,0
Others,Online TA,0,0,No Deposit,0,Transient,H,0,0,1
PRT,Corporate,2,0,No Deposit,0,Transient,E,0,3,1
ROU,Online TA,0,0,No Deposit,0,Transient,D,0,0,0
CHE,Direct,0,1,No Deposit,0,Transient,A,1,0,0
CHN,Online TA,0,0,No Deposit,0,Transient,F,0,1,0
FRA,Direct,0,0,No Deposit,0,Group,A,0,0,0
FRA,Online TA,0,0,No Deposit,0,Transient-Party,D,1,1,0
NOR,Online TA,0,2,No Deposit,0,Transient,B,0,0,0
AUT,Groups,0,1,Refundable,53,Transient-Party,A,0,0,0
AUT,Online TA,0,1,No Deposit,0,Transient-Party,A,0,0,0
PRT,Online TA,0,6,No Deposit,0,Transient,A,0,1,0
USA,Online TA,0,1,No Deposit,0,Transient,E,0,0,1
GBR,Online TA,0,2,No Deposit,0,Transient,G,0,0,1
PRT,Offline TA/TO,0,4,No Deposit,0,Transient-Party,A,0,0,1
CN,Online TA,0,0,No Deposit,0,Transient,G,0,1,1
Others,Online TA,0,1,No Deposit,0,Transient,A,0,0,0
ITA,Online TA,0,0,No Deposit,0,Transient,E,0,2,1
Others,Offline TA/TO,0,0,No Deposit,0,Transient-Party,A,0,0,0
PRT,Online TA,0,1,No Deposit,0,Transient,F,0,0,0
AUT,Groups,0,3,No Deposit,0,Transient-Party,A,0,0,0
Others,Online TA,0,0,No Deposit,0,Transient,A,0,3,0
DNK,Online TA,0,0,No Deposit,0,Transient,C,1,1,0
PRT,Direct,0,2,No Deposit,0,Transient,G,0,0,0
BRA,Offline TA/TO,0,2,No Deposit,0,Transient-Party,E,0,0,0
CHE,Online TA,0,2,No Deposit,0,Transient,A,0,3,1
DEU,Groups,0,0,No Deposit,0,Transient-Party,E,0,1,0
Others,Online TA,0,0,No Deposit,0,Transient-Party,A,0,2,0
PRT,Direct,0,0,No Deposit,0,Transient-Party,B,0,1,0
PRT,Complementary,0,1,No Deposit,0,Transient-Party,A,0,0,0
PRT,Offline TA/TO,0,1,No Deposit,0,Contract,D,0,0,0
IRL,Offline TA/TO,0,0,No Deposit,0,Contract,D,0,3,0
FRA,Online TA,0,0,No Deposit,0,Contract,F,0,0,0
IRL,Offline TA/TO,0,0,No Deposit,0,Transient,A,1,0,0
USA,Online TA,0,1,No Deposit,0,Transient,H,1,1,0
PRT,Online TA,0,1,No Deposit,0,Transient,C,0,2,0
Others,Online TA,0,0,No Deposit,0,Transient,A,0,0,1
USA,Online TA,0,0,No Deposit,0,Transient,E,1,2,0
ESP,Direct,0,2,No Deposit,0,Transient,H,0,0,0
PRT,Online TA,0,0,No Deposit,0,Transient,G,1,3,0
FRA,Online TA,0,4,No Deposit,0,Transient,F,0,1,1
PRT,Aviation,0,1,No Deposit,0,Transient,D,0,0,0
PRT,Complementary,0,1,No Deposit,0,Transient,B,0,1,0
Others,Online TA,0,0,No Deposit,0,Transient,A,0,0,1
Others,Offline TA/TO,0,0,No Deposit,0,Transient,D,0,1,0
PRT,Complementary,1,0,No Deposit,0,Transient,D,0,4,0
Others,Corporate,0,1,No Deposit,0,Transient-Party,A,0,0,0
Others,Aviation,0,0,No Deposit,0,Transient,D,0,1,0
POL,Online TA,0,0,No Deposit,0,Transient-Party,A,0,1,0
Others,Online TA,0,0,No Deposit,0,Transient,A,0,0,1
Others,Online TA,0,1,No Deposit,0,Transient,B,0,1,1
Others,Online TA,0,0,No Deposit,0,Transient,D,0,2,0
Others,Online TA,0,2,No Deposit,0,Transient-Party,A,0,0,0
USA,Offline TA/TO,0,0,No Deposit,0,Transient,A,0,1,0
Others,Direct,0,1,No Deposit,0,Transient,A,0,0,0
Others,Online TA,0,1,No Deposit,0,Transient,D,0,3,0
POL,Online TA,0,0,No Deposit,0,Transient,F,0,1,0
GBR,Groups,1,0,Non Refund,0,Transient,D,0,0,1
BRA,Direct,0,2,No Deposit,0,Transient-Party,A,1,1,0
FRA,Direct,0,3,No Deposit,0,Transient,A,0,1,0
ESP,Direct,0,3,No Deposit,0,Transient,A,0,2,0
Others,Online TA,0,0,No Deposit,0,Transient,B,0,1,1
Others,Online TA,0,0,No Deposit,0,Transient,D,0,0,0
NLD,Online TA,0,0,No Deposit,0,Transient,B,0,1,1
PRT,Direct,0,2,No Deposit,0,Transient,G,1,0,0
GBR,Offline TA/TO,0,1,No Deposit,0,Transient,C,0,0,0
USA,Offline TA/TO,0,2,No Deposit,0,Transient-Party,A,0,1,0
FRA,Online TA,0,2,No Deposit,0,Transient,D,0,4,0
ESP,Online TA,0,1,No Deposit,0,Transient,F,0,0,1
AUT,Online TA,0,0,No Deposit,0,Transient-Party,D,0,1,0
FRA,Offline TA/TO,0,2,No Deposit,0,Transient,C,0,1,0
FIN,Online TA,0,0,No Deposit,0,Transient,G,0,1,1
NLD,Online TA,0,0,No Deposit,0,Transient,E,0,2,1
BEL,Online TA,0,0,No Deposit,0,Transient-Party,B,0,0,0
POL,Offline TA/TO,0,1,No Deposit,0,Transient,A,0,0,0
Others,Groups,0,0,No Deposit,0,Transient-Party,A,0,0,0
ESP,Online TA,0,0,No Deposit,0,Transient-Party,B,0,0,0
DEU,Direct,0,0,No Deposit,0,Transient,B,0,1,0
Others,Online TA,0,2,No Deposit,0,Transient,D,0,1,0
PRT,Complementary,0,0,No Deposit,0,Transient,G,0,3,0
PRT,Online TA,0,1,No Deposit,0,Transient,D,1,0,0
DEU,Groups,0,0,No Deposit,0,Transient-Party,A,0,2,0
Others,Online TA,0,0,No Deposit,0,Transient,C,1,1,0
ESP,Online TA,0,1,No Deposit,0,Transient,B,0,1,0
BEL,Direct,0,0,No Deposit,0,Transient-Party,A,0,1,0
RUS,Online TA,0,0,No Deposit,0,Transient-Party,D,0,2,0
PRT,Direct,0,0,No Deposit,0,Group,D,0,0,1
Others,Direct,0,0,No Deposit,0,Transient,F,0,2,0
PRT,Complementary,0,1,No Deposit,0,Transient,G,1,2,0
NLD,Online TA,0,1,No Deposit,0,Transient,D,1,1,0
PRT,Direct,0,1,No Deposit,0,Transient,D,0,3,0
AUT,Online TA,0,0,No Deposit,0,Contract,A,0,1,0
RUS,Corporate,0,1,No Deposit,0,Transient-Party,A,0,0,0
BRA,Online TA,0,0,No Deposit,0,Transient-Party,E,0,0,1
SWE,Online TA,0,0,No Deposit,0,Transient,D,1,2,0
POL,Online TA,0,2,No Deposit,0,Transient,A,0,2,1
Others,Online TA,0,1,No Deposit,0,Contract,A,0,1,0
GBR,Offline TA/TO,0,0,No Deposit,0,Group,E,0,0,0
ESP,Online TA,11,0,No Deposit,0,Transient,A,0,1,0
FRA,Direct,0,0,No Deposit,0,Transient-Party,E,1,1,0
FRA,Direct,0,1,No Deposit,0,Group,E,0,1,0
PRT,Direct,0,2,No Deposit,0,Transient-Party,F,0,2,0
Others,Offline TA/TO,0,1,No Deposit,0,Transient-Party,A,0,0,0
NLD,Online TA,0,1,No Deposit,0,Transient,A,1,1,0
IRL,Online TA,0,1,No Deposit,0,Transient,D,0,0,1
POL,Online TA,0,0,No Deposit,0,Transient,A,1,1,0
PRT,Corporate,0,0,No Deposit,0,Transient-Party,A,0,1,1
ESP,Direct,0,1,No Deposit,0,Transient-Party,C,0,1,0
NOR,Online TA,0,0,No Deposit,0,Transient-Party,D,0,5,0
USA,Online TA,0,0,No Deposit,0,Transient-Party,B,0,0,1
NOR,Online TA,0,0,No Deposit,0,Transient,F,0,0,0
PRT,Online TA,0,4,No Deposit,0,Transient,A,0,0,0
PRT,Offline TA/TO,0,0,No Deposit,0,Transient-Party,A,0,4,0
FRA,Online TA,0,0,No Deposit,0,Transient,D,2,1,0
PRT,Corporate,0,0,No Deposit,0,Transient,E,1,0,0
PRT,Complementary,0,0,No Deposit,0,Transient,A,1,3,0
Others,Offline TA/TO,0,1,No Deposit,0,Transient-Party,A,0,0,0
DEU,Online TA,0,1,No Deposit,0,Transient,D,0,0,1
SWE,Groups,0,1,No Deposit,0,Transient-Party,E,1,0,0
Others,Online TA,0,4,No Deposit,0,Transient,A,0,3,0
PRT,Online TA,0,0,Non Refund,0,Transient,E,0,0,1
Others,Online TA,0,0,No Deposit,0,Transient,D,0,0,1
PRT,Online TA,0,3,No Deposit,0,Transient,A,0,1,1
PRT,Corporate,0,1,No Deposit,0,Transient,E,0,1,0
POL,Offline TA/TO,0,2,No Deposit,0,Contract,D,1,0,0
PRT,Direct,0,1,No Deposit,0,Transient,G,0,2,0
Others,Online TA,0,2,No Deposit,0,Transient,A,1,0,0
Others,Online TA,0,0,No Deposit,0,Transient,F,0,0,0
IRL,Online TA,0,2,No Deposit,0,Transient,C,0,1,0
USA,Direct,0,1,No Deposit,0,Transient,D,0,1,0
Others,Online TA,0,0,No Deposit,0,Transient-Party,A,0,1,0
ESP,Direct,0,4,No Deposit,0,Transient,D,1,2,0
POL,Online TA,0,1,No Deposit,0,Transient,D,0,0,1
ESP,Direct,0,0,No Deposit,0,Transient,D,1,1,0
POL,Online TA,0,1,No Deposit,0,Transient,A,0,1,1
ISR,Online TA,0,2,No Deposit,0,Transient,A,0,3,1
USA,Online TA,0,2,No Deposit,0,Transient,F,0,0,0
FRA,Direct,13,1,No Deposit,0,Transient,D,0,0,0
NLD,Groups,0,0,No Deposit,0,Transient-Party,A,1,0,0
DEU,Online TA,0,2,No Deposit,0,Transient,A,0,3,0
Others,Online TA,0,0,No Deposit,0,Transient,A,0,3,0
USA,Online TA,0,0,No Deposit,0,Transient,G,1,1,0
PRT,Groups,0,4,No Deposit,0,Transient-Party,A,0,0,1
DEU,Direct,0,0,No Deposit,0,Transient,E,0,1,0
ESP,Direct,0,2,No Deposit,0,Transient,A,0,1,0
RUS,Offline TA/TO,0,0,No Deposit,0,Transient,A,0,1,0
BRA,Online TA,0,0,No Deposit,0,Transient,G,0,1,1
Others,Online TA,0,0,No Deposit,0,Transient,H,0,1,1
PRT,Corporate,1,0,No Deposit,0,Transient,A,1,0,0
ESP,Online TA,0,2,No Deposit,0,Transient,A,0,1,1
Others,Direct,0,0,No Deposit,0,Transient,A,0,0,0
CN,Direct,0,1,No Deposit,0,Transient,A,0,0,0
ESP,Online TA,0,3,No Deposit,0,Transient-Party,G,0,1,1
FRA,Online TA,0,1,No Deposit,0,Transient-Party,B,0,1,0
GBR,Online TA,0,4,No Deposit,0,Transient-Party,G,0,0,0
PRT,Direct,0,2,No Deposit,0,Transient,D,0,4,0
Others,Direct,0,1,No Deposit,0,Transient,A,0,0,0
IRL,Online TA,0,0,No Deposit,0,Transient,G,0,0,0
PRT,Offline TA/TO,0,0,No Deposit,0,Transient,B,0,2,0
DEU,Online TA,0,0,No Deposit,0,Transient,B,0,1,1
ESP,Online TA,0,0,No Deposit,0,Transient,E,1,3,0
GBR,Online TA,0,0,No Deposit,0,Transient-Party,B,0,2,0
PRT,Offline TA/TO,0,0,No Deposit,27,Transient-Party,A,0,0,0
FIN,Online TA,0,0,No Deposit,0,Transient,F,0,0,1
SWE,Online TA,0,0,No Deposit,0,Transient,E,0,2,0
AUT,Online TA,0,0,No Deposit,0,Transient,A,0,2,1
ITA,Online TA,0,0,No Deposit,0,Transient-Party,G,0,1,0
Others,Online TA,0,0,No Deposit,0,Transient,F,0,2,0
DNK,Online TA,0,0,No Deposit,0,Transient,E,0,1,0
FRA,Direct,0,1,No Deposit,0,Transient-Party,B,0,2,0
RUS,Online TA,0,0,No Deposit,0,Transient,E,0,0,1
RUS,Online TA,0,0,No Deposit,0,Transient,A,0,3,0
FIN,Complementary,0,1,No Deposit,0,Transient,A,0,2,0
Others,Online TA,0,0,No Deposit,0,Transient,F,0,0,1
CHE,Online TA,0,0,No Deposit,0,Transient,E,0,2,0
CHE,Online TA,0,1,No Deposit,0,Transient-Party,A,0,1,0
FIN,Online TA,0,0,No Deposit,0,Transient,A,1,2,0
NLD,Offline TA/TO,0,0,No Deposit,0,Contract,A,0,1,0
ESP,Offline TA/TO,0,0,No Deposit,0,Contract,A,0,3,0
PRT,Direct,0,3,No Deposit,0,Transient,D,0,2,0
POL,Online TA,0,0,No Deposit,0,Transient,G,0,1,0
PRT,Direct,1,2,No Deposit,0,Transient,E,1,4,0
PRT,Groups,0,0,Non Refund,14,Transient,A,0,0,1
PRT,Direct,0,1,No Deposit,1,Transient,E,0,1,1
PRT,Direct,0,1,No Deposit,0,Transient,H,1,1,0
AUT,Offline TA/TO,0,0,No Deposit,0,Transient,D,0,1,0
DEU,Online TA,0,2,No Deposit,0,Transient-Party,A,1,1,0
GBR,Online TA,0,1,No Deposit,0,Contract,D,0,1,0
GBR,Offline TA/TO,0,0,No Deposit,0,Transient,D,1,0,0
BEL,Offline TA/TO,0,0,No Deposit,0,Contract,A,0,2,0
Others,Direct,0,0,No Deposit,0,Transient,D,0,1,1
BRA,Direct,0,0,No Deposit,0,Transient,D,0,0,1
PRT,Groups,1,2,Non Refund,0,Transient,A,0,0,1
AUT,Aviation,0,3,No Deposit,0,Transient,A,0,0,0
DEU,Online TA,0,0,No Deposit,0,Transient,D,1,0,0
DEU,Online TA,0,2,No Deposit,0,Transient-Party,A,0,0,0
ITA,Offline TA/TO,0,1,No Deposit,0,Transient,A,0,0,0
DNK,Online TA,0,0,No Deposit,0,Transient,D,0,1,1
Others,Online TA,0,0,No Deposit,0,Contract,A,0,1,0
PRT,Direct,0,1,No Deposit,0,Transient,E,0,3,0
PRT,Online TA,0,0,No Deposit,0,Contract,B,1,0,0
PRT,Online TA,0,2,No Deposit,0,Transient,A,1,3,0
Others,Groups,0,1,No Deposit,0,Transient-Party,A,0,0,0
IRL,Online TA,0,2,No Deposit,0,Transient,D,0,3,1
DNK,Online TA,0,0,No Deposit,0,Transient,A,0,1,1
Others,Online TA,0,0,No Deposit,0,Transient,A,0,0,1
PRT,Direct,0,0,No Deposit,0,Transient-Party,D,0,2,0
GBR,Online TA,0,1,No Deposit,0,Transient,D,0,0,1
GBR,Direct,0,1,No Deposit,0,Transient,E,0,0,0
GBR,Offline TA/TO,0,0,No Deposit,0,Contract,E,1,0,0
PRT,Online TA,0,0,No Deposit,0,Transient,B,0,0,1
Others,Online TA,0,0,No Deposit,0,Transient-Party,B,0,0,0
Others,Groups,0,1,No Deposit,0,Transient-Party,A,0,0,0
POL,Corporate,0,1,No Deposit,0,Transient-Party,A,0,0,0
ESP,Online TA,0,0,No Deposit,0,Transient-Party,G,1,0,0
PRT,Online TA,1,0,No Deposit,0,Transient,B,0,1,1
Others,Corporate,0,1,No Deposit,0,Transient,A,0,1,0
NLD,Direct,0,2,No Deposit,5,Transient-Party,A,0,0,0
NLD,Online TA,0,0,No Deposit,0,Transient-Party,D,0,0,0
PRT,Online TA,0,1,No Deposit,0,Transient-Party,B,0,1,1
PRT,Direct,0,1,No Deposit,0,Transient-Party,A,1,0,0
CHE,Corporate,0,1,No Deposit,0,Transient-Party,A,0,0,0
NOR,Offline TA/TO,0,0,No Deposit,0,Contract,A,0,1,0
CHE,Direct,0,0,No Deposit,0,Transient,C,0,0,0
GBR,Groups,1,0,Non Refund,0,Transient,E,0,0,1
GBR,Online TA,0,0,No Deposit,0,Transient,G,0,0,0
DNK,Groups,0,1,No Deposit,0,Transient,A,0,0,0
PRT,Direct,0,1,No Deposit,0,Transient,A,0,3,0
PRT,Direct,0,0,No Deposit,0,Transient,G,1,2,0
NOR,Online TA,0,1,No Deposit,0,Transient-Party,D,0,1,0
AUT,Groups,0,0,No Deposit,0,Transient-Party,E,0,0,0
GBR,Online TA,0,1,No Deposit,0,Transient,C,0,1,0
Others,Online TA,0,0,No Deposit,0,Transient,A,0,1,1
Others,Online TA,0,0,No Deposit,0,Transient,A,0,0,0
USA,Direct,0,0,No Deposit,0,Transient,A,0,0,1
CHN,Online TA,0,1,No Deposit,0,Transient,D,0,0,1
FRA,Offline TA/TO,0,0,No Deposit,0,Transient-Party,A,0,0,1
Others,Online TA,0,0,No Deposit,0,Transient,D,0,1,1
NLD,Online TA,0,2,No Deposit,0,Transient,A,0,0,0
CHE,Offline TA/TO,0,0,No Deposit,0,Transient,D,1,0,0
Others,Online TA,0,1,No Deposit,0,Transient,B,0,0,1
GBR,Offline TA/TO,0,0,No Deposit,0,Contract,A,0,0,1
IRL,Online TA,0,1,No Deposit,0,Transient,C,0,0,0
USA,Online TA,0,2,No Deposit,0,Transient,D,1,0,0
IRL,Online TA,0,1,No Deposit,0,Transient,A,0,2,1
Others,Online TA,0,0,No Deposit,0,Transient,D,0,0,0
FIN,Offline TA/TO,0,0,No Deposit,0,Transient,A,1,0,0
NLD,Groups,0,12,No Deposit,0,Transient-Party,A,0,0,0
FRA,Offline TA/TO,0,0,No Deposit,43,Transient-Party,A,0,2,0
BEL,Online TA,0,1,No Deposit,0,Transient,A,1,2,0
Others,Groups,0,0,No Deposit,0,Transient,A,0,0,0
ESP,Online TA,0,1,No Deposit,0,Transient,C,1,2,0
DNK,Complementary,0,1,No Deposit,0,Transient,A,0,0,0
NLD,Groups,0,7,No Deposit,0,Transient-Party,C,0,0,0
FRA,Online TA,0,3,No Deposit,0,Transient,A,0,2,0
Others,Online TA,0,0,No Deposit,0,Transient,E,0,0,0
AUT,Direct,0,1,No Deposit,0,Transient,E,0,0,0
PRT,Offline TA/TO,0,4,No Deposit,0,Transient-Party,A,0,2,1
ESP,Offline TA/TO,0,1,No Deposit,0,Transient-Party,A,0,2,0
FRA,Online TA,0,0,No Deposit,0,Transient-Party,B,0,1,0
PRT,Online TA,1,1,No Deposit,0,Transient-Party,G,0,1,1
Others,Direct,0,0,No Deposit,0,Transient,C,0,2,0
ESP,Offline TA/TO,0,0,No Deposit,0,Contract,E,0,0,0
PRT,Online TA,0,2,No Deposit,0,Transient,E,0,0,1
ITA,Online TA,0,1,No Deposit,0,Transient,A,0,2,1
PRT,Groups,0,0,Refundable,0,Transient-Party,C,0,0,1
Others,Complementary,0,0,No Deposit,0,Transient,E,0,0,0
PRT,Direct,0,0,No Deposit,0,Transient,A,1,3,0
Others,Online TA,0,1,No Deposit,0,Transient,D,0,1,0
PRT,Corporate,1,2,No Deposit,0,Transient,A,0,0,0
PRT,Direct,0,5,No Deposit,0,Transient,C,0,0,0
FRA,Offline TA/TO,0,1,No Deposit,0,Transient,E,0,0,0
CN,Online TA,0,0,No Deposit,0,Transient,F,1,1,0
GBR,Online TA,0,0,No Deposit,0,Transient,D,1,0,0
POL,Online TA,0,3,No Deposit,0,Transient,A,0,1,0
ITA,Online TA,0,1,No Deposit,0,Transient,D,1,1,0
ITA,Online TA,0,0,No Deposit,0,Transient-Party,A,0,3,0
GBR,Offline TA/TO,0,2,No Deposit,0,Transient,D,0,0,0
SWE,Online TA,0,0,No Deposit,0,Transient,A,0,3,0
Others,Corporate,0,1,No Deposit,0,Transient-Party,A,0,0,0
ESP,Online TA,0,2,No Deposit,0,Transient-Party,A,1,2,0
PRT,Offline TA/TO,1,2,No Deposit,0,Transient-Party,A,0,0,1
FRA,Direct,0,2,No Deposit,0,Transient,A,1,1,0
CN,Online TA,0,0,No Deposit,0,Transient,G,0,0,0
POL,Direct,0,2,No Deposit,0,Transient,A,0,0,1
FRA,Online TA,0,0,No Deposit,0,Transient,G,0,0,1
Others,Offline TA/TO,0,1,No Deposit,0,Transient-Party,A,0,1,0
PRT,Direct,0,0,No Deposit,0,Transient,F,1,1,0
RUS,Online TA,0,3,No Deposit,0,Transient,D,0,3,0
BEL,Groups,0,2,No Deposit,0,Transient,A,0,0,0
Others,Online TA,0,0,No Deposit,0,Transient,D,0,1,1
BRA,Online TA,0,2,No Deposit,0,Transient,A,1,4,0
IRL,Online TA,0,0,No Deposit,0,Transient,A,0,3,1
PRT,Online TA,0,2,No Deposit,0,Transient,E,0,3,0
DNK,Online TA,0,1,No Deposit,0,Transient-Party,A,0,0,0
BEL,Corporate,0,0,No Deposit,0,Transient-Party,A,0,0,0
ITA,Offline TA/TO,0,0,No Deposit,40,Transient-Party,A,0,0,0
USA,Online TA,0,1,No Deposit,0,Transient-Party,A,0,0,0
IRL,Groups,0,2,No Deposit,0,Transient-Party,A,0,2,0
Others,Online TA,0,0,No Deposit,0,Transient-Party,A,1,0,0
Others,Online TA,0,0,No Deposit,0,Transient,D,0,0,1
Others,Online TA,0,0,No Deposit,0,Transient,D,0,1,0
DEU,Offline TA/TO,0,3,No Deposit,0,Transient-Party,A,0,1,0
PRT,Direct,0,5,No Deposit,0,Transient,D,1,0,0
Others,Groups,0,0,No Deposit,0,Transient,A,0,0,0
PRT,Offline TA/TO,0,0,Non Refund,60,Transient,A,0,0,1
CN,Online TA,0,2,No Deposit,0,Transient,F,0,1,0
ITA,Online TA,0,2,No Deposit,0,Transient,F,0,2,0
FIN,Online TA,0,0,No Deposit,0,Transient-Party,B,0,1,0
Others,Direct,0,2,No Deposit,0,Transient,D,0,0,0
ITA,Online TA,0,0,No Deposit,0,Transient-Party,B,0,1,0
GBR,Direct,0,1,No Deposit,0,Transient,E,0,2,0
AUT,Online TA,0,2,No Deposit,0,Transient,A,0,2,0
Others,Online TA,0,0,No Deposit,0,Transient,A,0,0,1
ITA,Online TA,0,0,No Deposit,0,Transient,E,1,3,0
GBR,Direct,0,2,No Deposit,0,Transient-Party,E,0,0,0
BEL,Online TA,0,0,No Deposit,0,Contract,A,0,0,0
FRA,Direct,0,0,No Deposit,0,Group,E,0,0,0
CN,Online TA,0,0,No Deposit,0,Transient,C,1,3,0
PRT,Offline TA/TO,0,1,No Deposit,0,Transient-Party,C,0,0,0
ESP,Online TA,0,1,No Deposit,0,Transient,H,1,0,0
BEL,Offline TA/TO,0,0,No Deposit,0,Transient,A,0,2,0
Others,Online TA,0,1,No Deposit,0,Transient,A,1,0,0
Others,Online TA,0,0,No Deposit,0,Transient,A,0,1,1
IRL,Online TA,0,0,No Deposit,0,Transient,D,1,1,0
IRL,Direct,0,0,No Deposit,0,Transient,G,0,1,0
BEL,Online TA,0,0,No Deposit,0,Transient,A,0,3,1
BEL,Aviation,0,1,No Deposit,0,Transient,A,0,0,0
GBR,Online TA,0,2,No Deposit,0,Transient,D,0,3,0
USA,Direct,0,0,No Deposit,0,Group,D,0,0,0
DNK,Online TA,0,0,No Deposit,0,Transient-Party,D,0,1,0
RUS,Groups,0,1,No Deposit,0,Transient-Party,A,0,1,0
FRA,Offline TA/TO,0,1,No Deposit,27,Transient-Party,A,0,0,0
Others,Online TA,0,1,No Deposit,0,Transient,A,0,0,0
CHN,Direct,0,0,No Deposit,0,Transient,A,0,0,0
FIN,Corporate,0,0,No Deposit,0,Transient-Party,D,0,0,0
Others,Online TA,0,1,No Deposit,0,Transient,D,0,1,0
FRA,Offline TA/TO,0,0,No Deposit,0,Transient,D,1,0,0
Others,Online TA,0,0,No Deposit,0,Transient-Party,D,0,2,0
Others,Online TA,0,0,No Deposit,0,Transient,D,0,0,1
NLD,Offline TA/TO,0,1,No Deposit,0,Transient,D,0,0,0
CN,Online TA,0,0,No Deposit,0,Transient,E,1,2,0
Others,Online TA,0,0,No Deposit,0,Transient-Party,A,0,0,0
ITA,Online TA,0,2,No Deposit,0,Transient,A,0,1,1
Others,Groups,0,0,No Deposit,0,Transient-Party,A,0,2,0
PRT,Direct,0,0,No Deposit,0,Contract,A,0,1,1
Others,Direct,0,0,No Deposit,0,Transient,E,1,1,0
IRL,Direct,0,1,No Deposit,0,Transient-Party,B,0,0,0
FRA,Online TA,0,1,No Deposit,0,Transient,E,0,0,0
USA,Offline TA/TO,0,0,No Deposit,0,Transient,E,1,2,0
BRA,Online TA,0,0,No Deposit,0,Transient,B,0,1,1
PRT,Online TA,0,0,No Deposit,0,Transient,G,1,2,0
DEU,Online TA,1,0,No Deposit,0,Transient,D,0,0,1
PRT,Offline TA/TO,0,1,No Deposit,0,Transient-Party,D,0,1,0
PRT,Groups,0,0,No Deposit,0,Transient,D,0,0,0
ITA,Direct,0,3,No Deposit,0,Transient,F,0,0,0
FIN,Online TA,0,1,No Deposit,0,Transient,B,0,0,0
GBR,Online TA,0,0,No Deposit,0,Transient-Party,A,0,4,0
NOR,Direct,0,0,No Deposit,0,Transient,G,0,0,0
ESP,Groups,0,3,No Deposit,0,Transient-Party,A,0,1,0
ESP,Aviation,0,0,No Deposit,0,Transient,A,0,0,0
CHE,Online TA,0,0,No Deposit,0,Transient,B,0,3,0
ITA,Direct,0,0,No Deposit,0,Transient,E,0,2,0
ITA,Online TA,0,1,No Deposit,0,Transient,D,0,1,1
NLD,Online TA,0,0,No Deposit,0,Transient,B,0,1,0
Others,Direct,0,0,No Deposit,0,Transient,C,1,1,0
Others,Online TA,0,0,No Deposit,0,Transient-Party,A,0,2,0
ROU,Online TA,0,1,No Deposit,0,Transient,E,0,0,0
PRT,Direct,0,1,No Deposit,0,Transient-Party,B,0,0,0
POL,Groups,0,3,No Deposit,0,Transient-Party,A,0,0,0
GBR,Online TA,0,1,No Deposit,0,Transient,D,1,0,0
GBR,Groups,0,1,No Deposit,0,Group,A,0,0,0
Others,Direct,0,1,No Deposit,0,Transient-Party,A,0,1,0
FRA,Online TA,0,0,No Deposit,0,Transient,A,1,3,0
PRT,Direct,0,0,No Deposit,0,Transient-Party,C,0,2,0
PRT,Direct,0,4,No Deposit,0,Transient,G,1,1,0
Others,Groups,0,0,No Deposit,0,Transient,A,0,0,0
Others,Online TA,0,0,No Deposit,0,Transient,E,0,1,0
AUT,Offline TA/TO,0,1,No Deposit,0,Transient,E,0,1,0
Others,Online TA,0,2,No Deposit,0,Transient,A,1,0,0
FRA,Direct,0,0,No Deposit,0,Transient,C,0,1,0
GBR,Offline TA/TO,0,0,No Deposit,0,Contract,E,0,2,0
SWE,Online TA,0,0,No Deposit,0,Transient-Party,A,0,1,0
ESP,Direct,0,1,No Deposit,0,Transient,C,1,2,0
PRT,Direct,1,0,No Deposit,0,Transient,E,0,0,1
NLD,Online TA,0,0,No Deposit,0,Transient,D,1,0,0
ITA,Online TA,0,0,No Deposit,0,Transient,B,0,0,1
PRT,Direct,0,1,No Deposit,0,Transient-Party,A,0,2,1
Others,Aviation,0,0,No Deposit,0,Transient,A,0,0,0
ESP,Online TA,0,0,No Deposit,0,Contract,D,0,1,0
ITA,Online TA,0,1,No Deposit,0,Transient,B,0,1,0
DEU,Direct,0,0,No Deposit,0,Transient,A,0,0,1
PRT,Online TA,0,1,No Deposit,0,Contract,D,1,0,0
PRT,Online TA,0,1,No Deposit,0,Transient-Party,D,0,2,1
CN,Online TA,0,2,No Deposit,0,Transient,D,0,0,1
PRT,Offline TA/TO,0,0,No Deposit,0,Contract,C,0,0,1
PRT,Direct,0,1,No Deposit,0,Transient-Party,B,1,1,0
Others,Online TA,0,0,No Deposit,0,Transient,D,0,1,0
CHE,Direct,0,1,No Deposit,0,Transient,C,1,1,0
USA,Online TA,0,2,No Deposit,0,Transient,D,0,0,0
DEU,Online TA,0,0,No Deposit,0,Transient,B,1,0,0
ITA,Online TA,1,0,No Deposit,0,Transient,A,0,2,1
CHE,Online TA,0,0,No Deposit,0,Transient-Party,A,0,3,0
PRT,Online TA,0,0,No Deposit,0,Group,A,0,1,0
PRT,Offline TA/TO,0,3,No Deposit,0,Transient,E,0,0,0
FRA,Offline TA/TO,0,2,No Deposit,0,Transient,F,0,1,0
PRT,Groups,0,2,No Deposit,0,Transient,A,0,1,0
PRT,Online TA,0,0,No Deposit,0,Transient,C,1,2,0
FRA,Direct,0,1,No Deposit,0,Transient,B,0,1,1
CN,Offline TA/TO,0,1,No Deposit,0,Transient-Party,E,0,0,0
DNK,Online TA,0,0,No Deposit,0,Transient,D,0,3,0
ESP,Online TA,0,2,No Deposit,0,Transient,A,0,2,1
Others,Direct,0,3,No Deposit,0,Transient,D,0,1,0
GBR,Online TA,0,0,No Deposit,0,Transient-Party,A,1,0,0
ESP,Corporate,0,3,No Deposit,0,Transient,A,0,1,0
DEU,Offline TA/TO,0,5,No Deposit,0,Transient,D,0,0,0
Others,Direct,0,0,No Deposit,0,Transient,E,0,0,1
DEU,Direct,0,1,No Deposit,0,Transient,D,0,2,0
Others,Direct,0,0,No Deposit,0,Transient,E,0,1,0
ESP,Direct,0,1,No Deposit,0,Transient,G,1,0,0
BRA,Direct,0,0,No Deposit,0,Group,A,0,4,0
AUT,Online TA,0,0,No Deposit,0,Transient,E,0,3,0
DEU,Online TA,0,0,No Deposit,0,Transient,A,1,3,0
IRL,Online TA,0,0,No Deposit,0,Transient-Party,C,0,2,0
BEL,Direct,0,0,No Deposit,0,Transient,A,0,0,1
PRT,Corporate,5,0,No Deposit,0,Transient,A,0,0,0
PRT,Complementary,0,2,No Deposit,0,Transient,G,0,2,0
ESP,Online TA,0,1,No Deposit,0,Transient,D,0,2,1
DEU,Online TA,0,0,No Deposit,0,Transient,D,0,4,1
PRT,Groups,1,1,Non Refund,0,Transient-Party,A,0,0,1
GBR,Offline TA/TO,0,0,No Deposit,0,Group,A,0,1,0
FIN,Online TA,0,0,No Deposit,0,Transient,F,0,0,0
Others,Online TA,0,0,No Deposit,0,Transient,D,0,2,0
RUS,Direct,0,0,No Deposit,0,Transient,F,0,0,0
FRA,Direct,0,0,No Deposit,0,Transient,D,0,2,1
PRT,Groups,0,0,Non Refund,59,Transient,A,0,0,1
Others,Offline TA/TO,0,1,No Deposit,0,Transient,D,0,1,0
NLD,Online TA,0,0,No Deposit,0,Transient,E,1,2,0
PRT,Direct,0,3,No Deposit,0,Transient,A,0,0,1
FIN,Groups,0,1,No Deposit,0,Transient,A,0,0,0
Others,Groups,0,0,No Deposit,0,Transient-Party,E,0,0,0
BEL,Online TA,0,2,No Deposit,0,Transient,H,1,0,0
BEL,Online TA,0,3,No Deposit,0,Transient,D,0,1,1
FRA,Groups,0,2,No Deposit,0,Transient,B,0,1,0
PRT,Aviation,0,0,No Deposit,0,Transient,D,0,2,0
BEL,Direct,0,0,No Deposit,0,Transient-Party,B,0,0,0
CN,Direct,0,0,No Deposit,0,Transient,A,0,1,0
Others,Offline TA/TO,0,0,No Deposit,0,Transient,A,0,1,0
IRL,Online TA,0,0,No Deposit,0,Contract,A,0,2,0
PRT,Online TA,0,2,No Deposit,0,Transient,F,1,0,0
DEU,Direct,0,0,No Deposit,0,Transient,D,0,1,1
Others,Online TA,0,0,No Deposit,0,Transient,A,0,2,1
RUS,Online TA,0,0,No Deposit,0,Transient-Party,A,0,0,1
Others,Online TA,0,0,No Deposit,0,Contract,A,0,2,0
AUT,Online TA,0,1,No Deposit,0,Transient,A,0,0,1
POL,Online TA,0,0,No Deposit,0,Transient,E,0,2,0
FRA,Offline TA/TO,0,2,No Deposit,0,Transient-Party,A,0,1,0
ESP,Online TA,0,0,No Deposit,0,Transient,F,0,3,0
Others,Online TA,0,1,No Deposit,0,Transient,F,0,0,0
PRT,Direct,0,1,No Deposit,0,Transient,E,1,4,0
ITA,Groups,0,0,No Deposit,0,Transient,A,0,0,0
ITA,Online TA,0,0,No Deposit,0,Transient-Party,F,0,2,0
ITA,Online TA,0,2,No Deposit,0,Transient,A,0,2,0
Others,Groups,0,0,No Deposit,0,Transient-Party,A,0,0,0
GBR,Direct,0,3,No Deposit,0,Transient,F,0,1,0
BEL,Direct,0,0,No Deposit,0,Transient,D,1,1,0
DEU,Corporate,0,0,Refundable,0,Transient-Party,A,0,0,0
PRT,Direct,0,0,No Deposit,0,Group,A,0,2,0
FRA,Complementary,0,1,No Deposit,0,Transient,F,1,0,0
Others,Online TA,0,2,No Deposit,0,Transient-Party,A,0,2,0
PRT,Online TA,0,3,No Deposit,0,Transient,A,0,0,0
PRT,Corporate,1,0,No Deposit,0,Transient,E,0,0,1
BRA,Online TA,0,1,No Deposit,0,Transient,A,1,1,0
NLD,Online TA,0,4,No Deposit,0,Transient,A,0,1,0
PRT,Offline TA/TO,0,0,No Deposit,0,Contract,A,0,1,0
PRT,Corporate,0,0,Non Refund,16,Transient,A,0,0,1
BEL,Groups,0,4,No Deposit,0,Transient-Party,A,0,0,0
Others,Online TA,0,0,No Deposit,0,Transient,A,0,1,0
PRT,Online TA,0,1,No Deposit,0,Transient,G,0,0,1
PRT,Direct,0,3,No Deposit,0,Transient,A,0,1,1
Others,Corporate,0,0,No Deposit,0,Transient-Party,A,0,0,0
Others,Direct,0,0,No Deposit,0,Transient,A,1,0,0
PRT,Online TA,1,0,No Deposit,0,Contract,F,0,0,1
GBR,Offline TA/TO,0,1,No Deposit,0,Transient,D,0,2,0
GBR,Direct,0,2,No Deposit,0,Transient,F,0,0,0
FIN,Offline TA/TO,0,0,No Deposit,0,Contract,E,0,0,0
ESP,Online TA,0,3,No Deposit,0,Transient,D,0,1,0
ROU,Online TA,0,3,No Deposit,0,Transient,A,0,2,0
ESP,Online TA,0,1,No Deposit,0,Transient,F,0,0,0
ITA,Online TA,0,1,No Deposit,0,Transient,D,0,0,0
PRT,Offline TA/TO,0,0,Non Refund,27,Transient,A,0,0,1
Others,Online TA,0,0,No Deposit,0,Transient,A,0,1,0
ESP,Online TA,0,0,No Deposit,0,Transient-Party,A,3,2,0
CHN,Online TA,0,0,No Deposit,0,Transient-Party,D,0,0,0
PRT,Online TA,0,0,No Deposit,0,Transient,B,0,2,1
ESP,Online TA,0,2,No Deposit,0,Transient,D,0,1,1
PRT,Online TA,0,7,No Deposit,0,Transient,A,0,0,0
ESP,Online TA,0,0,No Deposit,0,Transient-Party,A,0,4,0
PRT,Direct,1,1,No Deposit,0,Transient,E,0,0,0
ITA,Aviation,0,0,No Deposit,0,Transient-Party,D,0,0,0
PRT,Offline TA/TO,0,2,No Deposit,0,Transient,A,1,0,0
ESP,Online TA,0,3,No Deposit,0,Transient-Party,A,0,1,1
CHE,Online TA,0,1,No Deposit,0,Transient,D,0,2,0
Others,Online TA,0,0,No Deposit,0,Transient,A,0,1,0
USA,Direct,0,1,No Deposit,0,Transient,D,1,0,0
Others,Online TA,0,0,No Deposit,0,Transient,A,0,0,1
PRT,Groups,1,1,No Deposit,0,Transient-Party,A,0,0,1
BRA,Online TA,0,1,No Deposit,0,Transient,A,0,0,0
BRA,Direct,0,2,No Deposit,0,Transient,D,0,0,0
USA,Online TA,0,3,No Deposit,0,Transient,A,0,0,1
PRT,Corporate,0,0,No Deposit,0,Transient-Party,D,1,0,0
PRT,Direct,0,3,No Deposit,0,Transient,A,0,1,0
Others,Direct,0,1,No Deposit,0,Transient,A,0,0,0
CN,Groups,0,0,No Deposit,0,Transient-Party,E,0,1,0
PRT,Complementary,0,1,No Deposit,0,Transient,A,0,2,0
NOR,Online TA,0,0,No Deposit,0,Transient,A,0,1,1
DNK,Online TA,0,0,No Deposit,0,Transient,D,0,2,0
CN,Online TA,0,1,No Deposit,0,Transient,G,0,1,0
Others,Online TA,0,0,No Deposit,0,Transient,A,0,3,0
GBR,Direct,0,0,No Deposit,0,Transient,F,1,2,0
PRT,Direct,0,0,No Deposit,0,Transient-Party,A,0,1,1
PRT,Direct,0,0,No Deposit,0,Transient-Party,E,0,0,0
POL,Online TA,0,0,No Deposit,0,Group,A,1,1,0
GBR,Offline TA/TO,0,3,No Deposit,0,Transient,E,0,0,0
SWE,Direct,0,1,No Deposit,0,Transient,F,0,0,0
CHE,Online TA,0,1,No Deposit,0,Transient,H,1,1,0
PRT,Direct,0,3,No Deposit,0,Transient,C,0,0,0
PRT,Online TA,0,0,No Deposit,0,Transient-Party,A,1,1,0
NLD,Direct,0,0,No Deposit,0,Transient-Party,D,0,1,0
GBR,Online TA,0,1,No Deposit,0,Contract,F,0,0,0
NOR,Direct,0,0,No Deposit,0,Transient,D,0,0,0
BRA,Offline TA/TO,0,0,No Deposit,0,Transient,D,0,0,0
PRT,Complementary,0,0,No Deposit,0,Transient,A,0,2,0
Others,Online TA,0,0,No Deposit,0,Transient,A,0,2,0
POL,Offline TA/TO,0,0,No Deposit,0,Transient,E,0,1,0
Others,Direct,0,0,No Deposit,0,Transient,A,1,1,0
FIN,Online TA,0,0,No Deposit,0,Transient-Party,A,0,1,0
FRA,Online TA,0,5,No Deposit,0,Transient,A,0,1,0
Others,Online TA,0,0,No Deposit,0,Transient,A,0,1,0
PRT,Groups,0,3,No Deposit,0,Transient-Party,A,0,0,0
CHE,Corporate,0,2,No Deposit,0,Transient-Party,E,0,0,0
BRA,Offline TA/TO,0,1,No Deposit,0,Transient-Party,A,0,2,0
PRT,Corporate,1,0,No Deposit,0,Transient-Party,A,0,1,0
CHN,Online TA,0,0,No Deposit,0,Transient,D,0,2,1
PRT,Direct,0,4,No Deposit,0,Transient,A,0,1,1
BEL,Online TA,0,0,No Deposit,0,Transient,E,1,1,0
FRA,Groups,0,0,No Deposit,0,Transient-Party,E,0,0,0
Others,Direct,0,0,No Deposit,0,Transient,A,0,0,0
Others,Online TA,0,0,No Deposit,0,Transient,D,0,2,0
Others,Online TA,0,0,No Deposit,0,Transient,B,0,2,1
Others,Online TA,0,0,No Deposit,0,Transient,A,0,1,0
FRA,Direct,0,0,No Deposit,0,Transient,D,1,3,0
FRA,Online TA,0,0,No Deposit,0,Transient,D,1,2,0
DEU,Groups,0,1,No Deposit,0,Transient-Party,A,0,1,0
CN,Online TA,0,0,No Deposit,0,Transient,C,1,1,0
CHE,Online TA,0,2,No Deposit,0,Transient-Party,G,1,2,0
ESP,Online TA,0,0,No Deposit,0,Transient,H,0,1,1
ESP,Groups,1,0,No Deposit,0,Transient-Party,A,0,0,1
BEL,Online TA,0,1,No Deposit,0,Transient,F,0,1,0
ESP,Offline TA/TO,0,0,No Deposit,0,Transient,E,0,1,0
ITA,Online TA,0,0,No Deposit,0,Transient,D,0,3,1
DEU,Online TA,0,0,No Deposit,0,Transient,G,0,1,1
POL,Complementary,0,0,No Deposit,0,Transient,A,0,1,0
ISR,Online TA,0,0,No Deposit,0,Transient,B,0,3,1
Others,Online TA,0,0,No Deposit,0,Transient,A,1,1,0
IRL,Online TA,0,1,No Deposit,0,Transient,A,0,4,0
DEU,Direct,0,0,No Deposit,0,Transient,E,1,0,0
FRA,Corporate,0,0,No Deposit,0,Transient-Party,A,0,1,0
CHN,Groups,0,0,No Deposit,0,Transient,E,0,0,0
PRT,Offline TA/TO,0,1,No Deposit,0,Transient,A,1,1,0
Others,Online TA,0,1,No Deposit,0,Transient,A,0,1,1
PRT,Online TA,0,5,No Deposit,0,Transient-Party,D,1,0,0
USA,Online TA,0,2,No Deposit,0,Transient,E,0,0,0
USA,Online TA,0,4,No Deposit,0,Transient,D,0,0,1
CHE,Online TA,0,0,No Deposit,0,Transient,E,1,1,0
IRL,Online TA,0,1,No Deposit,0,Transient,A,1,2,0
ESP,Online TA,0,2,No Deposit,0,Transient-Party,G,0,1,0
GBR,Corporate,0,1,No Deposit,0,Transient,A,0,0,0
GBR,Direct,0,2,No Deposit,0,Transient-Party,F,1,1,0
PRT,Direct,0,0,No Deposit,0,Transient,D,0,3,0
FRA,Online TA,0,2,No Deposit,0,Transient,D,1,2,0
FRA,Direct,0,0,No Deposit,0,Transient,F,0,2,0
POL,Online TA,0,0,No Deposit,0,Transient-Party,B,0,1,0
RUS,Online TA,0,0,No Deposit,0,Transient-Party,A,0,1,0
IRL,Offline TA/TO,0,0,No Deposit,0,Contract,D,0,1,0
Others,Groups,0,1,No Deposit,0,Transient-Party,A,0,0,0
Others,Online TA,0,0,No Deposit,0,Transient,A,0,2,0
PRT,Corporate,0,0,No Deposit,0,Transient,D,0,2,0
SWE,Direct,0,0,No Deposit,0,Transient,A,0,1,0
Others,Online TA,0,0,No Deposit,0,Transient,A,0,1,1
IRL,Offline TA/TO,0,1,No Deposit,0,Transient-Party,E,0,1,0
GBR,Online TA,0,2,No Deposit,0,Transient,F,0,2,0
Others,Online TA,0,0,No Deposit,0,Transient,D,1,1,0
PRT,Offline TA/TO,0,0,No Deposit,0,Transient-Party,H,0,1,0
PRT,Corporate,4,0,No Deposit,0,Transient,A,1,0,0
BEL,Online TA,0,0,No Deposit,0,Transient-Party,B,0,3,1
PRT,Offline TA/TO,0,0,No Deposit,0,Transient,F,0,1,1
Others,Online TA,0,0,No Deposit,0,Transient,H,0,0,0
ESP,Direct,0,0,No Deposit,0,Transient,G,1,1,0
Others,Online TA,0,1,No Deposit,0,Transient,A,0,0,0
Others,Offline TA/TO,0,1,No Deposit,0,Transient,A,0,0,0
FIN,Direct,0,1,No Deposit,0,Transient,A,0,0,0
FRA,Direct,0,2,No Deposit,0,Transient,E,0,1,0
ISR,Online TA,0,1,No Deposit,0,Transient,A,0,1,0
FRA,Direct,0,1,No Deposit,0,Transient,B,0,0,0
POL,Online TA,0,0,No Deposit,0,Transient-Party,A,0,3,0
BEL,Aviation,0,0,No Deposit,0,Transient,D,0,0,0
Others,Online TA,0,0,No Deposit,0,Transient,A,0,2,0
ITA,Online TA,0,2,No Deposit,0,Transient,D,0,0,0
PRT,Online TA,0,0,No Deposit,0,Transient,H,0,1,0
PRT,Online TA,0,2,No Deposit,0,Contract,A,0,2,0
Others,Online TA,0,2,No Deposit,0,Transient,A,0,0,0
IRL,Online TA,0,0,No Deposit,0,Transient-Party,A,1,0,0
USA,Corporate,0,1,No Deposit,0,Transient,A,0,0,0
PRT,Aviation,0,0,No Deposit,0,Group,A,0,0,0
FIN,Direct,0,0,No Deposit,0,Transient,A,0,0,0
ISR,Online TA,0,0,No Deposit,0,Transient,A,0,5,0
Others,Online TA,0,0,No Deposit,0,Transient,A,1,1,0
PRT,Offline TA/TO,0,1,No Deposit,0,Transient,E,0,0,0
USA,Direct,0,3,No Deposit,0,Transient,A,0,0,0
Others,Direct,0,0,No Deposit,0,Transient,D,0,0,0
RUS,Online TA,0,0,No Deposit,0,Transient,C,0,2,0
PRT,Online TA,0,0,No Deposit,0,Group,D,0,3,0
GBR,Online TA,0,2,No Deposit,0,Transient,A,1,0,0
FRA,Online TA,0,1,No Deposit,0,Transient,E,0,3,0
BRA,Direct,0,0,No Deposit,0,Transient,A,0,2,0
FRA,Direct,0,0,No Deposit,0,Transient,F,0,3,0
ITA,Corporate,0,2,No Deposit,0,Transient-Party,A,0,0,0
PRT,Corporate,0,0,No Deposit,0,Transient,G,0,3,0
PRT,Corporate,0,0,No Deposit,0,Transient,E,1,1,0
Others,Online TA,0,0,No Deposit,0,Transient,D,0,0,0
Others,Online TA,0,0,No Deposit,0,Transient,B,0,2,1
ESP,Offline TA/TO,0,1,No Deposit,0,Transient,A,0,2,0
DEU,Online TA,1,0,No Deposit,0,Transient-Party,A,0,0,1
Others,Corporate,0,3,No Deposit,0,Transient,A,0,2,0
FRA,Online TA,0,0,No Deposit,0,Contract,D,0,1,0
USA,Direct,0,0,No Deposit,0,Transient,D,1,0,0
BEL,Online TA,0,0,No Deposit,0,Transient-Party,D,0,2,0
ESP,Direct,0,0,No Deposit,0,Transient,F,1,1,0
NLD,Online TA,0,0,No Deposit,0,Transient,E,0,0,1
PRT,Direct,0,3,No Deposit,0,Transient,C,1,2,0
FIN,Corporate,0,0,No Deposit,0,Transient-Party,A,0,0,0
DEU,Direct,0,1,No Deposit,0,Transient,B,0,1,0
FIN,Online TA,0,2,No Deposit,0,Transient,B,0,0,0
AUT,Online TA,0,1,No Deposit,0,Contract,A,1,1,0
SWE,Online TA,0,0,No Deposit,0,Transient,E,1,0,0
ESP,Online TA,0,3,No Deposit,0,Transient,D,1,5,0
RUS,Online TA,0,0,No Deposit,0,Transient,A,1,2,0
SWE,Online TA,0,2,No Deposit,0,Transient,B,0,1,1
DNK,Groups,0,0,No Deposit,0,Transient,A,0,0,0
CN,Online TA,0,0,No Deposit,0,Transient,D,1,0,0
ESP,Offline TA/TO,0,0,No Deposit,0,Group,A,0,1,0
PRT,Direct,0,0,No Deposit,0,Transient,H,1,1,0
PRT,Complementary,2,0,No Deposit,0,Transient,D,0,0,0
GBR,Offline TA/TO,0,0,No Deposit,0,Transient-Party,E,0,2,0
PRT,Direct,0,4,No Deposit,0,Transient,A,1,3,0
RUS,Offline TA/TO,0,0,No Deposit,0,Transient,D,0,0,0
Others,Direct,0,1,No Deposit,0,Transient,A,0,0,0
FRA,Direct,0,2,No Deposit,0,Transient,A,1,0,0
Others,Online TA,0,0,No Deposit,0,Transient,A,1,0,0
PRT,Direct,0,3,No Deposit,0,Transient,E,0,1,1
PRT,Corporate,0,0,No Deposit,0,Contract,A,0,2,1
ITA,Online TA,0,0,No Deposit,0,Transient,G,0,0,0
ITA,Online TA,0,1,No Deposit,0,Transient,F,0,2,0
ESP,Aviation,2,0,No Deposit,0,Transient,D,0,0,1
IRL,Online TA,0,1,No Deposit,0,Transient,D,0,1,0
ITA,Online TA,0,1,No Deposit,0,Transient,B,0,0,1
CHN,Online TA,0,1,No Deposit,0,Transient,A,0,2,0
PRT,Groups,0,3,No Deposit,59,Transient-Party,A,0,3,0
FRA,Offline TA/TO,0,0,No Deposit,1,Transient,A,0,0,0
CN,Direct,0,1,No Deposit,0,Transient,D,1,3,0
CHE,Offline TA/TO,0,0,No Deposit,0,Transient,A,0,2,0
Others,Direct,0,0,No Deposit,0,Transient,G,0,0,0
DEU,Corporate,0,6,No Deposit,0,Transient-Party,A,0,1,0
Others,Online TA,0,0,No Deposit,0,Transient,A,0,1,1
FRA,Online TA,0,0,No Deposit,0,Transient,E,1,2,0
FIN,Corporate,0,1,No Deposit,0,Transient-Party,E,0,0,0
PRT,Groups,0,6,No Deposit,0,Transient-Party,E,0,2,0
AUT,Online TA,0,3,No Deposit,0,Transient,H,1,0,0
DEU,Offline TA/TO,0,1,No Deposit,0,Transient,A,1,0,0
Others,Online TA,0,0,No Deposit,0,Transient-Party,A,0,0,0
SWE,Offline TA/TO,0,1,No Deposit,0,Transient,A,0,2,0
Others,Online TA,0,0,No Deposit,0,Transient,C,0,1,1
USA,Online TA,0,1,No Deposit,0,Transient,A,1,1,0
USA,Direct,0,3,No Deposit,0,Transient,G,1,0,0
SWE,Online TA,0,2,No Deposit,0,Transient,E,0,1,0
AUT,Online TA,0,1,No Deposit,0,Transient,G,1,0,0
GBR,Online TA,0,0,No Deposit,0,Transient,G,1,0,0
CHE,Groups,0,2,No Deposit,0,Transient-Party,A,0,0,0
ESP,Online TA,0,0,No Deposit,0,Transient,B,0,1,1
DEU,Direct,0,0,No Deposit,0,Transient,A,1,1,0
IRL,Online TA,0,0,Refundable,0,Transient,A,0,0,1
ESP,Direct,0,2,No Deposit,0,Transient,F,1,1,0
Others,Online TA,0,0,No Deposit,0,Transient,F,0,0,0
Others,Online TA,0,0,No Deposit,0,Transient,A,0,1,1
BEL,Groups,0,1,Refundable,0,Transient-Party,A,0,0,0
PRT,Direct,2,1,No Deposit,0,Transient,A,0,2,1
Others,Direct,0,0,No Deposit,0,Transient,A,0,0,0
GBR,Groups,0,3,No Deposit,0,Transient-Party,C,0,0,0
GBR,Direct,0,4,No Deposit,0,Transient,A,0,2,0
PRT,Online TA,0,1,No Deposit,0,Transient-Party,B,0,0,0
Others,Online TA,0,0,No Deposit,0,Transient-Party,A,0,1,0
PRT,Online TA,0,3,No Deposit,0,Transient-Party,A,0,0,0
NOR,Offline TA/TO,0,0,No Deposit,0,Transient,E,0,0,0
CN,Offline TA/TO,0,0,No Deposit,0,Transient,E,0,0,0
FRA,Online TA,0,1,No Deposit,0,Transient,D,1,2,0
FRA,Corporate,0,1,No Deposit,0,Transient,E,0,0,1
Others,Online TA,0,0,No Deposit,0,Transient,A,0,3,0
BRA,Online TA,0,0,No Deposit,0,Transient,D,1,2,0
DEU,Online TA,0,2,No Deposit,0,Transient,A,0,1,0
BEL,Online TA,0,0,No Deposit,0,Contract,D,0,2,0
DEU,Direct,0,0,No Deposit,0,Transient,G,0,0,0
PRT,Direct,0,3,No Deposit,0,Transient,G,1,2,0
ROU,Direct,0,0,No Deposit,0,Transient,C,0,0,0
FRA,Online TA,0,0,No Deposit,0,Transient,C,0,0,0
PRT,Direct,1,1,No Deposit,0,Transient,A,0,0,0
BRA,Offline TA/TO,0,1,No Deposit,0,Transient-Party,D,0,1,0
DNK,Online TA,0,0,No Deposit,0,Transient,A,1,1,0
GBR,Offline TA/TO,0,2,No Deposit,0,Transient,E,0,2,0
ISR,Online TA,0,0,No Deposit,0,Transient,A,0,0,0
Others,Online TA,0,0,No Deposit,0,Transient,A,0,1,1
PRT,Complementary,0,0,No Deposit,0,Transient,G,0,2,0
ITA,Offline TA/TO,0,0,No Deposit,0,Transient,E,0,1,0
USA,Direct,0,1,No Deposit,0,Transient,F,1,0,0
PRT,Online TA,1,0,No Deposit,0,Transient,G,0,3,1
GBR,Online TA,0,2,No Deposit,0,Transient,G,1,1,0
GBR,Online TA,0,2,No Deposit,0,Transient,A,0,2,1
PRT,Online TA,0,1,No Deposit,0,Transient,G,1,2,0
CHE,Online TA,0,2,No Deposit,0,Transient,A,0,3,0
FRA,Online TA,0,0,No Deposit,0,Transient,C,0,1,1
BRA,Online TA,0,0,No Deposit,0,Transient,E,1,2,0
PRT,Online TA,0,2,No Deposit,0,Transient,E,1,3,0
ISR,Online TA,0,0,No Deposit,0,Transient-Party,A,0,1,0
PRT,Online TA,0,0,No Deposit,0,Transient-Party,B,0,0,0
SWE,Groups,0,0,No Deposit,0,Transient-Party,D,1,0,0
BRA,Corporate,0,1,No Deposit,15,Transient-Party,D,0,1,0
PRT,Complementary,0,1,No Deposit,0,Transient,A,0,1,1
Others,Online TA,0,0,No Deposit,0,Transient,A,0,0,1
PRT,Offline TA/TO,0,2,No Deposit,0,Transient-Party,D,0,0,0
NLD,Groups,0,0,No Deposit,0,Transient-Party,D,1,0,0
BEL,Online TA,0,0,No Deposit,0,Transient-Party,B,0,1,0
Others,Direct,0,0,No Deposit,0,Transient,F,0,2,0
Others,Online TA,0,0,No Deposit,0,Transient,E,0,2,0
IRL,Online TA,0,1,No Deposit,0,Transient,G,0,0,0
PRT,Direct,0,2,No Deposit,0,Transient,C,0,0,1
DNK,Direct,0,1,No Deposit,0,Transient,E,0,3,0
DEU,Corporate,0,1,No Deposit,0,Transient-Party,D,0,0,0
PRT,Direct,0,3,No Deposit,0,Transient,F,0,2,0
PRT,Corporate,0,0,Non Refund,0,Transient,D,0,0,1
Others,Online TA,0,0,No Deposit,0,Transient,A,1,1,0
PRT,Aviation,0,1,No Deposit,0,Transient,A,0,0,1
Others,Offline TA/TO,0,0,No Deposit,0,Transient,A,0,0,0
Others,Online TA,0,2,No Deposit,0,Transient,H,0,0,0
PRT,Online TA,1,0,No Deposit,0,Transient-Party,A,0,0,1
IRL,Direct,0,0,No Deposit,0,Transient-Party,D,0,0,1
PRT,Online TA,0,0,No Deposit,0,Transient-Party,B,0,0,1
RUS,Online TA,0,1,No Deposit,0,Transient,A,1,1,0
ESP,Direct,0,0,No Deposit,0,Transient,A,0,1,1
Others,Online TA,0,0,No Deposit,0,Transient,A,0,1,0
Others,Online TA,0,0,No Deposit,0,Transient-Party,A,1,1,0
Others,Online TA,0,0,No Deposit,0,Transient,D,0,1,1
SWE,Groups,0,1,No Deposit,0,Transient-Party,G,1,0,0
Others,Groups,0,1,No Deposit,0,Transient,A,0,0,0
FRA,Direct,0,1,No Deposit,0,Transient,H,0,0,0
Others,Direct,0,0,No Deposit,0,Transient,F,0,0,1
PRT,Online TA,0,1,No Deposit,0,Transient,E,1,0,0
GBR,Online TA,0,3,No Deposit,0,Transient-Party,G,0,0,0
PRT,Direct,1,1,No Deposit,0,Transient,E,1,1,0
PRT,Online TA,0,1,No Deposit,0,Contract,A,0,2,0
DEU,Online TA,0,1,No Deposit,0,Transient,F,0,1,0
Others,Online TA,0,0,No Deposit,0,Transient,A,0,1,1
ESP,Online TA,0,0,No Deposit,0,Transient,H,0,1,0
USA,Online TA,0,1,No Deposit,0,Transient,G,0,0,1
GBR,Corporate,0,1,No Deposit,0,Transient-Party,E,1,0,0
GBR,Direct,0,0,No Deposit,0,Group,A,0,0,0
Others,Online TA,0,0,No Deposit,0,Transient,A,0,1,0
ESP,Corporate,0,1,No Deposit,0,Transient,A,0,1,0
DEU,Corporate,0,14,No Deposit,0,Transient-Party,A,0,1,0
BEL,Direct,0,0,No Deposit,0,Transient,E,0,2,0
Others,Direct,0,0,No Deposit,0,Transient,A,0,0,0
POL,Online TA,0,0,No Deposit,0,Contract,F,0,2,0
DEU,Online TA,0,2,No Deposit,0,Transient,G,0,1,0
AUT,Online TA,0,1,No Deposit,0,Transient,A,0,1,0
GBR,Groups,0,0,No Deposit,0,Transient-Party,D,0,0,1
FRA,Online TA,0,2,No Deposit,0,Transient,F,0,1,0
GBR,Direct,0,1,No Deposit,0,Transient,G,0,0,0
ESP,Corporate,0,0,No Deposit,0,Transient,D,0,0,0
ITA,Online TA,0,1,No Deposit,0,Transient,E,1,1,0
AUT,Offline TA/TO,0,1,No Deposit,0,Transient,A,0,1,0
NLD,Online TA,0,0,No Deposit,0,Transient,E,0,4,0
RUS,Online TA,0,2,No Deposit,0,Transient,G,0,1,0
ITA,Direct,0,1,No Deposit,0,Transient,A,0,2,0
DNK,Direct,0,0,No Deposit,0,Transient-Party,A,0,2,0
DNK,Offline TA/TO,0,2,No Deposit,0,Transient,D,0,0,0
Others,Aviation,0,0,No Deposit,0,Transient-Party,A,0,0,0
PRT,Offline TA/TO,0,0,No Deposit,0,Contract,E,1,2,0
Others,Online TA,0,0,No Deposit,0,Transient,D,0,1,1
Others,Online TA,0,0,No Deposit,0,Transient,A,0,1,1
ITA,Direct,0,1,No Deposit,0,Transient-Party,A,0,0,0
CHE,Online TA,0,1,No Deposit,0,Transient,B,0,2,1
Others,Online TA,0,0,No Deposit,0,Transient,D,0,1,1
GBR,Offline TA/TO,0,1,No Deposit,0,Transient,D,0,4,0
Others,Direct,0,0,No Deposit,0,Transient,E,0,0,0
Others,Online TA,0,2,No Deposit,0,Transient,D,0,0,1
CN,Online TA,0,0,No Deposit,0,Transient,G,1,1,0
BRA,Groups,0,0,No Deposit,0,Transient-Party,A,0,1,0
Others,Online TA,0,0,No Deposit,0,Transient,D,0,2,0
BEL,Online TA,0,0,No Deposit,0,Transient-Party,A,1,1,0
CN,Online TA,0,0,No Deposit,0,Transient,F,0,2,0
BRA,Online TA,0,0,No Deposit,0,Transient,B,0,0,0
FRA,Online TA,0,0,No Deposit,0,Transient,H,0,0,0
Others,Online TA,0,2,No Deposit,0,Transient-Party,A,0,1,0
Others,Online TA,0,0,No Deposit,0,Transient,A,0,1,1
PRT,Corporate,0,3,No Deposit,0,Transient,A,0,1,0
PRT,Direct,0,1,No Deposit,0,Transient-Party,E,0,1,0
AUT,Groups,0,0,No Deposit,53,Transient-Party,A,0,0,0
NOR,Online TA,0,1,No Deposit,0,Transient,D,0,0,1
AUT,Online TA,0,2,No Deposit,0,Transient,A,0,0,1
Others,Online TA,0,0,No Deposit,0,Transient,D,0,1,1
PRT,Online TA,0,0,Refundable,0,Transient,D,0,0,1
GBR,Direct,0,0,Refundable,0,Group,A,0,0,0
Others,Online TA,0,0,No Deposit,0,Transient,E,0,1,1
Others,Direct,0,1,No Deposit,0,Transient,G,0,1,0
BRA,Corporate,0,4,No Deposit,0,Transient,A,0,0,0
Others,Online TA,0,0,No Deposit,0,Transient,A,0,0,0
ESP,Direct,0,1,No Deposit,0,Transient,G,0,1,1
FRA,Offline TA/TO,0,1,No Deposit,0,Transient,D,0,0,0
ITA,Offline TA/TO,0,0,No Deposit,0,Transient,D,0,0,1
NLD,Direct,0,1,No Deposit,0,Transient,E,0,2,1
POL,Online TA,0,0,No Deposit,0,Transient,F,1,0,0
Others,Online TA,0,0,No Deposit,0,Transient-Party,A,0,0,1
PRT,Corporate,0,0,No Deposit,0,Transient-Party,A,0,2,0
ESP,Online TA,0,1,No Deposit,0,Transient,E,1,1,0
ISR,Online TA,0,1,No Deposit,0,Transient,E,0,0,1
POL,Online TA,0,0,No Deposit,0,Contract,A,0,1,0
BEL,Direct,0,0,No Deposit,0,Transient,G,0,0,1
NOR,Online TA,0,0,No Deposit,0,Contract,A,0,1,0
Others,Online TA,0,4,No Deposit,0,Transient,A,0,2,0
CHN,Online TA,0,1,No Deposit,0,Transient,A,1,1,0
PRT,Direct,0,1,No Deposit,0,Transient-Party,A,0,2,0
PRT,Online TA,1,0,No Deposit,0,Contract,F,0,2,1
Others,Direct,0,0,No Deposit,0,Transient,E,0,2,0
Others,Online TA,0,0,No Deposit,0,Transient,E,0,0,0
GBR,Offline TA/TO,0,0,No Deposit,0,Transient,F,0,0,0
ESP,Offline TA/TO,0,0,No Deposit,0,Group,E,0,0,0
ROU,Offline TA/TO,0,1,No Deposit,0,Transient,E,0,2,0
ITA,Corporate,0,1,No Deposit,0,Transient,D,1,0,0
PRT,Offline TA/TO,0,1,No Deposit,58,Transient-Party,A,0,0,0
PRT,Corporate,1,0,No Deposit,0,Transient,D,0,1,0
PRT,Groups,0,1,No Deposit,4,Transient-Party,A,0,0,0
SWE,Direct,0,0,No Deposit,0,Transient,A,0,1,1
ESP,Direct,0,1,No Deposit,0,Transient,E,1,0,0
GBR,Online TA,0,2,No Deposit,0,Transient,D,0,2,1
POL,Online TA,0,0,No Deposit,0,Transient,E,1,1,0
PRT,Complementary,0,2,No Deposit,0,Transient,A,0,0,1
NLD,Offline TA/TO,0,1,No Deposit,0,Transient,A,0,0,1
BRA,Online TA,0,1,No Deposit,0,Transient,A,0,3,0
FRA,Offline TA/TO,0,1,No Deposit,0,Transient-Party,D,0,1,0
ESP,Online TA,0,4,No Deposit,0,Transient,D,0,2,0
PRT,Complementary,0,0,No Deposit,0,Transient,A,1,0,0
CN,Online TA,0,0,No Deposit,0,Transient,F,0,0,0
IRL,Online TA,0,0,No Deposit,0,Transient,G,0,2,1
PRT,Online TA,0,1,No Deposit,0,Transient-Party,E,0,0,0
Others,Direct,0,1,No Deposit,0,Transient,A,0,0,0
Others,Online TA,0,0,No Deposit,0,Transient,E,0,1,0
PRT,Direct,0,2,No Deposit,0,Transient-Party,B,0,1,1
ESP,Direct,0,5,No Deposit,0,Transient,F,0,2,0
BEL,Aviation,0,1,No Deposit,0,Transient,D,0,0,0
FRA,Online TA,0,0,No Deposit,0,Group,D,0,3,0
ESP,Online TA,0,2,No Deposit,0,Transient,E,0,0,0
DNK,Online TA,0,0,No Deposit,0,Transient-Party,A,0,1,0
PRT,Online TA,0,2,No Deposit,0,Transient,A,1,2,0
PRT,Online TA,0,0,No Deposit,0,Transient-Party,C,0,2,0
FRA,Online TA,0,0,No Deposit,0,Transient,D,1,3,0
Others,Online TA,0,0,No Deposit,0,Transient,F,0,0,1
BRA,Online TA,0,0,No Deposit,0,Transient,A,1,3,0
USA,Online TA,0,0,No Deposit,0,Transient,G,0,0,0
BRA,Direct,0,0,No Deposit,0,Transient,G,0,0,0
ITA,Corporate,0,3,No Deposit,0,Transient-Party,A,0,0,0
PRT,Corporate,0,1,No Deposit,0,Transient,A,1,2,0
RUS,Online TA,0,0,No Deposit,0,Contract,A,0,2,0
Others,Online TA,0,1,No Deposit,0,Transient,A,0,0,0
Others,Online TA,0,0,No Deposit,0,Transient,F,0,1,0
ESP,Direct,0,1,No Deposit,0,Group,D,0,0,0
BEL,Online TA,0,0,No Deposit,0,Transient-Party,E,0,2,0
POL,Online TA,0,0,No Deposit,0,Transient,E,0,0,0
FRA,Corporate,0,0,No Deposit,0,Transient,E,0,0,0
Others,Online TA,0,0,No Deposit,0,Transient-Party,A,0,2,0
DEU,Online TA,0,0,No Deposit,0,Transient,A,0,4,1
GBR,Groups,0,0,No Deposit,0,Transient-Party,D,0,2,0
DEU,Online TA,0,2,No Deposit,0,Transient,D,0,1,0
Others,Online TA,0,1,No Deposit,0,Transient,E,0,0,0
CN,Online TA,0,1,No Deposit,0,Transient,F,0,2,0
Others,Online TA,0,0,No Deposit,0,Transient,A,0,0,0
Others,Online TA,0,0,No Deposit,0,Transient,D,0,1,0
Others,Online TA,0,0,No Deposit,0,Transient,D,0,2,0
GBR,Offline TA/TO,0,0,No Deposit,0,Transient-Party,D,0,2,0
CHE,Corporate,0,0,No Deposit,0,Transient,E,0,0,0
Others,Online TA,0,0,No Deposit,0,Transient,D,0,0,1
PRT,Online TA,0,0,No Deposit,0,Contract,B,0,0,0
Others,Online TA,0,1,No Deposit,0,Transient,D,0,3,1
ITA,Online TA,0,0,No Deposit,0,Transient-Party,B,0,1,1
Others,Aviation,0,0,No Deposit,0,Transient,D,0,0,0
Others,Online TA,0,1,No Deposit,0,Contract,D,0,1,0
PRT,Corporate,0,3,No Deposit,0,Transient-Party,A,0,2,0
PRT,Direct,0,0,No Deposit,0,Transient,A,0,3,1
POL,Online TA,0,0,No Deposit,0,Transient,A,2,2,0
BEL,Direct,0,0,No Deposit,0,Transient,C,0,1,0
GBR,Direct,0,1,No Deposit,0,Transient-Party,E,0,0,0
PRT,Direct,0,2,No Deposit,0,Transient,D,0,0,1
ESP,Direct,0,2,No Deposit,0,Transient,E,1,3,0
GBR,Offline TA/TO,0,0,No Deposit,0,Transient-Party,E,0,3,0
FRA,Offline TA/TO,0,0,No Deposit,0,Transient-Party,D,0,0,0
GBR,Groups,0,1,No Deposit,0,Group,A,0,1,0
Others,Online TA,0,0,No Deposit,0,Transient,A,0,2,1
ESP,Direct,0,1,No Deposit,0,Transient,E,1,1,0
BEL,Offline TA/TO,0,1,No Deposit,0,Transient,D,0,0,0
Others,Online TA,0,0,No Deposit,0,Transient,A,0,0,0
ROU,Online TA,0,0,No Deposit,0,Transient,E,0,0,0
Others,Online TA,0,0,No Deposit,0,Transient,H,0,0,1
RUS,Online TA,0,2,No Deposit,0,Transient,A,0,2,0
ESP,Offline TA/TO,0,0,No Deposit,0,Transient-Party,A,1,0,0
PRT,Online TA,1,0,No Deposit,0,Contract,D,0,0,1
RUS,Groups,0,5,No Deposit,0,Transient-Party,E,0,0,0
CHE,Direct,0,1,No Deposit,0,Transient,H,1,0,0
PRT,Direct,0,0,No Deposit,0,Group,C,1,0,0
ITA,Online TA,0,1,No Deposit,0,Transient,D,0,1,0
BRA,Direct,0,1,No Deposit,0,Transient,C,0,1,0
ESP,Online TA,0,0,No Deposit,0,Transient,C,0,0,1
DEU,Online TA,0,0,No Deposit,0,Contract,D,0,0,0
ESP,Offline TA/TO,0,1,No Deposit,0,Transient,A,1,1,0
ISR,Online TA,0,2,No Deposit,0,Transient,D,0,0,1
ITA,Online TA,0,0,No Deposit,0,Transient,D,1,3,0
PRT,Corporate,4,0,No Deposit,0,Transient,A,0,0,1
PRT,Online TA,0,0,No Deposit,0,Transient,F,0,3,0
GBR,Direct,0,0,No Deposit,0,Transient-Party,E,0,0,1
FRA,Online TA,0,0,No Deposit,0,Transient,E,1,3,0
AUT,Online TA,0,1,No Deposit,0,Transient,G,1,1,0
USA,Online TA,0,0,No Deposit,0,Transient,G,1,2,0
FRA,Online TA,0,1,No Deposit,0,Transient,A,0,3,1
IRL,Online TA,0,2,No Deposit,0,Transient,F,0,1,0
Others,Offline TA/TO,0,0,No Deposit,0,Transient,D,0,0,0
GBR,Direct,0,0,No Deposit,0,Group,D,0,0,0
NLD,Online TA,0,0,No Deposit,0,Transient,H,0,0,1
FRA,Online TA,0,0,No Deposit,0,Transient,D,0,3,1
DEU,Groups,0,2,No Deposit,0,Contract,A,0,0,0
DEU,Online TA,0,0,No Deposit,0,Transient,E,1,0,0
ITA,Online TA,0,1,No Deposit,0,Transient-Party,A,0,1,0
PRT,Online TA,0,1,No Deposit,0,Transient-Party,H,1,2,0
DEU,Online TA,0,3,No Deposit,0,Transient,B,0,2,0
DEU,Online TA,0,0,No Deposit,0,Transient,B,0,2,0
BEL,Groups,0,3,No Deposit,0,Transient-Party,A,0,2,0
PRT,Direct,0,1,No Deposit,0,Transient,B,0,0,0
Others,Direct,0,0,No Deposit,0,Transient,A,0,0,0
GBR,Online TA,0,0,No Deposit,0,Transient,A,0,4,0
GBR,Corporate,0,0,No Deposit,12,Transient-Party,A,0,0,0
Others,Online TA,0,0,No Deposit,0,Transient,A,0,0,0
BRA,Online TA,0,3,No Deposit,0,Transient-Party,A,0,2,0
Others,Direct,0,0,No Deposit,0,Transient,A,0,1,0
BRA,Groups,0,1,No Deposit,0,Transient-Party,A,0,0,0
CN,Online TA,0,0,No Deposit,0,Transient-Party,D,0,1,0
FRA,Offline TA/TO,0,1,No Deposit,0,Transient-Party,C,0,0,0
CHE,Online TA,0,1,No Deposit,0,Transient-Party,G,0,1,0
PRT,Corporate,6,0,No Deposit,0,Transient,A,0,0,0
CN,Direct,0,0,No Deposit,0,Transient,D,0,0,1
FRA,Corporate,1,0,No Deposit,0,Transient,A,0,0,0
ESP,Online TA,0,2,No Deposit,0,Transient,A,0,4,0
SWE,Online TA,0,1,No Deposit,0,Transient,A,0,2,0
PRT,Corporate,2,0,No Deposit,0,Transient-Party,A,0,0,0
BRA,Online TA,0,1,No Deposit,0,Transient,G,0,1,0
AUT,Online TA,0,0,No Deposit,0,Transient,F,0,1,0
SWE,Online TA,0,0,No Deposit,0,Transient-Party,A,0,3,0
BEL,Online TA,0,3,No Deposit,0,Transient,B,0,1,0
Others,Direct,0,0,No Deposit,0,Transient,E,1,2,0
RUS,Direct,0,1,No Deposit,0,Transient,C,0,0,1
PRT,Corporate,0,21,No Deposit,0,Transient-Party,A,0,0,0
POL,Direct,0,1,No Deposit,0,Transient,E,1,2,0
Others,Online TA,0,0,No Deposit,0,Transient,A,0,1,0
Others,Offline TA/TO,0,1,No Deposit,0,Transient-Party,A,0,0,0
CN,Online TA,0,0,No Deposit,0,Transient,G,1,0,0
CHN,Online TA,0,0,No Deposit,0,Transient-Party,E,0,1,0
NOR,Online TA,0,0,No Deposit,0,Transient,F,1,2,0
CHE,Online TA,0,0,No Deposit,0,Transient-Party,B,0,0,0
ITA,Direct,0,1,No Deposit,0,Transient,G,0,4,0
BEL,Offline TA/TO,0,1,No Deposit,0,Transient,A,1,0,0
Others,Online TA,0,2,No Deposit,0,Transient,A,0,1,1
GBR,Offline TA/TO,0,3,No Deposit,0,Contract,A,0,0,0
SWE,Online TA,0,0,No Deposit,0,Contract,A,0,2,0
RUS,Online TA,0,3,No Deposit,0,Transient-Party,D,1,0,0
BEL,Online TA,0,2,No Deposit,0,Transient,E,0,2,0
RUS,Online TA,0,2,No Deposit,0,Transient,D,0,2,1
BRA,Direct,0,1,No Deposit,0,Transient-Party,B,0,1,0
PRT,Groups,0,1,No Deposit,0,Transient-Party,E,0,0,0
Others,Online TA,0,2,No Deposit,0,Transient,A,0,0,1
Others,Online TA,0,0,No Deposit,0,Transient,A,1,1,0
NLD,Online TA,0,2,No Deposit,0,Transient-Party,A,0,1,0
Others,Offline TA/TO,0,0,No Deposit,0,Transient,A,0,0,0
Others,Online TA,0,0,No Deposit,0,Transient,D,0,1,1
ISR,Online TA,0,0,No Deposit,0,Transient,D,0,3,0
FRA,Online TA,0,1,No Deposit,0,Transient,H,0,2,1
BEL,Online TA,0,1,No Deposit,0,Transient,F,0,2,0
IRL,Offline TA/TO,0,0,No Deposit,0,Transient,C,0,0,0
PRT,Direct,0,0,No Deposit,0,Transient-Party,D,0,2,1
DNK,Online TA,0,0,No Deposit,0,Transient,G,1,0,0
SWE,Online TA,0,0,No Deposit,0,Transient,G,1,0,0
PRT,Direct,0,2,No Deposit,0,Transient,G,0,0,1
PRT,Direct,0,0,No Deposit,0,Group,A,0,0,1
Others,Online TA,0,0,No Deposit,0,Transient,A,1,3,0
CN,Offline TA/TO,0,0,No Deposit,0,Transient-Party,E,0,1,0
CHE,Online TA,0,1,No Deposit,0,Transient,C,0,0,1
PRT,Direct,2,0,No Deposit,0,Transient,E,0,2,1
Others,Online TA,0,0,No Deposit,0,Transient,A,0,1,0
AUT,Online TA,0,2,No Deposit,0,Transient,A,0,1,1
Others,Groups,0,1,No Deposit,0,Transient-Party,A,0,0,0
ESP,Online TA,0,0,No Deposit,0,Transient,C,1,1,0
GBR,Direct,0,0,No Deposit,0,Transient,E,1,0,0
NLD,Groups,0,0,No Deposit,0,Transient-Party,A,0,0,0
ITA,Direct,0,3,No Deposit,0,Transient,A,0,0,0
USA,Direct,0,0,No Deposit,0,Transient,E,0,1,0
RUS,Online TA,0,0,No Deposit,0,Transient,A,1,1,0
FRA,Direct,0,4,No Deposit,0,Transient,D,0,1,0
PRT,Corporate,5,0,No Deposit,0,Transient,A,0,2,0
Others,Direct,0,1,No Deposit,0,Transient,A,0,0,0
ESP,Online TA,0,3,No Deposit,0,Transient,A,1,2,0
PRT,Groups,0,0,No Deposit,49,Transient-Party,A,0,0,0
PRT,Groups,0,0,Non Refund,38,Transient,A,0,0,1
Others,Online TA,0,0,No Deposit,0,Transient,F,0,1,0
AUT,Offline TA/TO,0,0,No Deposit,0,Transient-Party,D,0,2,0
IRL,Online TA,0,0,No Deposit,0,Transient,F,0,1,0
Others,Online TA,0,1,No Deposit,0,Transient,D,0,0,1
AUT,Online TA,0,0,No Deposit,0,Transient,E,0,0,1
ESP,Direct,0,0,No Deposit,0,Transient-Party,A,1,0,0
Others,Corporate,0,0,No Deposit,0,Transient,A,0,0,0
ITA,Online TA,0,1,No Deposit,0,Group,A,0,1,0
Others,Online TA,0,0,No Deposit,0,Transient,A,0,3,0
IRL,Online TA,0,8,No Deposit,0,Transient,D,0,1,1
Others,Online TA,0,1,No Deposit,0,Transient,A,0,0,1
CN,Online TA,0,0,No Deposit,0,Transient,E,0,0,0
GBR,Offline TA/TO,0,2,No Deposit,0,Transient-Party,G,0,0,0
SWE,Direct,0,0,No Deposit,0,Transient,F,1,1,0
DEU,Online TA,0,1,No Deposit,0,Transient,B,0,3,0
POL,Online TA,0,1,No Deposit,0,Contract,A,1,1,0
PRT,Direct,0,3,No Deposit,0,Transient,D,0,1,1
Others,Online TA,0,0,No Deposit,0,Contract,A,0,2,0
POL,Online TA,0,0,No Deposit,0,Transient,A,0,4,0
CN,Offline TA/TO,0,1,No Deposit,0,Transient,D,1,0,0
Others,Groups,0,0,No Deposit,0,Transient-Party,A,0,0,0
FRA,Direct,0,0,No Deposit,0,Transient,A,1,2,0
Others,Online TA,0,0,No Deposit,0,Transient,A,1,1,0
PRT,Online TA,0,2,No Deposit,0,Transient,A,0,0,1
DEU,Direct,0,0,No Deposit,0,Transient-Party,E,0,0,0
PRT,Direct,0,0,Non Refund,0,Transient-Party,A,0,0,0
PRT,Corporate,2,0,No Deposit,0,Transient,A,0,2,0
RUS,Direct,0,3,No Deposit,0,Transient,E,0,1,0
ESP,Online TA,0,1,No Deposit,0,Transient-Party,A,0,0,0
Others,Offline TA/TO,0,1,No Deposit,49,Transient-Party,A,0,0,0
ROU,Online TA,0,3,No Deposit,0,Transient,E,0,3,0
BRA,Corporate,0,0,No Deposit,0,Transient-Party,A,0,0,0
ITA,Online TA,0,1,No Deposit,0,Transient,F,0,0,1
Others,Direct,0,0,No Deposit,0,Transient,E,1,2,0
Others,Online TA,0,0,No Deposit,0,Transient,A,1,0,0
GBR,Offline TA/TO,0,2,No Deposit,0,Transient,D,0,1,0
BEL,Online TA,0,2,No Deposit,0,Transient,E,0,2,1
BRA,Groups,0,0,No Deposit,0,Transient,D,0,1,0
NOR,Offline TA/TO,0,0,No Deposit,0,Transient-Party,E,0,2,0
Others,Offline TA/TO,0,0,No Deposit,0,Transient,E,0,0,0
PRT,Direct,0,0,No Deposit,0,Transient,E,1,3,0
CN,Offline TA/TO,0,0,No Deposit,0,Group,A,0,0,0
Others,Online TA,0,0,No Deposit,0,Transient,D,0,2,0
PRT,Direct,0,0,No Deposit,0,Transient,E,0,3,1
SWE,Groups,0,1,No Deposit,0,Transient-Party,D,1,0,0
NLD,Online TA,0,1,No Deposit,0,Transient,F,0,3,0
PRT,Online TA,0,3,No Deposit,0,Transient,A,0,2,0
ESP,Online TA,0,1,No Deposit,0,Transient-Party,A,0,3,0
FRA,Online TA,0,0,No Deposit,0,Transient,G,0,2,0
IRL,Online TA,0,0,No Deposit,0,Group,E,0,1,0
Others,Online TA,0,0,No Deposit,0,Transient,D,0,1,0
CHE,Online TA,0,3,No Deposit,0,Transient,A,0,2,0
PRT,Complementary,5,0,No Deposit,0,Transient,A,0,3,0
PRT,Direct,0,1,No Deposit,0,Transient,C,0,0,0
Others,Online TA,0,0,No Deposit,0,Contract,A,0,2,0
PRT,Online TA,0,0,No Deposit,0,Transient-Party,C,0,1,0
PRT,Groups,0,0,No Deposit,48,Transient-Party,A,0,1,0
PRT,Online TA,0,4,No Deposit,0,Transient,G,1,1,0
CHE,Direct,0,0,No Deposit,0,Transient,F,1,1,0
Others,Online TA,0,0,No Deposit,0,Transient,A,0,0,1
Others,Online TA,0,0,No Deposit,0,Transient,B,0,0,1
PRT,Offline TA/TO,1,1,No Deposit,0,Transient-Party,A,0,0,1
Others,Online TA,0,0,No Deposit,0,Transient,A,0,0,1
ESP,Direct,0,1,No Deposit,0,Transient,D,0,2,0
CHE,Offline TA/TO,0,0,No Deposit,0,Transient,E,0,0,1
Others,Groups,0,1,No Deposit,0,Transient-Party,A,0,0,0
CN,Online TA,0,3,No Deposit,0,Transient,E,0,1,1
BEL,Groups,0,0,Refundable,0,Transient-Party,A,0,0,0
IRL,Online TA,0,3,No Deposit,0,Transient,E,0,0,0
IRL,Online TA,0,3,No Deposit,0,Transient,A,0,2,0
Others,Offline TA/TO,0,1,No Deposit,0,Transient-Party,A,0,0,0
DNK,Direct,0,3,No Deposit,0,Transient,F,0,1,0
POL,Online TA,0,0,No Deposit,0,Transient,E,1,2,0
Others,Online TA,0,0,No Deposit,0,Transient,E,0,1,1
PRT,Offline TA/TO,0,0,No Deposit,0,Transient,F,0,0,1
GBR,Online TA,0,0,No Deposit,0,Transient,E,1,2,0
ITA,Online TA,0,2,No Deposit,0,Transient,D,0,1,0
Others,Offline TA/TO,0,0,No Deposit,0,Transient,A,0,0,0
DEU,Complementary,0,1,No Deposit,0,Transient,D,0,1,0
CHE,Direct,0,0,No Deposit,0,Transient,E,1,1,0
POL,Online TA,0,0,No Deposit,0,Transient,A,0,3,0
FRA,Online TA,0,4,No Deposit,0,Transient,A,0,0,0
PRT,Online TA,0,2,No Deposit,0,Transient,H,1,0,0
BRA,Online TA,0,0,No Deposit,0,Transient-Party,A,1,1,0
DNK,Online TA,0,0,No Deposit,0,Transient,F,0,0,1
CN,Online TA,0,1,No Deposit,0,Transient,A,0,1,0
Others,Groups,0,1,No Deposit,0,Transient,A,0,0,0
Others,Direct,0,0,No Deposit,0,Transient,A,0,0,1
POL,Online TA,0,3,No Deposit,0,Transient,G,0,0,1
Others,Online TA,0,0,No Deposit,0,Transient,F,0,1,1
BEL,Online TA,0,0,No Deposit,0,Transient,F,1,2,0
PRT,Online TA,0,3,No Deposit,0,Transient,D,0,4,0
PRT,Offline TA/TO,1,2,No Deposit,0,Group,A,0,2,1
Others,Direct,0,3,No Deposit,0,Transient,D,0,0,0
ROU,Online TA,0,0,No Deposit,0,Transient,D,0,2,0
PRT,Direct,0,1,No Deposit,0,Transient-Party,H,1,1,0
FIN,Online TA,0,0,No Deposit,0,Transient,E,1,1,0
Others,Online TA,0,0,No Deposit,0,Transient,A,0,0,1
ESP,Online TA,0,0,No Deposit,0,Transient,F,0,2,0
GBR,Direct,0,0,No Deposit,0,Transient-Party,A,1,0,0
Others,Online TA,0,1,No Deposit,0,Transient,B,0,2,1
ESP,Direct,0,0,No Deposit,0,Transient,F,0,2,1
Others,Online TA,0,0,No Deposit,0,Transient,A,0,0,0
DEU,Direct,0,1,No Deposit,0,Transient,E,1,3,0
Others,Online TA,0,0,No Deposit,0,Transient,F,0,0,1
PRT,Online TA,0,0,No Deposit,0,Contract,D,0,0,0
Others,Online TA,0,0,No Deposit,0,Transient,D,0,0,0
CN,Direct,0,2,No Deposit,0,Transient,D,0,0,1
IRL,Direct,0,0,No Deposit,0,Transient,G,0,0,0
Others,Online TA,0,0,No Deposit,0,Transient,A,0,0,0
CHE,Online TA,0,0,No Deposit,0,Transient,G,1,0,0
Others,Online TA,0,0,No Deposit,0,Transient,C,1,1,0
NOR,Offline TA/TO,0,0,No Deposit,0,Transient,E,0,1,0
NLD,Offline TA/TO,0,1,No Deposit,0,Transient,A,0,0,0
Others,Online TA,0,0,No Deposit,0,Transient,G,0,2,0
NOR,Direct,0,0,No Deposit,0,Transient,G,0,2,0
IRL,Online TA,0,1,No Deposit,0,Transient,G,0,1,0
IRL,Direct,0,0,No Deposit,0,Transient,D,0,2,0
PRT,Direct,0,0,No Deposit,0,Transient,G,0,3,0
SWE,Online TA,0,1,No Deposit,0,Transient,G,0,3,0
SWE,Offline TA/TO,0,0,No Deposit,0,Group,A,0,0,0
Others,Online TA,0,0,No Deposit,0,Transient,A,0,2,1
BRA,Online TA,0,0,No Deposit,0,Transient,F,0,3,1
RUS,Online TA,0,0,No Deposit,0,Transient,B,0,1,1
PRT,Online TA,0,2,No Deposit,0,Transient-Party,B,0,1,1
Others,Online TA,0,0,Refundable,0,Transient,D,0,1,1
ROU,Online TA,0,0,No Deposit,0,Transient,E,0,2,0
GBR,Offline TA/TO,0,0,No Deposit,0,Group,E,0,2,0
GBR,Online TA,0,2,No Deposit,0,Transient-Party,B,0,0,0
BEL,Online TA,0,0,No Deposit,0,Transient,F,0,2,0
Others,Online TA,0,2,No Deposit,0,Transient,D,0,0,1
USA,Direct,0,0,No Deposit,0,Transient,D,0,0,1
FIN,Online TA,0,1,No Deposit,0,Transient,D,0,0,0
PRT,Direct,0,0,No Deposit,0,Transient-Party,F,0,1,0
FRA,Online TA,0,1,No Deposit,0,Transient,B,0,0,0
Others,Offline TA/TO,0,0,No Deposit,0,Contract,A,0,0,0
GBR,Offline TA/TO,0,2,No Deposit,0,Contract,A,0,2,0
CN,Direct,0,2,No Deposit,0,Transient,G,1,0,0
FRA,Direct,0,0,No Deposit,0,Group,A,0,2,0
FIN,Direct,0,0,No Deposit,0,Transient-Party,A,0,1,1
PRT,Direct,0,0,No Deposit,0,Group,E,1,0,0
IRL,Offline TA/TO,0,0,No Deposit,0,Transient-Party,E,0,1,0
Others,Online TA,0,2,No Deposit,0,Transient,A,0,0,1
Others,Online TA,0,1,No Deposit,0,Transient,B,0,0,0
GBR,Online TA,0,2,No Deposit,0,Transient,D,0,1,1
BEL,Online TA,0,0,No Deposit,0,Transient,F,1,1,0
IRL,Direct,0,0,No Deposit,0,Transient-Party,E,0,1,0
GBR,Online TA,0,1,No Deposit,0,Transient,H,1,1,0
USA,Online TA,0,0,No Deposit,0,Transient-Party,A,0,2,0
CHE,Groups,0,0,No Deposit,0,Transient-Party,A,0,1,0
ROU,Online TA,0,1,No Deposit,0,Transient,D,0,1,0
Others,Online TA,0,0,No Deposit,0,Transient,D,0,1,1
PRT,Online TA,0,0,No Deposit,0,Transient,C,0,3,0
Others,Online TA,0,1,No Deposit,0,Transient,A,0,0,0
Others,Online TA,0,1,No Deposit,0,Transient,D,0,1,0
BEL,Online TA,0,0,No Deposit,0,Contract,D,0,1,0
ESP,Offline TA/TO,0,2,No Deposit,0,Transient-Party,A,0,0,0
ESP,Direct,0,0,No Deposit,0,Transient,A,1,2,0
NLD,Direct,0,0,No Deposit,0,Transient-Party,A,0,1,0
IRL,Offline TA/TO,0,1,No Deposit,0,Transient,D,0,1,0
RUS,Online TA,0,2,No Deposit,0,Transient,A,0,1,1
ITA,Direct,0,1,No Deposit,0,Transient,D,0,0,0
ESP,Online TA,0,1,No Deposit,0,Transient,B,0,4,0
DEU,Online TA,0,1,No Deposit,0,Transient,F,1,1,0
PRT,Complementary,0,2,No Deposit,0,Transient,A,1,0,0
NOR,Online TA,0,14,No Deposit,0,Transient,A,0,2,0
SWE,Online TA,0,0,No Deposit,0,Transient,G,0,0,0
IRL,Offline TA/TO,0,0,No Deposit,0,Transient,E,1,0,0
ITA,Offline TA/TO,0,0,No Deposit,0,Transient-Party,E,0,0,0
ESP,Complementary,0,0,No Deposit,0,Transient,A,0,0,0
SWE,Groups,0,1,No Deposit,0,Transient-Party,D,0,1,0
PRT,Direct,0,0,No Deposit,0,Group,D,0,0,0
PRT,Online TA,0,1,No Deposit,0,Transient-Party,C,0,0,0
ROU,Online TA,0,1,No Deposit,0,Transient,B,0,0,1
Others,Online TA,0,0,No Deposit,0,Transient,E,1,0,0
GBR,Online TA,0,1,No Deposit,0,Transient-Party,D,0,1,0
DEU,Offline TA/TO,0,1,No Deposit,0,Group,A,0,1,0
BEL,Offline TA/TO,0,1,No Deposit,0,Transient,F,0,0,0
USA,Offline TA/TO,0,0,No Deposit,0,Transient,D,0,0,0
PRT,Online TA,0,1,No Deposit,0,Contract,D,0,0,0
Others,Direct,0,0,No Deposit,0,Transient,A,0,0,0
PRT,Direct,0,1,No Deposit,0,Transient,F,1,3,0
ISR,Online TA,0,1,No Deposit,0,Transient,D,0,2,0
IRL,Online TA,0,2,No Deposit,0,Transient,E,0,1,1
IRL,Online TA,0,1,No Deposit,0,Transient,F,0,3,0
PRT,Online TA,0,2,No Deposit,0,Transient,E,0,0,0
Others,Online TA,0,0,No Deposit,0,Transient,E,0,2,0
FRA,Direct,0,4,No Deposit,0,Transient,D,0,3,0
DEU,Online TA,0,3,No Deposit,0,Transient,F,0,0,0
NLD,Online TA,0,1,No Deposit,0,Transient-Party,H,0,0,0
POL,Online TA,0,0,No Deposit,0,Transient,F,0,2,0
AUT,Online TA,0,0,No Deposit,0,Transient,D,1,2,0
PRT,Offline TA/TO,0,0,No Deposit,40,Transient-Party,A,0,0,0
IRL,Direct,0,1,No Deposit,0,Transient,D,0,4,0
Others,Offline TA/TO,0,0,No Deposit,0,Transient,A,0,0,1
PRT,Offline TA/TO,0,0,No Deposit,0,Transient-Party,B,0,0,1
IRL,Online TA,0,0,No Deposit,0,Group,D,1,1,0
FRA,Offline TA/TO,0,0,No Deposit,0,Transient,F,0,1,0
PRT,Direct,0,1,No Deposit,0,Transient,G,0,1,0
GBR,Online TA,0,2,No Deposit,0,Transient,C,0,3,0
DEU,Offline TA/TO,0,0,No Deposit,0,Transient,A,0,4,0
Others,Direct,0,1,No Deposit,0,Transient,D,0,2,0
PRT,Offline TA/TO,1,0,No Deposit,46,Transient,A,0,0,1
PRT,Complementary,0,2,No Deposit,0,Transient,D,0,2,0
NLD,Online TA,0,1,No Deposit,0,Transient,D,0,1,1
ESP,Corporate,0,0,No Deposit,0,Transient,A,1,0,0
Others,Online TA,0,0,No Deposit,0,Transient,D,0,1,0
Others,Online TA,0,0,No Deposit,0,Transient,D,0,0,1
PRT,Online TA,0,1,No Deposit,0,Transient-Party,F,0,2,0
SWE,Online TA,0,0,No Deposit,0,Group,D,0,2,0
ESP,Online TA,0,1,No Deposit,0,Transient-Party,F,0,0,0
PRT,Direct,1,1,No Deposit,0,Transient,A,0,2,0
FRA,Direct,0,0,No Deposit,0,Transient-Party,B,0,1,0
IRL,Online TA,0,2,No Deposit,0,Transient,D,0,1,1
GBR,Direct,0,1,No Deposit,0,Transient,D,1,1,0
Others,Online TA,0,0,No Deposit,0,Transient,D,0,0,1
BRA,Online TA,0,0,No Deposit,0,Transient,E,1,1,0
ESP,Direct,0,1,No Deposit,0,Transient,A,0,3,0
GBR,Offline TA/TO,0,2,No Deposit,0,Transient-Party,A,0,1,0
PRT,Offline TA/TO,0,0,No Deposit,0,Transient,F,0,1,0
IRL,Online TA,0,1,No Deposit,0,Transient,F,0,2,0
PRT,Offline TA/TO,0,0,No Deposit,0,Transient,G,0,1,0
ESP,Online TA,0,0,No Deposit,0,Transient-Party,B,0,0,1
GBR,Corporate,0,0,No Deposit,0,Transient-Party,A,0,1,0
Others,Offline TA/TO,0,4,No Deposit,0,Transient-Party,D,0,0,0
ISR,Online TA,0,1,No Deposit,0,Transient,D,0,1,1
GBR,Groups,0,2,No Deposit,0,Transient-Party,D,1,0,0
Others,Online TA,0,0,No Deposit,0,Transient,A,0,2,0
PRT,Corporate,0,1,No Deposit,0,Transient-Party,A,1,2,0
GBR,Groups,0,0,No Deposit,0,Transient,E,1,0,0
USA,Online TA,0,0,No Deposit,0,Transient,G,0,1,1
Others,Online TA,0,0,No Deposit,0,Transient,A,0,4,0
PRT,Direct,0,3,No Deposit,0,Transient-Party,A,1,2,0
FRA,Online TA,0,1,No Deposit,0,Transient,G,0,0,0
PRT,Offline TA/TO,0,1,No Deposit,0,Transient-Party,A,0,2,0
GBR,Direct,0,1,No Deposit,0,Transient-Party,A,1,1,0
IRL,Offline TA/TO,0,1,No Deposit,4,Transient-Party,A,0,0,0
CN,Online TA,0,2,No Deposit,0,Transient,A,0,1,0
Others,Direct,0,1,No Deposit,0,Transient,A,0,0,0
PRT,Direct,0,0,No Deposit,0,Contract,A,0,0,0
GBR,Groups,0,3,No Deposit,0,Transient-Party,D,0,2,0
PRT,Groups,0,1,No Deposit,0,Transient-Party,D,0,0,0
FRA,Direct,0,8,No Deposit,0,Transient,A,0,0,0
USA,Direct,0,0,No Deposit,0,Transient,A,0,3,0
Others,Online TA,0,2,No Deposit,0,Transient,A,0,0,1
POL,Offline TA/TO,0,0,No Deposit,0,Contract,A,0,1,0
DEU,Online TA,0,3,No Deposit,0,Transient,E,0,1,1
Others,Online TA,0,0,No Deposit,0,Transient-Party,A,0,0,0
NLD,Online TA,0,2,No Deposit,0,Transient-Party,D,0,2,0
CHE,Direct,0,1,No Deposit,0,Transient,E,1,1,0
PRT,Corporate,0,2,No Deposit,0,Transient-Party,A,1,0,0
SWE,Direct,0,0,No Deposit,0,Transient,E,0,1,0
CHE,Direct,0,1,No Deposit,0,Transient-Party,B,0,0,0
PRT,Direct,0,1,No Deposit,0,Transient-Party,A,0,1,1
IRL,Direct,0,0,No Deposit,0,Transient,G,0,0,1
Others,Online TA,0,0,No Deposit,0,Transient,A,0,1,0
DNK,Online TA,0,0,No Deposit,0,Transient,D,0,3,1
Others,Groups,0,0,No Deposit,0,Transient,A,0,0,0
CN,Direct,0,1,No Deposit,0,Transient,D,0,0,0
Others,Direct,0,0,No Deposit,0,Transient,A,0,0,0
ITA,Groups,0,3,No Deposit,0,Transient-Party,A,0,1,0
ESP,Online TA,0,1,No Deposit,0,Contract,A,0,2,0
PRT,Offline TA/TO,0,1,No Deposit,0,Transient,E,1,0,0
PRT,Offline TA/TO,0,0,No Deposit,0,Group,D,0,0,1
AUT,Online TA,0,2,No Deposit,0,Transient-Party,G,0,0,1
Others,Online TA,0,0,No Deposit,0,Transient,A,1,2,0
POL,Direct,0,0,No Deposit,0,Transient,A,0,1,0
BRA,Direct,0,1,No Deposit,0,Transient,A,0,1,1
BEL,Online TA,0,3,No Deposit,0,Transient,A,0,1,0
CHE,Direct,0,0,No Deposit,0,Transient,C,0,0,1
Others,Groups,0,1,No Deposit,0,Transient-Party,A,0,0,0
Others,Online TA,0,1,No Deposit,0,Transient,A,0,1,1
SWE,Offline TA/TO,0,2,No Deposit,0,Transient-Party,A,0,0,0
PRT,Offline TA/TO,1,3,No Deposit,0,Contract,C,0,2,1
PRT,Direct,0,0,No Deposit,0,Transient,A,2,0,0
Others,Online TA,0,0,No Deposit,0,Transient,D,0,0,1
GBR,Online TA,0,0,Non Refund,0,Transient-Party,E,0,1,0
POL,Online TA,0,0,No Deposit,0,Transient,C,0,1,0
Others,Offline TA/TO,0,0,No Deposit,0,Transient,A,0,1,0
BRA,Online TA,0,3,No Deposit,0,Transient,A,0,0,0
Others,Online TA,0,0,No Deposit,0,Transient,E,0,1,1
AUT,Direct,0,1,No Deposit,0,Transient,A,0,0,1
ESP,Online TA,0,1,No Deposit,0,Transient,C,0,1,0
CHE,Online TA,0,0,No Deposit,0,Transient,E,0,1,1
USA,Direct,0,4,No Deposit,0,Transient,E,0,0,0
PRT,Direct,0,2,No Deposit,0,Transient,H,1,0,0
RUS,Online TA,0,0,No Deposit,0,Transient,C,0,2,1
ESP,Direct,0,0,No Deposit,0,Transient,F,0,1,1
PRT,Direct,0,4,No Deposit,0,Transient,A,0,3,0
CHN,Online TA,0,3,No Deposit,0,Transient-Party,D,0,2,0
PRT,Direct,0,5,No Deposit,0,Transient,C,0,2,0
PRT,Corporate,1,1,No Deposit,0,Transient,A,0,0,1
FIN,Offline TA/TO,0,0,No Deposit,0,Transient,D,0,0,0
CN,Offline TA/TO,0,0,No Deposit,0,Transient,D,1,0,0
Others,Online TA,0,0,No Deposit,0,Transient,E,0,0,1
ROU,Online TA,0,0,No Deposit,0,Contract,A,0,3,0
PRT,Online TA,0,2,No Deposit,0,Transient-Party,A,1,2,0
BRA,Online TA,0,0,No Deposit,0,Transient-Party,E,0,1,0
Others,Online TA,0,0,No Deposit,0,Transient,D,0,1,0
BRA,Online TA,0,0,No Deposit,0,Group,D,0,1,0
Others,Groups,0,1,No Deposit,0,Contract,D,0,0,0
IRL,Direct,0,0,No Deposit,0,Transient,A,0,0,1
PRT,Corporate,0,0,No Deposit,0,Transient,D,1,0,0
RUS,Online TA,0,1,No Deposit,0,Transient,A,0,0,0
FIN,Online TA,0,0,No Deposit,0,Transient,A,1,1,0
ITA,Groups,0,2,No Deposit,0,Transient-Party,A,0,1,0
BEL,Direct,0,2,No Deposit,0,Transient,G,1,0,0
DEU,Online TA,0,0,No Deposit,0,Transient,G,0,2,0
BRA,Online TA,0,0,No Deposit,0,Group,A,0,2,0
NLD,Online TA,0,0,No Deposit,0,Transient-Party,G,0,1,0
Others,Online TA,0,0,No Deposit,0,Transient,F,0,0,1
USA,Online TA,0,4,No Deposit,0,Transient,A,0,1,0
PRT,Direct,0,0,No Deposit,0,Transient-Party,F,0,1,1
POL,Online TA,0,1,No Deposit,0,Transient-Party,B,1,1,0
PRT,Direct,0,2,No Deposit,0,Transient,F,0,0,1
Others,Online TA,11,0,No Deposit,0,Transient,A,0,1,0
GBR,Groups,0,1,Refundable,0,Transient-Party,A,1,0,0
GBR,Offline TA/TO,0,0,No Deposit,0,Transient-Party,G,0,1,0
CHE,Online TA,0,1,No Deposit,0,Transient-Party,B,0,0,0
PRT,Complementary,0,1,No Deposit,0,Transient,G,0,2,0
BRA,Direct,0,0,No Deposit,0,Transient-Party,A,0,1,0
FRA,Groups,0,1,No Deposit,34,Transient,A,0,1,0
CHE,Direct,0,1,No Deposit,0,Transient-Party,A,0,0,0
ESP,Online TA,0,2,No Deposit,0,Transient-Party,G,0,1,1
BEL,Direct,0,0,No Deposit,0,Transient-Party,D,0,0,0
PRT,Groups,0,0,Non Refund,46,Transient,A,0,0,1
ESP,Offline TA/TO,0,0,No Deposit,0,Transient-Party,A,1,2,0
BEL,Online TA,0,5,No Deposit,0,Transient-Party,A,0,1,0
Others,Direct,0,0,No Deposit,0,Transient,A,0,2,1
USA,Online TA,0,1,No Deposit,0,Transient,D,0,0,0
SWE,Online TA,0,0,No Deposit,0,Transient,F,0,1,0
Others,Corporate,0,0,No Deposit,0,Transient,A,1,1,0
Others,Direct,0,0,No Deposit,0,Transient,A,0,0,0
DEU,Offline TA/TO,0,0,No Deposit,0,Group,A,0,1,0
FRA,Direct,0,1,No Deposit,0,Transient,F,0,2,0
PRT,Direct,0,4,No Deposit,0,Transient,G,1,2,0
ITA,Direct,0,0,No Deposit,0,Transient-Party,E,1,2,0
Others,Direct,0,2,No Deposit,0,Transient,A,0,0,0
RUS,Online TA,0,2,No Deposit,0,Transient,A,0,0,0
PRT,Online TA,0,3,No Deposit,0,Transient,A,0,1,0
SWE,Direct,0,0,No Deposit,0,Transient,E,0,0,1
Others,Online TA,0,0,No Deposit,0,Transient,A,0,0,1
Others,Online TA,0,0,No Deposit,0,Transient,F,0,1,0
ESP,Offline TA/TO,0,3,No Deposit,0,Transient,C,1,3,0
Others,Direct,0,0,No Deposit,0,Transient,A,1,0,0
Others,Online TA,0,0,No Deposit,0,Transient,A,0,2,0
Others,Direct,0,0,No Deposit,0,Transient,G,0,0,0
BRA,Online TA,0,0,No Deposit,0,Transient,H,0,1,0
Others,Corporate,0,1,No Deposit,0,Transient-Party,A,0,0,0
AUT,Online TA,0,2,No Deposit,0,Transient,D,1,0,0
PRT,Aviation,0,0,No Deposit,0,Transient,D,0,1,1
FIN,Direct,0,2,No Deposit,0,Transient,A,0,3,0
Others,Online TA,0,0,No Deposit,0,Transient,F,0,0,1
Others,Online TA,0,0,No Deposit,0,Transient,A,0,2,0
Others,Online TA,0,0,No Deposit,0,Transient,A,0,1,0
CHN,Online TA,0,3,No Deposit,0,Transient,A,0,1,0
BRA,Online TA,0,2,No Deposit,0,Transient,D,0,3,0
PRT,Groups,11,0,No Deposit,31,Transient-Party,A,0,0,1
Others,Direct,0,3,No Deposit,0,Transient-Party,F,1,0,0
CN,Offline TA/TO,0,1,Non Refund,0,Transient-Party,A,0,0,0
ITA,Online TA,0,0,No Deposit,0,Transient,A,1,2,0
PRT,Complementary,2,0,No Deposit,0,Transient,A,0,3,0
PRT,Online TA,0,1,No Deposit,0,Transient,A,1,4,0
Others,Online TA,0,0,No Deposit,0,Transient,A,0,0,1
Others,Online TA,0,1,No Deposit,0,Transient,A,0,1,0
PRT,Complementary,0,1,No Deposit,0,Transient,D,0,0,0
FRA,Online TA,0,1,No Deposit,0,Transient,A,0,2,1
Others,Direct,0,0,No Deposit,0,Transient,A,0,0,0
FIN,Online TA,0,0,No Deposit,0,Transient,A,1,0,0
Others,Online TA,0,0,No Deposit,0,Transient,A,0,2,0
PRT,Online TA,1,1,No Deposit,0,Transient-Party,A,0,1,1
CN,Offline TA/TO,0,0,No Deposit,0,Transient-Party,A,0,2,0
Others,Offline TA/TO,0,0,No Deposit,0,Transient,A,0,0,0
Others,Online TA,0,2,No Deposit,0,Transient,D,0,0,1
NLD,Offline TA/TO,0,0,No Deposit,0,Transient-Party,A,0,1,0
GBR,Offline TA/TO,0,0,No Deposit,0,Contract,D,0,4,0
FRA,Direct,0,0,No Deposit,0,Transient,F,0,0,1
PRT,Online TA,0,0,No Deposit,0,Transient-Party,F,0,0,0
NLD,Groups,0,9,No Deposit,0,Transient-Party,A,0,0,0
Others,Online TA,0,0,No Deposit,0,Transient,A,1,2,0
Others,Online TA,0,0,No Deposit,0,Transient,A,1,2,0
Others,Offline TA/TO,0,1,No Deposit,0,Transient-Party,D,0,1,0
BRA,Online TA,0,0,No Deposit,0,Transient,H,1,2,0
ROU,Online TA,0,0,No Deposit,0,Transient,A,1,0,0
Others,Offline TA/TO,0,0,No Deposit,0,Transient,E,0,1,0
FRA,Online TA,0,2,No Deposit,0,Transient,E,0,1,1
Others,Online TA,0,0,No Deposit,0,Transient,A,0,0,0
DEU,Online TA,0,0,No Deposit,0,Transient-Party,A,0,5,0
BRA,Direct,0,0,No Deposit,0,Transient,D,0,4,0
SWE,Online TA,0,0,No Deposit,0,Transient,D,0,3,0
CN,Offline TA/TO,0,0,No Deposit,0,Transient,E,1,0,0
GBR,Direct,0,3,No Deposit,0,Transient,D,0,1,0
DNK,Online TA,0,2,No Deposit,0,Transient,D,0,1,0
PRT,Online TA,0,0,No Deposit,0,Transient,C,1,1,0
NLD,Offline TA/TO,0,0,No Deposit,0,Contract,D,0,1,0
ESP,Online TA,0,0,No Deposit,0,Transient-Party,A,1,2,0
CN,Groups,0,4,No Deposit,0,Transient-Party,D,0,0,0
ITA,Online TA,0,1,No Deposit,0,Transient,D,0,2,0
ESP,Offline TA/TO,0,0,No Deposit,0,Transient,A,0,0,1
ISR,Online TA,0,2,No Deposit,0,Transient,D,0,2,0
ESP,Online TA,0,2,No Deposit,0,Transient-Party,A,1,1,0
Others,Online TA,0,0,No Deposit,0,Contract,B,0,0,0
USA,Online TA,0,0,No Deposit,0,Transient-Party,D,0,0,0
NOR,Online TA,0,1,No Deposit,0,Transient,D,0,2,1
CHN,Online TA,0,1,No Deposit,0,Transient-Party,B,0,0,1
SWE,Online TA,0,0,No Deposit,0,Transient,F,0,0,1
AUT,Groups,0,2,No Deposit,0,Transient-Party,E,0,0,0
PRT,Complementary,0,0,No Deposit,0,Transient,D,0,3,0
GBR,Groups,0,0,No Deposit,0,Group,A,0,1,0
Others,Online TA,0,0,No Deposit,0,Transient-Party,A,1,1,0
CHE,Online TA,0,1,No Deposit,0,Group,A,0,0,0
ESP,Online TA,0,0,No Deposit,0,Transient,E,0,4,0
NLD,Direct,0,1,No Deposit,0,Transient,A,0,0,0
Others,Online TA,0,2,No Deposit,0,Transient,D,0,1,0
RUS,Online TA,0,1,No Deposit,0,Transient,D,0,1,0
PRT,Corporate,0,2,No Deposit,0,Transient,A,0,0,1
CHE,Online TA,0,1,No Deposit,0,Transient,A,0,0,1
GBR,Groups,0,0,Refundable,0,Transient-Party,A,1,0,0
PRT,Offline TA/TO,0,6,No Deposit,0,Transient-Party,D,0,0,0
DEU,Online TA,0,1,No Deposit,0,Transient,A,1,1,0
BEL,Groups,0,2,No Deposit,0,Transient-Party,A,0,1,0
CHE,Direct,0,0,No Deposit,0,Transient,F,1,0,0
IRL,Direct,0,1,No Deposit,0,Transient,C,0,1,1
AUT,Direct,0,1,No Deposit,0,Transient-Party,E,8,1,0
PRT,Online TA,0,3,No Deposit,0,Transient,D,0,1,0
USA,Online TA,0,0,No Deposit,0,Transient-Party,G,0,0,0
Others,Online TA,0,0,No Deposit,0,Transient,F,0,0,1
PRT,Complementary,0,0,No Deposit,0,Transient,G,0,1,1
DEU,Offline TA/TO,0,1,No Deposit,0,Transient,D,0,1,0
GBR,Offline TA/TO,0,0,No Deposit,0,Transient,D,0,3,0
GBR,Offline TA/TO,0,0,No Deposit,0,Transient,A,1,1,0
ESP,Online TA,0,2,No Deposit,0,Transient,F,0,0,1
ESP,Direct,0,0,No Deposit,0,Transient-Party,C,1,3,0
Others,Offline TA/TO,0,0,No Deposit,0,Transient,A,0,1,0
POL,Corporate,0,0,No Deposit,0,Transient-Party,D,0,2,0
BRA,Online TA,0,0,No Deposit,0,Transient,C,0,1,0
Others,Online TA,0,0,No Deposit,0,Transient,A,0,1,1
SWE,Online TA,0,1,No Deposit,0,Transient-Party,B,0,3,0
SWE,Groups,0,0,No Deposit,0,Transient-Party,A,0,1,0
ITA,Online TA,0,2,No Deposit,0,Transient,A,1,1,0
NOR,Online TA,0,0,No Deposit,0,Transient,E,0,0,0
BEL,Online TA,0,1,No Deposit,0,Transient,A,0,0,0
Others,Online TA,0,0,No Deposit,0,Transient,D,0,3,0
CN,Online TA,0,0,No Deposit,0,Transient,A,1,3,0
BEL,Online TA,0,0,No Deposit,0,Contract,A,2,2,0
Others,Aviation,0,0,No Deposit,0,Transient,D,0,0,0
PRT,Direct,0,2,No Deposit,0,Transient,D,1,1,0
ROU,Direct,0,0,No Deposit,0,Transient,F,0,0,1
CHN,Online TA,0,0,No Deposit,0,Transient-Party,D,0,2,0
BRA,Direct,0,1,No Deposit,0,Transient-Party,A,0,0,0
NOR,Offline TA/TO,0,0,No Deposit,0,Transient,D,0,1,0
ESP,Online TA,11,1,No Deposit,0,Transient,D,0,2,0
ITA,Online TA,0,0,No Deposit,0,Transient,F,0,1,1
POL,Online TA,0,0,No Deposit,0,Transient,E,0,1,0
Others,Online TA,0,0,No Deposit,0,Transient,E,0,0,1
PRT,Groups,0,5,No Deposit,0,Transient-Party,A,0,1,0
Others,Groups,0,1,No Deposit,0,Transient-Party,A,0,0,0
Others,Direct,0,0,No Deposit,0,Transient,E,0,1,0
Others,Online TA,0,0,No Deposit,0,Transient,E,1,1,0
FRA,Aviation,0,1,No Deposit,0,Transient,A,0,0,0
FRA,Online TA,0,4,No Deposit,0,Transient,A,0,1,1
BEL,Online TA,0,2,No Deposit,0,Transient-Party,D,0,2,0
ESP,Groups,0,4,No Deposit,0,Transient-Party,A,0,2,0
PRT,Complementary,0,1,No Deposit,0,Transient,B,0,0,0
PRT,Direct,0,0,No Deposit,0,Transient-Party,F,1,1,0
BEL,Direct,0,2,No Deposit,0,Transient-Party,B,0,1,0
ESP,Corporate,0,1,No Deposit,0,Transient,D,0,0,0
DNK,Offline TA/TO,0,1,No Deposit,0,Transient-Party,A,0,0,0
Others,Online TA,0,1,No Deposit,0,Transient,A,0,3,0
BRA,Offline TA/TO,0,1,No Deposit,0,Transient-Party,E,0,0,0
PRT,Direct,0,5,No Deposit,6,Transient-Party,A,0,0,0
Others,Direct,0,2,No Deposit,0,Transient,A,0,1,0
Others,Direct,0,1,No Deposit,0,Transient,D,0,0,0
BEL,Online TA,0,0,No Deposit,0,Transient-Party,D,1,1,0
CHE,Direct,0,0,No Deposit,0,Transient,G,0,3,0
AUT,Online TA,0,0,No Deposit,0,Transient,E,0,1,1
GBR,Direct,0,1,No Deposit,0,Transient,E,0,1,1
Others,Direct,0,0,No Deposit,0,Transient,A,0,2,0
Others,Direct,0,0,No Deposit,0,Transient,F,0,0,1
USA,Direct,0,2,No Deposit,0,Transient,E,0,0,0
PRT,Offline TA/TO,0,1,No Deposit,0,Transient-Party,D,0,0,1
Others,Online TA,0,0,No Deposit,0,Transient,A,0,2,0
PRT,Online TA,0,0,No Deposit,0,Contract,F,0,3,0
PRT,Online TA,1,0,No Deposit,0,Group,A,0,0,1
PRT,Groups,1,0,No Deposit,31,Transient-Party,A,0,0,1
PRT,Direct,0,2,No Deposit,0,Transient,G,0,3,0
CHN,Online TA,0,1,No Deposit,0,Transient,A,0,4,0
Others,Online TA,0,0,No Deposit,0,Transient,E,0,0,1
ISR,Online TA,0,0,No Deposit,0,Transient-Party,A,0,0,1
FRA,Online TA,0,1,No Deposit,0,Group,B,0,2,0
NLD,Online TA,0,3,No Deposit,0,Transient,F,0,1,1
AUT,Direct,0,0,No Deposit,0,Transient,A,0,1,0
PRT,Corporate,0,2,No Deposit,0,Transient-Party,D,0,0,1
Others,Online TA,0,0,No Deposit,0,Transient,A,0,0,0
Others,Direct,0,1,No Deposit,0,Transient,A,0,1,0
Others,Direct,0,0,No Deposit,0,Transient,A,0,1,0
ESP,Offline TA/TO,0,0,No Deposit,0,Group,A,0,2,0
PRT,Corporate,0,0,No Deposit,0,Transient,E,0,2,1
BEL,Groups,0,1,No Deposit,0,Transient,A,0,0,0
CHE,Online TA,0,0,No Deposit,0,Contract,A,0,0,0
CN,Online TA,0,1,No Deposit,0,Transient-Party,A,0,1,0
USA,Online TA,0,1,No Deposit,0,Contract,A,0,1,0
CN,Direct,0,0,No Deposit,0,Transient,E,0,1,0
PRT,Direct,1,0,No Deposit,0,Transient,A,0,2,0
Others,Direct,0,0,No Deposit,0,Transient,A,0,0,0
CN,Online TA,0,0,No Deposit,0,Transient,D,0,3,0
PRT,Offline TA/TO,0,0,No Deposit,0,Transient-Party,G,0,0,1
ESP,Online TA,0,0,No Deposit,0,Contract,F,0,1,0
DEU,Online TA,0,1,No Deposit,0,Transient,E,0,0,1
CHE,Direct,0,0,No Deposit,0,Transient,D,0,1,0
RUS,Online TA,0,0,No Deposit,0,Transient,F,0,0,1
Others,Online TA,0,0,No Deposit,0,Transient,D,0,1,0
Others,Online TA,0,0,No Deposit,0,Transient,A,0,2,1
Others,Online TA,0,0,No Deposit,0,Transient,A,0,1,1
DEU,Offline TA/TO,0,0,No Deposit,0,Transient,F,0,1,0
PRT,Offline TA/TO,0,3,No Deposit,0,Transient-Party,E,0,0,0
Others,Online TA,0,2,No Deposit,0,Transient,D,0,1,1
CN,Online TA,0,0,No Deposit,0,Transient,D,1,2,0
USA,Online TA,0,2,No Deposit,0,Transient,E,0,3,0
CHE,Online TA,0,5,No Deposit,0,Transient,D,0,0,1
FRA,Offline TA/TO,0,1,No Deposit,0,Transient-Party,D,0,0,0
PRT,Direct,0,0,No Deposit,0,Transient-Party,E,0,1,1
USA,Offline TA/TO,0,1,No Deposit,0,Transient,A,0,0,0
PRT,Online TA,0,1,No Deposit,0,Transient,B,0,2,0
GBR,Online TA,0,3,No Deposit,0,Transient,A,0,1,1
Others,Online TA,0,0,No Deposit,0,Transient,C,0,2,1
CN,Corporate,0,1,No Deposit,0,Transient-Party,A,1,0,0
FIN,Online TA,0,2,No Deposit,0,Transient,F,0,3,0
FIN,Online TA,0,0,No Deposit,0,Transient-Party,H,1,0,0
GBR,Offline TA/TO,0,5,No Deposit,0,Transient,A,0,1,0
ITA,Offline TA/TO,0,1,No Deposit,0,Transient-Party,D,0,0,0
Others,Aviation,1,0,No Deposit,0,Transient,D,0,0,1
GBR,Direct,0,0,No Deposit,0,Transient,A,0,2,0
RUS,Online TA,0,0,No Deposit,0,Transient,D,0,0,0
PRT,Offline TA/TO,1,0,Non Refund,17,Transient,A,0,0,1
GBR,Offline TA/TO,0,0,No Deposit,0,Transient-Party,A,0,0,1
Others,Online TA,0,0,No Deposit,0,Transient,D,0,1,0
PRT,Online TA,0,0,No Deposit,0,Contract,A,0,3,1
PRT,Online TA,1,1,No Deposit,0,Transient,E,0,1,1
ESP,Online TA,0,0,No Deposit,0,Transient-Party,D,0,4,0
PRT,Offline TA/TO,0,0,No Deposit,0,Transient,D,1,2,0
NLD,Direct,0,1,No Deposit,0,Transient-Party,A,0,0,0
Others,Online TA,0,0,No Deposit,0,Contract,D,0,2,0
NLD,Direct,0,0,No Deposit,0,Transient,E,0,0,1
NOR,Online TA,0,0,No Deposit,0,Contract,F,0,1,0
NOR,Online TA,0,2,No Deposit,0,Transient-Party,A,0,1,0
Others,Online TA,0,1,No Deposit,0,Transient,F,0,0,0
CN,Online TA,0,2,No Deposit,0,Transient,A,1,2,0
PRT,Direct,0,3,No Deposit,0,Transient,E,1,1,0
PRT,Offline TA/TO,0,4,No Deposit,4,Transient-Party,A,0,1,0
CN,Direct,0,0,No Deposit,0,Transient,G,1,1,0
CN,Online TA,0,1,No Deposit,0,Transient,H,1,0,0
PRT,Complementary,0,1,No Deposit,0,Transient,A,1,2,0
BEL,Online TA,0,1,No Deposit,0,Transient,A,0,2,1
USA,Online TA,0,1,No Deposit,0,Contract,A,1,1,0
ESP,Corporate,0,1,No Deposit,0,Transient,G,1,2,0
CHE,Direct,0,1,No Deposit,0,Transient,A,1,1,0
CHN,Groups,0,0,No Deposit,0,Transient-Party,A,0,0,0
Others,Online TA,0,3,No Deposit,0,Transient,A,0,1,1
Others,Online TA,0,0,No Deposit,0,Transient,E,0,1,0
Others,Online TA,0,0,No Deposit,0,Transient,A,0,0,0
ESP,Online TA,0,8,No Deposit,0,Transient,F,0,0,1
CN,Direct,0,0,No Deposit,0,Transient,D,0,1,1
BEL,Online TA,0,1,No Deposit,0,Transient-Party,A,0,0,1
PRT,Offline TA/TO,0,0,No Deposit,0,Transient-Party,E,1,1,0
Others,Online TA,0,0,No Deposit,0,Transient,C,0,1,1
Others,Online TA,0,0,No Deposit,0,Contract,A,0,1,0
Others,Online TA,0,0,No Deposit,0,Transient,G,0,1,1
ITA,Online TA,0,0,No Deposit,0,Contract,F,0,1,0
BEL,Online TA,0,1,No Deposit,0,Transient-Party,D,0,1,0
Others,Online TA,0,2,No Deposit,0,Transient,A,0,1,0
Others,Online TA,0,0,No Deposit,0,Transient,A,0,0,0
IRL,Aviation,0,1,No Deposit,0,Transient,D,0,0,0
FIN,Offline TA/TO,0,0,No Deposit,0,Contract,E,0,1,0
FRA,Online TA,0,4,No Deposit,0,Transient,D,0,2,0
Others,Online TA,0,0,No Deposit,0,Transient,H,0,0,0
USA,Online TA,0,0,No Deposit,0,Transient-Party,A,0,0,0
GBR,Direct,0,0,No Deposit,0,Group,E,0,1,0
Others,Offline TA/TO,0,1,No Deposit,0,Transient,D,1,1,0
ESP,Corporate,0,1,No Deposit,15,Transient-Party,A,0,0,0
USA,Online TA,0,3,No Deposit,0,Transient,F,0,1,0
GBR,Groups,0,3,No Deposit,0,Transient-Party,D,0,1,0
Others,Online TA,0,1,No Deposit,0,Transient,A,0,2,0
POL,Online TA,0,1,No Deposit,0,Transient,F,0,1,0
Others,Online TA,0,1,No Deposit,0,Transient,A,0,0,0
GBR,Offline TA/TO,0,0,No Deposit,0,Transient,C,0,0,0
Others,Online TA,0,3,No Deposit,0,Transient-Party,E,1,2,0
PRT,Complementary,1,0,No Deposit,0,Transient,A,0,0,1
FRA,Online TA,0,1,No Deposit,0,Contract,F,0,1,0
ESP,Online TA,0,3,No Deposit,0,Transient,A,0,1,1
CHE,Direct,0,2,No Deposit,0,Transient,F,1,0,0
POL,Direct,0,0,No Deposit,0,Transient,H,1,1,0
Others,Online TA,0,0,No Deposit,0,Transient,D,1,0,0
SWE,Online TA,0,1,No Deposit,0,Transient,D,0,2,0
Others,Online TA,0,0,No Deposit,0,Transient,G,0,2,0
Others,Online TA,0,1,No Deposit,0,Transient,G,0,1,0
FRA,Offline TA/TO,0,0,No Deposit,25,Transient-Party,A,0,0,0
BEL,Online TA,0,1,No Deposit,0,Contract,A,1,1,0
BEL,Offline TA/TO,0,0,No Deposit,0,Transient,D,0,2,0
DNK,Online TA,0,1,No Deposit,0,Transient,B,0,1,1
PRT,Corporate,0,1,No Deposit,0,Contract,A,0,0,0
RUS,Online TA,0,1,No Deposit,0,Transient,D,0,0,0
CHE,Online TA,0,1,No Deposit,0,Transient,G,0,0,1
Others,Online TA,0,0,No Deposit,0,Transient,A,0,0,1
ITA,Online TA,0,1,No Deposit,0,Transient,B,0,1,1
PRT,Offline TA/TO,0,1,No Deposit,0,Transient,F,0,2,1
FRA,Online TA,0,1,No Deposit,0,Transient-Party,A,0,0,1
Others,Groups,0,0,No Deposit,0,Transient-Party,A,0,0,0
BEL,Online TA,0,1,No Deposit,0,Transient,D,0,0,0
Others,Online TA,0,0,No Deposit,0,Transient,A,0,2,1
ESP,Direct,0,1,No Deposit,0,Transient,A,0,1,1
PRT,Online TA,0,1,No Deposit,0,Transient,H,0,0,1
GBR,Online TA,0,1,No Deposit,0,Transient,E,1,0,0
FRA,Direct,0,2,No Deposit,0,Transient,D,0,0,0
PRT,Direct,0,1,No Deposit,0,Contract,A,1,2,0
ESP,Offline TA/TO,0,2,No Deposit,0,Transient,A,1,1,0
FRA,Direct,0,0,No Deposit,0,Transient-Party,B,0,0,0
DNK,Online TA,0,2,No Deposit,0,Transient,A,0,3,0
Others,Direct,0,4,No Deposit,0,Transient,A,0,0,0
CHN,Online TA,0,2,No Deposit,0,Transient,D,0,1,1
GBR,Direct,0,1,No Deposit,0,Transient,G,1,0,0
ISR,Online TA,0,1,No Deposit,0,Transient,D,0,4,0
Others,Direct,0,0,No Deposit,0,Transient-Party,E,0,1,0
PRT,Complementary,1,2,No Deposit,0,Transient,A,0,0,0
GBR,Groups,0,0,No Deposit,0,Transient-Party,A,0,3,0
Others,Online TA,0,1,No Deposit,0,Contract,D,0,2,0
USA,Corporate,0,0,No Deposit,0,Transient,A,0,1,0
Others,Offline TA/TO,0,0,No Deposit,0,Transient,A,0,0,0
USA,Direct,0,0,No Deposit,0,Transient-Party,E,0,3,0
PRT,Complementary,1,1,No Deposit,0,Transient,D,0,2,0
DEU,Online TA,0,0,No Deposit,0,Transient,G,0,1,0
ESP,Offline TA/TO,0,0,No Deposit,0,Contract,A,0,1,0
ESP,Online TA,0,0,No Deposit,0,Transient-Party,A,0,0,1
BEL,Groups,0,13,No Deposit,0,Transient-Party,A,0,1,0
AUT,Online TA,0,8,No Deposit,0,Transient-Party,F,0,0,1
CHN,Offline TA/TO,0,0,No Deposit,0,Transient-Party,A,0,2,0
PRT,Corporate,0,0,No Deposit,0,Contract,A,0,0,1
Others,Online TA,0,0,No Deposit,0,Transient,A,0,1,1
PRT,Offline TA/TO,1,0,No Deposit,0,Transient,A,0,2,1
PRT,Corporate,0,5,No Deposit,0,Transient,A,1,0,0
Others,Online TA,0,2,No Deposit,0,Transient-Party,A,0,1,0
FIN,Online TA,0,0,No Deposit,0,Contract,A,0,1,0
DEU,Direct,0,3,No Deposit,0,Transient,A,1,0,0
NOR,Online TA,0,4,No Deposit,0,Transient,A,0,1,0
ROU,Direct,0,0,No Deposit,0,Transient,A,0,1,0
IRL,Direct,0,1,No Deposit,0,Transient,C,0,0,0
CHN,Online TA,0,2,No Deposit,0,Transient,A,0,1,1
FIN,Direct,0,0,No Deposit,0,Transient,F,1,2,0
NLD,Online TA,0,4,No Deposit,0,Transient,A,0,1,1
Others,Online TA,0,0,No Deposit,0,Transient,A,0,0,1
ESP,Direct,0,1,No Deposit,0,Transient,A,1,3,0
GBR,Offline TA/TO,0,0,No Deposit,0,Group,D,0,3,0
PRT,Direct,0,0,No Deposit,0,Transient,G,1,1,0
BRA,Offline TA/TO,0,0,No Deposit,0,Transient,D,0,1,0
CHE,Direct,0,0,No Deposit,0,Transient,E,0,1,0
BRA,Online TA,0,2,No Deposit,0,Transient,A,0,4,0
PRT,Online TA,0,0,No Deposit,0,Contract,A,1,3,0
PRT,Direct,0,2,No Deposit,0,Transient,D,1,4,0
GBR,Groups,0,2,Non Refund,0,Transient-Party,A,1,0,0
Others,Corporate,0,1,No Deposit,0,Transient,A,0,0,0
ESP,Online TA,0,2,No Deposit,0,Transient,D,1,1,0
Others,Direct,0,1,No Deposit,0,Transient,A,0,3,0
Others,Online TA,0,0,No Deposit,0,Transient,D,0,2,0
CHN,Online TA,0,2,No Deposit,0,Transient,D,0,0,1
FRA,Corporate,0,2,No Deposit,0,Transient,A,0,0,0
GBR,Online TA,0,4,No Deposit,0,Transient,F,0,1,0
IRL,Direct,0,0,No Deposit,0,Transient,D,0,2,1
FIN,Online TA,0,0,No Deposit,0,Transient,E,0,2,0
ISR,Direct,0,3,No Deposit,0,Transient,D,0,2,0
BRA,Online TA,0,1,No Deposit,0,Transient-Party,B,0,0,1
CN,Online TA,0,1,No Deposit,0,Transient,A,0,2,0
ISR,Online TA,0,0,No Deposit,0,Group,A,0,1,0
IRL,Online TA,0,0,No Deposit,0,Transient-Party,A,0,1,1
Others,Direct,0,0,No Deposit,0,Transient,A,0,0,0
PRT,Online TA,11,0,No Deposit,0,Transient,A,1,1,0
Others,Online TA,0,0,No Deposit,0,Transient,D,0,1,0
DEU,Direct,0,3,No Deposit,0,Transient,D,0,1,0
USA,Offline TA/TO,0,0,No Deposit,0,Transient-Party,A,0,2,0
USA,Online TA,0,2,No Deposit,0,Transient,D,0,2,1
Others,Online TA,0,0,No Deposit,0,Transient,A,0,1,1
NOR,Online TA,0,1,No Deposit,0,Transient-Party,A,0,2,0
PRT,Online TA,0,1,No Deposit,0,Transient,C,0,0,0
Others,Groups,0,3,No Deposit,0,Transient-Party,A,0,1,0
Others,Online TA,0,1,No Deposit,0,Transient,E,0,0,0
NOR,Corporate,0,0,No Deposit,0,Transient-Party,A,0,0,0
DEU,Offline TA/TO,0,1,No Deposit,0,Transient-Party,A,0,2,0
ITA,Corporate,0,0,No Deposit,0,Transient,E,0,0,0
PRT,Direct,0,1,No Deposit,0,Transient-Party,E,0,4,0
FRA,Online TA,0,3,No Deposit,0,Transient-Party,A,1,2,0
GBR,Online TA,0,1,No Deposit,0,Transient-Party,A,0,0,1
PRT,Corporate,0,1,No Deposit,0,Transient,A,1,3,0
GBR,Direct,0,0,No Deposit,0,Transient,D,1,0,0
PRT,Corporate,2,0,No Deposit,0,Transient-Party,A,0,1,0
Others,Offline TA/TO,0,1,No Deposit,0,Transient,A,0,1,0
FRA,Offline TA/TO,0,2,No Deposit,0,Transient-Party,A,0,2,0
Others,Online TA,0,0,No Deposit,0,Transient,A,0,0,1
DEU,Online TA,0,1,No Deposit,0,Transient,E,0,1,0
PRT,Corporate,0,1,No Deposit,15,Transient-Party,A,0,0,0
Others,Offline TA/TO,0,0,No Deposit,0,Transient,A,0,0,0
PRT,Groups,0,2,No Deposit,0,Transient,B,0,2,1
PRT,Direct,0,0,No Deposit,0,Transient,H,0,1,0
CHE,Direct,0,1,No Deposit,0,Transient,E,0,0,0
CHE,Direct,0,0,No Deposit,0,Transient,A,1,0,0
ROU,Online TA,0,2,No Deposit,0,Transient,B,0,2,0
Others,Online TA,0,0,No Deposit,0,Transient,G,0,0,1
PRT,Online TA,0,2,No Deposit,0,Transient,D,1,4,0
PRT,Corporate,1,0,No Deposit,0,Transient,A,0,1,1
Others,Online TA,0,0,No Deposit,0,Transient,D,0,0,1
USA,Online TA,0,0,No Deposit,0,Transient-Party,C,0,2,0
Others,Groups,0,2,No Deposit,0,Transient-Party,A,0,0,0
PRT,Complementary,3,0,No Deposit,0,Transient,G,0,1,1
FRA,Direct,0,1,No Deposit,0,Transient,F,0,1,0
FRA,Direct,0,4,No Deposit,0,Transient,A,0,1,0
BRA,Online TA,0,0,No Deposit,0,Transient,G,0,0,0
SWE,Online TA,0,0,No Deposit,0,Transient,A,1,2,0
Others,Groups,0,1,No Deposit,0,Transient-Party,A,0,0,0
CHN,Online TA,0,0,No Deposit,0,Transient,D,1,1,0
PRT,Complementary,0,1,No Deposit,0,Transient,G,0,1,1
BEL,Online TA,0,0,No Deposit,0,Transient,G,0,3,0
Others,Offline TA/TO,0,1,No Deposit,0,Transient-Party,A,0,0,0
GBR,Direct,0,0,No Deposit,0,Transient,G,0,1,0
Others,Direct,0,1,No Deposit,0,Transient,E,1,0,0
CN,Direct,0,0,No Deposit,0,Transient,E,0,0,0
CHE,Online TA,0,0,No Deposit,0,Transient,B,0,1,0
GBR,Offline TA/TO,0,2,No Deposit,0,Transient,D,0,4,0
FRA,Direct,0,0,No Deposit,0,Transient-Party,E,0,1,0
PRT,Online TA,0,0,No Deposit,0,Group,D,0,1,1
Others,Online TA,0,0,No Deposit,0,Transient,A,1,3,0
Others,Online TA,0,0,No Deposit,0,Transient,A,0,0,0
NOR,Offline TA/TO,0,0,No Deposit,0,Transient,D,0,0,0
FRA,Online TA,0,0,No Deposit,0,Transient-Party,B,0,0,0
IRL,Online TA,0,0,No Deposit,0,Transient,B,0,1,0
Others,Online TA,0,0,No Deposit,0,Transient,D,0,1,0
PRT,Direct,0,0,No Deposit,0,Transient,F,0,3,1
Others,Online TA,0,0,No Deposit,0,Transient-Party,D,0,1,0
PRT,Online TA,0,0,No Deposit,0,Transient-Party,H,1,0,0
Others,Online TA,0,0,No Deposit,0,Transient,D,0,2,0
ROU,Offline TA/TO,0,0,No Deposit,0,Transient-Party,A,0,1,0
Others,Online TA,0,1,No Deposit,0,Transient,A,0,0,0
ESP,Online TA,0,2,No Deposit,0,Transient,F,0,2,0
Others,Groups,0,0,No Deposit,0,Transient-Party,A,0,0,0
Others,Corporate,0,2,No Deposit,0,Transient,A,0,0,0
Others,Online TA,0,0,No Deposit,0,Transient,D,0,1,1
DEU,Online TA,0,0,No Deposit,0,Transient-Party,B,0,1,1
PRT,Direct,0,1,No Deposit,0,Transient,C,1,1,0
RUS,Online TA,0,0,No Deposit,0,Transient,D,0,3,0
IRL,Direct,0,1,No Deposit,0,Transient,D,0,1,0
CHE,Offline TA/TO,0,1,No Deposit,0,Transient,A,0,0,0
BRA,Direct,0,2,No Deposit,0,Transient,A,0,2,0
PRT,Offline TA/TO,0,0,No Deposit,0,Transient,E,0,2,0
ROU,Offline TA/TO,0,1,No Deposit,0,Transient,A,0,1,0
ESP,Offline TA/TO,0,2,No Deposit,0,Transient-Party,D,0,1,0
CHE,Offline TA/TO,0,0,No Deposit,0,Transient-Party,E,0,0,0
BEL,Direct,0,0,No Deposit,0,Transient,E,0,1,0
PRT,Offline TA/TO,0,0,Non Refund,23,Transient,A,0,0,1
POL,Direct,0,1,No Deposit,0,Transient,E,0,0,0
GBR,Direct,0,0,No Deposit,0,Transient,B,0,1,1
GBR,Online TA,0,2,No Deposit,0,Transient-Party,D,0,1,0
SWE,Groups,0,0,No Deposit,0,Transient-Party,G,1,0,0
PRT,Groups,0,1,No Deposit,0,Transient,A,0,0,1
GBR,Direct,0,0,No Deposit,0,Transient-Party,A,0,0,1
Others,Online TA,0,0,No Deposit,0,Contract,A,0,2,0
Others,Online TA,0,0,No Deposit,0,Transient,A,0,0,1
SWE,Groups,0,2,No Deposit,0,Transient-Party,A,0,0,0
NLD,Online TA,0,1,No Deposit,0,Transient,D,0,2,0
POL,Online TA,0,1,No Deposit,0,Transient-Party,G,0,1,0
NOR,Direct,0,1,No Deposit,0,Transient,G,0,2,1
Others,Groups,0,0,No Deposit,0,Transient,A,0,0,0
USA,Direct,0,0,No Deposit,0,Transient,C,0,2,1
BEL,Offline TA/TO,0,0,No Deposit,0,Transient,A,1,0,0
CN,Online TA,0,2,No Deposit,0,Transient-Party,A,0,1,0
ITA,Online TA,0,0,No Deposit,0,Transient,A,0,4,0
GBR,Offline TA/TO,0,1,No Deposit,0,Contract,E,0,0,0
Others,Online TA,0,0,No Deposit,0,Transient,A,0,2,0
CHE,Direct,0,0,No Deposit,0,Transient-Party,A,0,1,0
PRT,Complementary,0,0,No Deposit,0,Transient,B,0,4,0
CHE,Online TA,0,0,No Deposit,0,Transient-Party,A,0,1,1
IRL,Direct,0,0,No Deposit,0,Transient,A,0,2,1
Others,Online TA,0,0,No Deposit,0,Transient,D,0,1,1
IRL,Online TA,0,0,No Deposit,0,Transient,A,1,0,0
Others,Online TA,0,0,No Deposit,0,Transient-Party,A,0,2,0
SWE,Groups,0,3,No Deposit,0,Transient,G,1,0,0
PRT,Groups,0,0,Non Refund,11,Transient,A,0,0,1
ESP,Online TA,0,4,No Deposit,0,Transient,A,1,1,0
Others,Online TA,0,1,No Deposit,0,Transient,A,0,2,0
Others,Direct,0,0,No Deposit,0,Transient,D,1,3,0
PRT,Direct,0,1,No Deposit,0,Transient,C,1,0,0
ESP,Online TA,0,3,No Deposit,0,Transient,A,0,2,0
FRA,Online TA,0,0,No Deposit,0,Transient,G,1,0,0
FRA,Online TA,0,0,No Deposit,0,Transient,H,1,1,0
ESP,Online TA,0,2,No Deposit,0,Transient,A,0,0,0
PRT,Offline TA/TO,1,1,No Deposit,0,Group,E,0,1,1
FRA,Direct,0,1,No Deposit,0,Transient,D,0,3,0
FRA,Offline TA/TO,0,0,No Deposit,0,Transient,B,0,2,0
PRT,Corporate,0,1,No Deposit,0,Group,G,0,0,1
PRT,Direct,0,0,No Deposit,0,Transient,G,0,2,1
PRT,Corporate,1,0,No Deposit,0,Transient-Party,A,1,1,0
PRT,Online TA,0,2,No Deposit,0,Transient,E,0,2,0
RUS,Online TA,0,2,No Deposit,0,Transient,D,0,2,0
CHE,Direct,0,1,No Deposit,0,Transient,F,0,0,0
ESP,Direct,0,1,No Deposit,0,Transient,D,0,3,1
PRT,Direct,1,0,No Deposit,0,Group,A,0,0,1
PRT,Offline TA/TO,0,0,Non Refund,59,Transient,A,0,0,1
Others,Online TA,0,0,No Deposit,0,Transient,A,0,1,0
IRL,Direct,0,1,No Deposit,0,Transient,A,0,2,0
DNK,Direct,0,1,No Deposit,0,Transient,A,0,0,0
PRT,Complementary,0,1,No Deposit,0,Transient,D,0,3,0
POL,Online TA,0,2,No Deposit,0,Transient,D,0,1,1
Others,Direct,1,1,No Deposit,0,Transient,A,0,1,1
USA,Online TA,0,0,No Deposit,0,Transient,D,0,4,0
PRT,Complementary,0,0,No Deposit,0,Transient,C,0,0,1
Others,Online TA,0,0,No Deposit,0,Transient,D,0,2,0
USA,Direct,0,2,No Deposit,0,Transient,E,1,1,0
PRT,Offline TA/TO,0,1,No Deposit,0,Contract,A,0,0,0
FRA,Online TA,0,0,No Deposit,0,Transient,E,0,4,0
Others,Online TA,0,1,No Deposit,0,Transient,D,0,1,0
IRL,Online TA,0,1,No Deposit,0,Transient,E,0,0,0
Others,Offline TA/TO,0,0,No Deposit,0,Transient,A,0,1,0
Others,Direct,0,0,No Deposit,0,Transient-Party,A,0,0,0
Others,Online TA,0,0,No Deposit,0,Transient,A,0,0,0
FRA,Direct,0,1,No Deposit,0,Transient-Party,A,0,0,0
ITA,Offline TA/TO,0,0,No Deposit,0,Transient,D,1,0,0
FRA,Corporate,0,0,No Deposit,0,Transient,A,0,0,1
DEU,Groups,0,1,No Deposit,60,Transient-Party,A,0,0,0
PRT,Corporate,0,0,No Deposit,0,Group,A,0,0,0
DNK,Direct,0,0,No Deposit,0,Transient,G,0,0,0
BEL,Groups,0,2,No Deposit,0,Transient-Party,A,1,0,0
BRA,Online TA,0,0,No Deposit,0,Transient,H,0,0,1
GBR,Offline TA/TO,0,1,No Deposit,0,Transient,A,1,1,0
SWE,Online TA,0,1,No Deposit,0,Transient,B,0,1,0
DEU,Online TA,0,1,No Deposit,0,Transient,B,0,0,1
ESP,Direct,0,1,No Deposit,0,Transient-Party,A,0,0,0
PRT,Aviation,0,1,No Deposit,0,Transient,D,0,0,1
CHE,Online TA,0,0,No Deposit,0,Transient-Party,G,0,1,0
ESP,Offline TA/TO,0,1,No Deposit,0,Transient,F,0,0,0
Others,Offline TA/TO,0,0,No Deposit,0,Transient,A,0,0,0
Others,Online TA,0,0,No Deposit,0,Transient,A,0,0,0
RUS,Online TA,0,0,No Deposit,0,Transient,G,1,2,0
Others,Online TA,0,0,No Deposit,0,Transient-Party,B,0,1,0
Others,Online TA,0,0,No Deposit,0,Contract,A,0,1,0
Others,Direct,0,0,No Deposit,0,Transient,A,0,0,0
ITA,Corporate,0,1,No Deposit,0,Transient-Party,A,1,0,0
Others,Online TA,0,0,No Deposit,0,Transient,G,0,0,0
IRL,Online TA,0,2,No Deposit,0,Transient-Party,D,0,1,0
DNK,Direct,0,0,No Deposit,0,Transient,D,0,0,0
FRA,Direct,0,1,No Deposit,0,Group,E,0,0,0
PRT,Corporate,0,1,No Deposit,0,Transient,H,1,3,0
Others,Online TA,0,0,No Deposit,0,Transient,A,0,0,0
Others,Direct,0,0,No Deposit,0,Transient,G,0,0,0
PRT,Online TA,0,2,No Deposit,0,Transient,D,1,0,0
SWE,Online TA,0,0,No Deposit,0,Transient,B,0,1,0
PRT,Direct,0,1,No Deposit,0,Transient,G,0,3,0
ISR,Direct,0,1,No Deposit,0,Transient,A,0,0,0
Others,Online TA,0,0,No Deposit,0,Transient,E,0,1,1
PRT,Online TA,0,1,No Deposit,0,Contract,B,0,1,0
Others,Online TA,0,0,No Deposit,0,Contract,F,1,1,0
ESP,Online TA,0,2,No Deposit,0,Transient,G,1,0,0
Others,Online TA,0,0,No Deposit,0,Contract,A,0,3,0
Others,Online TA,0,0,No Deposit,0,Transient,D,0,1,1
ESP,Direct,0,0,No Deposit,0,Transient,C,0,0,0
NOR,Direct,0,1,No Deposit,0,Transient,D,0,0,0
Others,Corporate,0,0,No Deposit,0,Transient,A,0,0,0
ISR,Online TA,0,0,No Deposit,0,Transient,D,0,2,0
CHN,Online TA,0,0,No Deposit,0,Transient-Party,F,0,1,0
GBR,Direct,0,0,No Deposit,0,Transient,C,0,1,0
FRA,Offline TA/TO,0,0,No Deposit,0,Transient-Party,E,0,1,0
NOR,Online TA,0,0,No Deposit,0,Contract,A,0,2,0
ESP,Offline TA/TO,0,1,No Deposit,0,Transient-Party,D,0,1,0
CN,Online TA,0,1,No Deposit,0,Transient,A,0,1,1
FRA,Online TA,0,4,No Deposit,0,Transient,A,0,2,0
Others,Online TA,0,1,No Deposit,0,Transient,D,0,1,1
Others,Online TA,0,1,No Deposit,0,Contract,A,0,0,0
Others,Direct,0,0,No Deposit,0,Transient,F,0,1,0
PRT,Corporate,0,0,No Deposit,0,Transient-Party,D,0,0,1
GBR,Offline TA/TO,0,1,No Deposit,0,Contract,E,0,2,0
FIN,Direct,0,0,No Deposit,0,Transient,A,1,0,0
FRA,Online TA,0,0,No Deposit,0,Transient,D,0,5,0
BRA,Online TA,0,1,No Deposit,0,Transient,D,0,1,0
GBR,Offline TA/TO,0,0,No Deposit,0,Contract,D,0,5,0
PRT,Direct,0,1,No Deposit,0,Transient-Party,D,0,1,0
Others,Online TA,0,0,No Deposit,0,Transient,A,0,1,0
Others,Online TA,0,0,No Deposit,0,Transient-Party,E,0,2,0
PRT,Online TA,0,1,No Deposit,0,Contract,F,1,0,0
Others,Online TA,0,0,No Deposit,0,Transient,A,0,0,1
NLD,Offline TA/TO,0,1,No Deposit,0,Transient,A,0,1,0
Others,Offline TA/TO,0,1,No Deposit,0,Transient-Party,A,0,0,0
Others,Online TA,0,0,No Deposit,0,Transient,A,0,0,1
PRT,Direct,0,1,No Deposit,0,Transient,G,1,1,0
NOR,Online TA,0,0,No Deposit,0,Transient,F,0,3,0
DNK,Direct,0,0,No Deposit,0,Transient-Party,A,0,1,0
Others,Online TA,0,0,No Deposit,0,Transient,E,1,0,0
PRT,Direct,0,0,No Deposit,0,Transient,F,0,4,0
ESP,Direct,0,2,No Deposit,0,Transient,G,0,1,0
BEL,Offline TA/TO,0,0,No Deposit,0,Group,A,0,0,0
Others,Direct,0,0,No Deposit,0,Transient,D,0,0,1
DNK,Online TA,0,2,No Deposit,0,Transient,D,0,2,0
FIN,Groups,0,1,No Deposit,0,Transient-Party,A,0,0,0
Others,Online TA,0,0,No Deposit,0,Transient,A,0,1,0
ROU,Online TA,0,1,No Deposit,0,Transient,A,0,1,0
PRT,Online TA,0,1,No Deposit,0,Transient,G,0,1,1
Others,Online TA,0,0,No Deposit,0,Transient,F,0,0,1
Others,Online TA,0,1,No Deposit,0,Transient,E,1,3,0
SWE,Online TA,0,0,No Deposit,0,Transient,F,0,3,1
ESP,Online TA,0,1,No Deposit,0,Transient,F,0,1,0
DNK,Online TA,0,2,No Deposit,0,Transient,E,1,1,0
FRA,Online TA,0,1,No Deposit,0,Transient-Party,D,0,1,0
PRT,Complementary,0,0,No Deposit,0,Transient,B,0,0,0
GBR,Offline TA/TO,0,0,No Deposit,0,Group,E,0,1,0
PRT,Direct,0,0,No Deposit,0,Contract,A,1,2,0
CHE,Online TA,0,3,No Deposit,0,Transient,D,0,1,0
POL,Direct,0,2,No Deposit,0,Transient,C,0,0,0
PRT,Offline TA/TO,0,0,No Deposit,0,Transient,E,1,2,0
BRA,Groups,0,1,No Deposit,0,Transient-Party,D,0,0,0
ISR,Online TA,0,1,No Deposit,0,Transient-Party,D,0,0,0
FRA,Corporate,0,0,No Deposit,0,Transient,A,0,1,0
DEU,Corporate,0,0,No Deposit,0,Transient-Party,A,0,1,0
PRT,Direct,0,2,No Deposit,0,Transient,G,0,1,0
Others,Groups,0,0,No Deposit,0,Transient-Party,A,0,0,0
IRL,Online TA,0,6,No Deposit,0,Transient,G,0,1,1
NLD,Corporate,0,1,No Deposit,0,Transient-Party,A,0,0,0
GBR,Online TA,0,0,No Deposit,0,Transient,H,0,2,0
DEU,Online TA,0,1,No Deposit,0,Transient-Party,A,0,0,1
PRT,Direct,0,0,No Deposit,0,Transient-Party,B,1,1,0
GBR,Offline TA/TO,0,0,No Deposit,0,Transient-Party,A,1,0,0
GBR,Online TA,0,3,No Deposit,0,Transient,A,0,1,0
PRT,Corporate,0,1,No Deposit,0,Transient,G,1,2,0
FRA,Online TA,0,4,No Deposit,0,Transient,D,0,1,1
CHN,Online TA,0,0,No Deposit,0,Contract,A,0,1,0
DEU,Groups,0,0,No Deposit,0,Transient-Party,D,0,2,0
SWE,Online TA,0,0,No Deposit,0,Transient,F,0,2,0
IRL,Online TA,0,0,No Deposit,0,Transient-Party,E,0,0,1
IRL,Direct,0,0,No Deposit,0,Transient,F,0,1,0
FRA,Online TA,0,1,No Deposit,0,Transient,G,0,2,0
CHN,Groups,0,3,No Deposit,0,Transient-Party,D,0,2,0
FRA,Direct,0,1,No Deposit,0,Transient,E,1,1,0
IRL,Direct,0,1,No Deposit,0,Group,A,0,1,0
ESP,Online TA,0,0,No Deposit,0,Transient,D,0,4,0
FRA,Online TA,0,3,No Deposit,0,Transient,D,0,1,0
ROU,Online TA,0,1,No Deposit,0,Transient,E,0,1,0
ITA,Online TA,0,1,No Deposit,0,Transient,E,1,2,0
PRT,Complementary,0,0,No Deposit,0,Group,A,0,0,0
DNK,Online TA,0,0,No Deposit,0,Transient,A,0,3,0
ESP,Offline TA/TO,0,1,No Deposit,0,Contract,A,1,0,0
NLD,Online TA,0,1,No Deposit,0,Transient,B,0,1,0
FRA,Online TA,0,0,No Deposit,0,Group,C,0,1,0
ESP,Direct,0,2,No Deposit,0,Transient,A,1,1,0
Others,Offline TA/TO,0,1,No Deposit,0,Transient,A,0,0,0
ITA,Online TA,0,2,No Deposit,0,Transient,A,0,0,1
DEU,Online TA,0,0,No Deposit,0,Contract,B,0,2,0
ROU,Online TA,0,0,No Deposit,0,Transient,C,0,2,1
Others,Online TA,0,3,No Deposit,0,Transient,A,0,1,0
ESP,Online TA,0,0,No Deposit,0,Contract,A,1,0,0
DEU,Direct,0,2,No Deposit,0,Transient,A,1,2,0
CHE,Offline TA/TO,0,0,No Deposit,0,Transient-Party,A,0,0,0
Others,Corporate,0,0,No Deposit,0,Transient,A,0,0,0
Others,Direct,0,0,No Deposit,0,Transient,D,0,0,1
Others,Groups,0,1,No Deposit,25,Transient-Party,A,0,2,0
RUS,Online TA,0,1,No Deposit,0,Transient,G,0,0,0
SWE,Groups,0,0,No Deposit,14,Transient-Party,G,0,1,0
IRL,Direct,0,0,No Deposit,0,Transient,F,0,2,0
Others,Direct,0,0,No Deposit,0,Transient,A,0,0,0
PRT,Direct,0,1,No Deposit,0,Transient-Party,D,0,2,0
NOR,Online TA,0,1,No Deposit,0,Transient,D,0,1,0
BRA,Groups,0,1,No Deposit,0,Transient,D,0,1,0
RUS,Offline TA/TO,0,1,No Deposit,0,Transient-Party,A,0,0,0
PRT,Online TA,0,4,No Deposit,0,Transient,G,0,5,0
CHN,Direct,0,0,No Deposit,0,Transient,A,0,1,1
Others,Online TA,0,0,No Deposit,0,Transient,D,0,2,1
NOR,Online TA,0,1,No Deposit,0,Transient,A,0,3,0
PRT,Corporate,0,1,No Deposit,0,Transient,C,0,0,0
Others,Direct,0,0,No Deposit,0,Transient,C,0,0,0
POL,Groups,0,2,No Deposit,0,Transient,A,0,0,0
ROU,Online TA,0,0,No Deposit,0,Transient,F,0,2,0
Others,Online TA,0,1,No Deposit,0,Transient,A,0,2,0
PRT,Direct,0,2,No Deposit,0,Group,D,0,1,0
PRT,Online TA,0,0,No Deposit,0,Transient,A,1,4,0
IRL,Direct,0,0,No Deposit,0,Transient-Party,D,0,2,0
RUS,Direct,0,0,No Deposit,0,Transient,D,0,0,1
CN,Direct,0,2,No Deposit,0,Transient,D,0,0,0
PRT,Online TA,1,0,No Deposit,0,Transient,B,0,2,1
Others,Direct,0,2,No Deposit,0,Transient,E,0,0,1
BEL,Online TA,0,0,No Deposit,0,Transient-Party,A,0,0,1
PRT,Corporate,1,3,No Deposit,0,Transient,A,0,0,1
CN,Online TA,0,5,No Deposit,0,Transient,E,0,0,0
GBR,Offline TA/TO,0,1,No Deposit,0,Contract,D,0,3,0
GBR,Online TA,0,1,No Deposit,0,Transient,G,1,0,0
ESP,Online TA,0,1,No Deposit,0,Transient,G,1,0,0
ESP,Corporate,0,2,No Deposit,0,Transient-Party,A,0,0,0
SWE,Online TA,0,0,No Deposit,0,Transient,B,0,0,1
NOR,Online TA,0,1,No Deposit,0,Transient-Party,A,0,4,0
Others,Groups,0,1,No Deposit,0,Transient-Party,A,0,1,0
POL,Online TA,0,0,No Deposit,0,Transient,E,0,2,1
Others,Direct,0,0,No Deposit,0,Transient,A,1,0,0
DEU,Groups,0,1,No Deposit,11,Transient-Party,A,0,0,0
NLD,Online TA,0,2,No Deposit,0,Transient,D,0,3,1
POL,Online TA,0,2,No Deposit,0,Transient,F,1,1,0
RUS,Online TA,0,0,No Deposit,0,Transient,F,1,0,0
NLD,Online TA,0,2,No Deposit,0,Transient,A,1,1,0
ROU,Online TA,0,0,No Deposit,0,Transient,C,1,1,0
Others,Direct,0,0,No Deposit,0,Transient,A,0,0,0
Others,Offline TA/TO,0,0,No Deposit,0,Transient-Party,A,0,0,0
FRA,Online TA,0,1,No Deposit,0,Transient,G,0,1,1
PRT,Groups,0,0,Non Refund,22,Transient,A,0,0,1
Others,Groups,0,0,No Deposit,0,Transient-Party,A,0,0,0
CHE,Offline TA/TO,0,0,No Deposit,0,Contract,E,0,0,0
PRT,Offline TA/TO,0,0,No Deposit,31,Transient-Party,A,0,1,0
Others,Online TA,0,0,No Deposit,0,Transient,D,0,0,1
POL,Online TA,0,2,No Deposit,0,Transient,F,0,0,1
FRA,Online TA,0,0,No Deposit,0,Transient-Party,B,0,3,0
FRA,Online TA,0,1,No Deposit,0,Transient,E,1,0,0
PRT,Direct,0,1,No Deposit,0,Transient-Party,B,0,1,0
GBR,Online TA,0,0,No Deposit,0,Transient-Party,B,0,0,1
CN,Online TA,0,1,No Deposit,0,Transient,D,1,1,0
PRT,Groups,0,0,No Deposit,13,Transient-Party,A,0,1,0
GBR,Online TA,0,5,No Deposit,0,Transient,D,0,2,0
Others,Complementary,0,0,No Deposit,0,Transient,A,0,1,0
Others,Offline TA/TO,0,0,No Deposit,0,Transient,D,0,0,0
SWE,Groups,0,0,No Deposit,14,Transient-Party,A,0,0,0
CHN,Online TA,0,2,No Deposit,0,Transient,A,0,3,0
ESP,Direct,0,0,No Deposit,0,Transient-Party,A,1,2,0
Others,Online TA,0,0,No Deposit,0,Transient-Party,E,0,2,0
Others,Online TA,0,0,No Deposit,0,Transient,E,0,1,1
ESP,Online TA,0,0,No Deposit,0,Transient,G,0,4,0
Others,Online TA,0,0,No Deposit,0,Transient,E,0,2,0
DEU,Offline TA/TO,0,0,No Deposit,0,Transient-Party,A,0,3,0
ITA,Direct,0,0,No Deposit,0,Transient-Party,E,0,0,0
BEL,Direct,0,0,No Deposit,0,Transient,D,0,1,1
ROU,Online TA,0,0,No Deposit,0,Transient-Party,D,0,2,0
FRA,Direct,0,1,No Deposit,0,Transient,F,1,2,0
PRT,Groups,0,1,Refundable,0,Transient-Party,C,0,1,0
PRT,Online TA,2,0,No Deposit,0,Transient,G,0,2,1
GBR,Groups,0,0,No Deposit,0,Transient,E,0,0,0
DEU,Online TA,0,5,No Deposit,0,Transient,A,0,0,0
BEL,Online TA,0,0,No Deposit,0,Transient,D,1,1,0
ESP,Offline TA/TO,0,6,No Deposit,0,Transient-Party,A,0,0,0
PRT,Complementary,0,0,No Deposit,0,Transient,D,1,0,0
ESP,Online TA,0,3,No Deposit,0,Transient,D,0,2,0
Others,Direct,0,0,No Deposit,0,Transient-Party,G,0,2,0
PRT,Groups,0,3,No Deposit,0,Transient,D,0,0,0
PRT,Offline TA/TO,2,0,No Deposit,0,Transient,A,0,3,0
ITA,Online TA,0,7,No Deposit,0,Transient,A,0,0,0
Others,Online TA,0,2,No Deposit,0,Transient,A,0,0,1
Others,Online TA,0,0,No Deposit,0,Transient,D,0,1,1
PRT,Online TA,0,0,Non Refund,20,Transient,A,0,0,1
BEL,Direct,0,0,No Deposit,0,Transient,A,1,1,0
ESP,Direct,0,2,No Deposit,0,Transient-Party,A,0,0,0
NOR,Online TA,0,0,No Deposit,0,Transient,F,0,2,1
ROU,Offline TA/TO,0,0,No Deposit,0,Transient,E,0,1,0
PRT,Online TA,0,2,No Deposit,0,Transient-Party,D,0,3,0
PRT,Online TA,0,3,No Deposit,0,Transient,F,0,2,0
POL,Online TA,0,2,No Deposit,0,Transient,D,0,0,1
PRT,Groups,0,2,Refundable,0,Transient-Party,A,0,0,1
NLD,Online TA,0,3,No Deposit,0,Transient-Party,A,0,2,0
IRL,Groups,0,0,No Deposit,0,Transient-Party,D,0,2,0
PRT,Offline TA/TO,0,4,No Deposit,0,Transient-Party,D,0,0,0
BEL,Online TA,0,4,No Deposit,0,Transient,A,0,2,0
ITA,Offline TA/TO,0,4,No Deposit,0,Transient,A,0,0,0
FRA,Direct,0,3,No Deposit,0,Transient,A,0,1,1
PRT,Groups,0,0,No Deposit,48,Transient-Party,A,0,0,1
ESP,Direct,0,1,No Deposit,0,Transient,G,1,2,0
Others,Online TA,0,1,No Deposit,0,Transient,A,0,1,0
IRL,Online TA,0,2,No Deposit,0,Transient-Party,A,0,2,0
DEU,Online TA,0,4,No Deposit,0,Transient,D,0,1,0
ESP,Direct,0,1,No Deposit,0,Transient-Party,A,1,2,0
Others,Online TA,0,0,No Deposit,0,Transient,A,0,2,0
FRA,Online TA,0,1,No Deposit,0,Transient-Party,A,1,2,0
NOR,Online TA,0,0,No Deposit,0,Transient,B,0,0,1
IRL,Online TA,0,2,No Deposit,0,Transient,A,0,1,1
FRA,Offline TA/TO,0,1,No Deposit,0,Transient,A,1,0,0
NOR,Direct,0,0,No Deposit,0,Transient,A,1,1,0
NLD,Direct,0,0,No Deposit,0,Transient,F,1,0,0
BEL,Online TA,0,0,No Deposit,0,Contract,A,0,3,0
Others,Online TA,0,2,No Deposit,0,Transient,A,0,0,1
DEU,Online TA,0,0,No Deposit,0,Transient,D,0,3,1
ROU,Offline TA/TO,0,0,No Deposit,0,Transient,A,0,2,0
CHE,Direct,0,1,No Deposit,0,Transient,A,0,0,0
PRT,Corporate,0,3,No Deposit,0,Transient,A,1,1,0
Others,Online TA,0,2,No Deposit,0,Transient,D,0,3,0
FIN,Direct,0,0,No Deposit,0,Transient,D,0,0,0
NLD,Online TA,0,1,No Deposit,0,Transient,B,0,0,1
GBR,Groups,0,1,No Deposit,0,Transient-Party,A,0,2,0
BRA,Online TA,0,1,No Deposit,0,Transient,F,0,2,1
ESP,Online TA,0,0,No Deposit,0,Transient-Party,A,1,0,0
ITA,Direct,0,3,No Deposit,0,Transient,F,0,1,0
DEU,Online TA,0,2,No Deposit,0,Transient,A,0,4,0
Others,Online TA,0,2,No Deposit,0,Transient,E,0,2,1
ITA,Corporate,0,1,No Deposit,0,Transient,A,0,0,0
DEU,Offline TA/TO,0,1,No Deposit,0,Contract,A,1,1,0
Others,Online TA,0,0,No Deposit,0,Transient,E,0,3,0
IRL,Online TA,0,3,No Deposit,0,Transient,H,0,1,0
GBR,Online TA,0,0,No Deposit,0,Transient-Party,G,1,3,0
Others,Corporate,0,0,No Deposit,0,Transient-Party,A,0,0,0
IRL,Direct,0,0,No Deposit,0,Transient,H,0,0,0
IRL,Offline TA/TO,0,2,No Deposit,0,Transient,A,0,2,0
SWE,Corporate,0,0,No Deposit,0,Transient-Party,E,0,0,0
NLD,Direct,0,0,No Deposit,0,Transient-Party,A,0,0,0
Others,Online TA,0,0,No Deposit,0,Contract,A,0,3,0
Others,Online TA,0,0,No Deposit,0,Transient,G,1,2,0
Others,Online TA,0,0,No Deposit,0,Transient,D,0,0,0
ESP,Online TA,0,3,No Deposit,0,Transient,A,0,2,1
ITA,Online TA,0,0,No Deposit,0,Transient-Party,A,0,0,1
ESP,Online TA,0,0,No Deposit,0,Transient,E,0,3,0
Others,Direct,0,0,No Deposit,0,Transient,E,0,1,1
Others,Corporate,0,4,No Deposit,0,Transient,E,0,0,0
NLD,Direct,0,3,No Deposit,0,Transient,A,1,0,0
Others,Direct,0,0,No Deposit,0,Transient,F,0,0,1
PRT,Online TA,0,2,No Deposit,0,Transient,H,0,0,0
PRT,Direct,0,1,No Deposit,0,Transient,D,0,1,1
AUT,Direct,0,0,No Deposit,0,Transient-Party,A,0,3,0
Others,Direct,0,1,No Deposit,0,Transient,A,0,0,0
PRT,Offline TA/TO,0,0,No Deposit,0,Group,D,0,2,0
BEL,Groups,1,0,Non Refund,0,Transient,A,0,0,1
SWE,Online TA,0,1,No Deposit,0,Transient,F,1,1,0
Others,Online TA,0,0,No Deposit,0,Transient,F,0,3,1
AUT,Online TA,0,0,No Deposit,0,Transient,G,0,0,0
BRA,Online TA,0,2,No Deposit,0,Transient,A,0,2,1
GBR,Corporate,0,0,No Deposit,1,Transient-Party,A,0,0,0
Others,Online TA,0,0,No Deposit,0,Transient,E,0,1,1
PRT,Online TA,0,0,No Deposit,0,Transient,E,0,4,0
Others,Online TA,0,0,No Deposit,0,Transient,G,0,0,0
Others,Online TA,0,0,No Deposit,0,Transient,A,0,3,1
Others,Online TA,0,0,No Deposit,0,Transient-Party,A,0,0,0
PRT,Online TA,0,1,No Deposit,0,Contract,D,0,2,0
BEL,Online TA,0,0,No Deposit,0,Transient,F,0,2,1
CN,Offline TA/TO,0,1,No Deposit,0,Group,D,0,1,0
Others,Direct,0,0,No Deposit,0,Transient,F,1,0,0
Others,Online TA,0,0,No Deposit,0,Contract,A,0,2,0
ITA,Online TA,0,0,No Deposit,0,Contract,G,0,2,0
Others,Online TA,0,0,No Deposit,0,Transient,E,0,0,1
ESP,Online TA,0,1,No Deposit,0,Transient-Party,D,0,1,0
ESP,Online TA,0,2,No Deposit,0,Transient,D,0,1,0
Others,Online TA,0,0,No Deposit,0,Transient,A,1,1,0
IRL,Online TA,0,0,No Deposit,0,Transient,A,1,2,0
GBR,Online TA,0,2,No Deposit,0,Transient,G,0,1,1
NLD,Online TA,0,0,No Deposit,0,Transient-Party,D,0,2,0
GBR,Online TA,0,3,No Deposit,0,Transient,A,1,0,0
ESP,Offline TA/TO,0,0,No Deposit,9,Transient-Party,A,0,0,0
FRA,Offline TA/TO,0,1,No Deposit,43,Transient-Party,A,0,1,0
NLD,Online TA,0,0,No Deposit,0,Transient-Party,B,0,1,1
ISR,Online TA,0,0,No Deposit,0,Transient,F,0,0,1
Others,Direct,0,1,No Deposit,0,Transient,F,0,1,0
BEL,Online TA,0,2,No Deposit,0,Transient,D,0,1,0
PRT,Complementary,4,0,No Deposit,0,Transient-Party,D,0,3,1
Others,Online TA,0,0,No Deposit,0,Transient,D,0,1,1
FRA,Online TA,0,1,No Deposit,0,Contract,D,0,0,0
GBR,Offline TA/TO,0,0,No Deposit,0,Transient,E,0,0,1
Others,Offline TA/TO,0,1,No Deposit,0,Transient,A,0,0,1
PRT,Online TA,0,1,No Deposit,0,Transient-Party,D,0,2,0
AUT,Offline TA/TO,0,0,No Deposit,0,Transient,D,0,2,0
PRT,Corporate,3,0,No Deposit,0,Transient,E,0,0,1
PRT,Complementary,0,1,No Deposit,0,Transient,G,1,1,0
PRT,Online TA,0,1,No Deposit,0,Contract,F,0,2,1
ESP,Online TA,0,0,No Deposit,0,Transient,A,0,4,1
NLD,Offline TA/TO,0,0,No Deposit,0,Contract,A,0,2,0
PRT,Complementary,0,1,No Deposit,0,Transient,A,1,0,0
Others,Online TA,0,0,No Deposit,0,Transient,A,0,2,1
FRA,Direct,0,2,No Deposit,0,Transient,A,0,3,0
USA,Direct,0,0,No Deposit,0,Transient,D,0,2,0
PRT,Corporate,0,0,Non Refund,0,Transient,A,0,1,1
Others,Groups,0,1,No Deposit,0,Transient-Party,A,0,0,0
NOR,Online TA,0,1,No Deposit,0,Transient,A,0,2,1
PRT,Direct,0,1,No Deposit,0,Transient,B,0,1,1
FIN,Online TA,0,0,No Deposit,0,Transient,D,1,1,0
Others,Offline TA/TO,0,1,No Deposit,0,Transient,A,0,1,0
ITA,Online TA,0,1,No Deposit,0,Contract,A,0,1,0
DEU,Online TA,0,1,No Deposit,0,Transient,F,0,0,1
Others,Direct,0,0,No Deposit,0,Transient-Party,A,0,0,0
CHE,Online TA,0,1,No Deposit,0,Transient-Party,F,0,2,0
PRT,Groups,0,0,No Deposit,0,Transient,F,1,0,0
Others,Online TA,0,0,No Deposit,0,Transient,H,0,0,1
FRA,Online TA,0,2,No Deposit,0,Transient-Party,A,0,0,0
FRA,Direct,0,1,No Deposit,0,Transient-Party,G,0,1,0
Others,Groups,0,1,No Deposit,0,Transient-Party,A,0,0,0
USA,Direct,0,1,No Deposit,0,Transient,E,0,0,0
GBR,Groups,0,1,No Deposit,4,Transient-Party,E,0,0,0
ESP,Direct,0,0,No Deposit,0,Transient,A,0,3,0
Others,Online TA,0,0,No Deposit,0,Transient,F,0,2,1
NOR,Online TA,0,2,No Deposit,0,Transient-Party,A,0,5,0
PRT,Direct,1,0,No Deposit,0,Transient,E,0,3,1
Others,Online TA,0,0,No Deposit,0,Transient,F,0,0,1
PRT,Complementary,2,0,No Deposit,0,Transient,A,1,1,0
ISR,Online TA,0,5,No Deposit,0,Transient,A,0,3,1
Others,Groups,0,1,No Deposit,0,Transient-Party,A,0,0,0
Others,Offline TA/TO,0,1,No Deposit,0,Transient-Party,A,0,0,0
IRL,Direct,0,3,No Deposit,0,Transient-Party,D,0,0,0
BEL,Online TA,0,2,No Deposit,0,Transient,B,1,2,0
BEL,Online TA,0,1,No Deposit,0,Transient,E,0,1,0
Others,Online TA,0,0,No Deposit,0,Transient,D,0,3,1
BRA,Direct,0,0,No Deposit,0,Transient,D,1,1,0
AUT,Online TA,0,0,No Deposit,0,Transient,A,1,2,0
FRA,Online TA,0,1,No Deposit,0,Transient-Party,A,1,0,0
IRL,Offline TA/TO,0,0,No Deposit,0,Group,A,0,2,0
CN,Offline TA/TO,0,1,No Deposit,0,Transient,A,0,2,0
CHE,Online TA,0,1,No Deposit,0,Transient,E,0,0,1
CHE,Online TA,0,3,No Deposit,0,Transient-Party,A,0,0,0
Others,Online TA,0,0,No Deposit,0,Transient,D,0,1,0
Others,Online TA,0,1,No Deposit,0,Transient,A,0,1,1
ESP,Online TA,0,5,No Deposit,0,Transient-Party,E,0,2,0
Others,Direct,0,0,No Deposit,0,Transient,A,0,0,1
Others,Online TA,0,0,No Deposit,0,Transient,D,1,2,0
GBR,Online TA,0,0,No Deposit,0,Transient-Party,G,0,5,0
DEU,Offline TA/TO,0,2,No Deposit,0,Transient,A,0,1,0
ESP,Online TA,0,2,No Deposit,0,Transient,G,1,2,0
IRL,Direct,0,1,No Deposit,0,Transient,B,0,1,0
Others,Online TA,0,3,No Deposit,0,Transient,A,0,1,1
Others,Groups,0,0,Non Refund,2,Transient-Party,A,0,0,0
SWE,Online TA,0,3,No Deposit,0,Transient,E,0,1,0
RUS,Online TA,0,0,No Deposit,0,Transient,E,0,2,0
CN,Online TA,0,0,No Deposit,0,Transient-Party,A,0,2,0
DEU,Online TA,0,1,No Deposit,0,Contract,D,0,1,0
BRA,Online TA,0,0,No Deposit,0,Transient-Party,D,0,2,0
NLD,Online TA,0,2,No Deposit,0,Transient,F,0,1,0
Others,Groups,0,0,No Deposit,0,Transient,A,0,0,0
PRT,Direct,0,2,No Deposit,0,Group,A,0,0,0
Others,Online TA,0,3,No Deposit,0,Transient,A,0,3,0
ROU,Offline TA/TO,0,0,No Deposit,0,Contract,D,0,0,0
PRT,Corporate,0,1,No Deposit,0,Transient,D,1,2,0
SWE,Direct,0,0,No Deposit,0,Transient,H,1,3,0
GBR,Groups,0,2,No Deposit,20,Transient-Party,C,1,0,0
PRT,Corporate,0,0,No Deposit,0,Transient,A,1,3,0
BEL,Online TA,0,3,No Deposit,0,Transient-Party,F,0,3,1
Others,Direct,0,0,No Deposit,0,Transient,A,0,2,0
PRT,Online TA,0,1,No Deposit,0,Transient-Party,B,0,2,0
BEL,Groups,0,4,No Deposit,0,Transient,A,0,1,0
RUS,Groups,0,1,No Deposit,0,Transient-Party,A,0,0,0
ITA,Online TA,0,2,No Deposit,0,Transient,D,0,3,0
Others,Online TA,0,0,No Deposit,0,Transient-Party,A,0,0,0
AUT,Online TA,0,0,No Deposit,0,Transient,F,0,0,0
BRA,Online TA,0,1,No Deposit,0,Transient,F,0,0,0
BEL,Online TA,0,2,No Deposit,0,Transient,B,0,0,0
Others,Online TA,0,0,No Deposit,0,Transient,A,0,1,1
PRT,Corporate,0,0,No Deposit,0,Transient,D,0,1,1
CN,Offline TA/TO,0,0,No Deposit,0,Transient-Party,D,0,0,0
BEL,Online TA,0,2,No Deposit,0,Transient-Party,A,0,4,0
GBR,Groups,0,1,No Deposit,0,Transient-Party,C,0,0,0
Others,Direct,0,4,No Deposit,0,Transient,A,0,0,0
PRT,Online TA,1,1,No Deposit,0,Contract,A,0,1,1
PRT,Corporate,3,1,No Deposit,0,Transient,A,0,1,0
FIN,Online TA,0,0,No Deposit,0,Transient,E,0,0,0
GBR,Online TA,0,4,No Deposit,0,Transient,A,0,3,1
Others,Direct,0,0,No Deposit,0,Transient-Party,A,0,1,0
ESP,Online TA,0,3,No Deposit,0,Transient-Party,B,0,0,1
PRT,Direct,0,0,No Deposit,0,Transient,F,1,3,0
PRT,Offline TA/TO,0,2,No Deposit,0,Transient,A,0,1,0
Others,Online TA,0,1,No Deposit,0,Transient,D,0,1,1
ESP,Direct,0,0,No Deposit,0,Transient,E,1,2,0
GBR,Online TA,0,12,No Deposit,0,Transient,A,0,2,0
Others,Online TA,0,0,No Deposit,0,Transient,D,0,0,1
Others,Offline TA/TO,0,0,No Deposit,0,Transient,A,1,1,0
Others,Online TA,0,0,No Deposit,0,Transient,A,0,3,0
Others,Online TA,0,0,No Deposit,0,Transient,A,0,0,1
CHE,Online TA,0,0,No Deposit,0,Group,A,0,1,0
AUT,Online TA,0,0,No Deposit,0,Transient,A,0,3,1
DEU,Online TA,0,1,No Deposit,0,Group,A,0,2,0
DEU,Offline TA/TO,0,0,No Deposit,0,Transient,E,0,2,0
CHE,Online TA,0,1,No Deposit,0,Transient-Party,E,0,1,0
Others,Direct,0,0,No Deposit,0,Transient-Party,A,0,0,0
Others,Direct,0,3,No Deposit,0,Transient-Party,A,0,0,0
BEL,Online TA,0,0,No Deposit,0,Transient-Party,G,0,0,0
PRT,Complementary,0,0,No Deposit,0,Transient,E,1,0,0
Others,Online TA,0,0,No Deposit,0,Transient,E,0,0,0
BEL,Online TA,0,0,No Deposit,0,Contract,F,0,2,0
USA,Direct,0,0,No Deposit,0,Transient-Party,A,0,2,0
Others,Online TA,0,0,No Deposit,0,Transient,A,0,0,0
Others,Offline TA/TO,0,1,No Deposit,0,Transient,A,0,0,0
GBR,Direct,0,1,No Deposit,0,Transient,C,0,1,0
FRA,Online TA,0,1,No Deposit,0,Transient,F,0,1,1
PRT,Offline TA/TO,0,0,No Deposit,1,Transient,E,0,1,1
PRT,Direct,0,1,No Deposit,0,Transient,C,0,3,0
Others,Direct,0,0,No Deposit,0,Transient,G,1,0,0
ITA,Online TA,0,2,No Deposit,0,Transient,D,0,1,1
FRA,Direct,0,0,No Deposit,0,Transient,H,0,0,0
CHE,Online TA,0,2,No Deposit,0,Transient,A,0,0,1
AUT,Aviation,0,0,No Deposit,0,Transient,A,0,0,1
ISR,Groups,0,1,No Deposit,0,Transient-Party,A,0,2,0
ISR,Direct,0,0,No Deposit,0,Transient,D,0,0,0
ESP,Offline TA/TO,0,0,No Deposit,0,Transient,D,1,2,0
PRT,Direct,0,1,No Deposit,0,Transient-Party,A,0,3,1
AUT,Online TA,0,1,No Deposit,0,Transient,E,1,1,0
Others,Online TA,0,1,No Deposit,0,Transient,A,0,1,0
GBR,Online TA,0,6,No Deposit,0,Transient,A,0,1,1
FIN,Offline TA/TO,0,0,No Deposit,0,Contract,A,0,0,0
FIN,Online TA,0,2,No Deposit,0,Transient,E,0,2,0
GBR,Direct,0,0,No Deposit,0,Transient,D,0,1,1
PRT,Corporate,0,4,No Deposit,0,Transient-Party,A,0,0,0
DEU,Direct,0,0,No Deposit,0,Transient-Party,D,0,3,0
USA,Complementary,0,0,No Deposit,0,Group,A,0,0,0
Others,Online TA,0,1,No Deposit,0,Transient-Party,A,0,0,0
BRA,Online TA,0,2,No Deposit,0,Transient,A,1,1,0
GBR,Online TA,0,2,No Deposit,0,Transient,C,0,2,0
Others,Online TA,0,0,No Deposit,0,Transient,E,0,3,1
Others,Direct,0,0,No Deposit,0,Transient,H,0,0,0
Others,Online TA,0,1,No Deposit,0,Transient,A,0,0,1
GBR,Offline TA/TO,0,3,No Deposit,0,Contract,D,0,2,0
Others,Groups,0,3,No Deposit,0,Transient-Party,A,0,2,0
Others,Online TA,0,0,No Deposit,0,Transient,A,0,2,0
GBR,Direct,0,0,No Deposit,0,Transient-Party,E,1,1,0
IRL,Direct,0,3,No Deposit,0,Transient,D,0,0,1
IRL,Direct,0,0,No Deposit,0,Transient,G,0,4,0
POL,Online TA,0,3,No Deposit,0,Transient,A,1,2,0
NOR,Online TA,0,16,No Deposit,0,Transient,A,0,3,0
GBR,Online TA,0,1,No Deposit,0,Transient-Party,B,0,1,0
USA,Offline TA/TO,0,0,No Deposit,0,Transient,E,0,0,1
POL,Online TA,0,0,No Deposit,0,Transient,D,0,2,1
RUS,Direct,0,0,No Deposit,0,Transient,D,0,0,0
ESP,Online TA,0,0,No Deposit,0,Contract,F,1,0,0
Others,Online TA,0,0,No Deposit,0,Transient,D,0,1,0
PRT,Direct,1,0,No Deposit,0,Transient,E,0,1,0
GBR,Aviation,0,0,No Deposit,0,Transient,A,0,0,0
ITA,Direct,0,1,No Deposit,0,Transient,A,0,1,0
GBR,Complementary,0,0,No Deposit,0,Transient,A,0,1,0
AUT,Groups,0,0,No Deposit,0,Transient-Party,G,0,0,0
GBR,Online TA,0,3,No Deposit,0,Transient,D,0,1,0
Others,Offline TA/TO,0,0,No Deposit,0,Transient-Party,A,0,0,0
Others,Offline TA/TO,0,0,No Deposit,0,Transient,E,0,1,0
ESP,Online TA,0,6,No Deposit,0,Transient,A,0,3,0
ITA,Direct,0,2,No Deposit,0,Transient,A,0,1,0
BEL,Online TA,0,1,No Deposit,0,Transient,D,0,0,1
USA,Direct,0,0,No Deposit,0,Transient,F,1,1,0
PRT,Offline TA/TO,1,1,No Deposit,0,Contract,D,0,1,1
NOR,Online TA,0,0,No Deposit,0,Transient,A,0,3,0
Others,Direct,0,0,No Deposit,0,Transient,A,0,0,0
Others,Online TA,0,1,No Deposit,0,Transient,A,1,1,0
Others,Online TA,0,0,No Deposit,0,Transient,A,0,0,1
PRT,Online TA,0,3,No Deposit,0,Transient,D,0,1,1
Others,Online TA,0,0,No Deposit,0,Transient,E,0,2,0
PRT,Groups,0,3,Refundable,0,Transient-Party,A,0,0,0
CN,Online TA,0,1,No Deposit,0,Transient-Party,A,0,2,0
Others,Online TA,0,0,No Deposit,0,Transient,E,1,1,0
DEU,Online TA,0,2,No Deposit,0,Transient,E,0,1,0
Others,Online TA,0,1,No Deposit,0,Transient,A,0,2,0
CHE,Online TA,0,3,No Deposit,0,Transient,B,0,2,1
AUT,Online TA,0,3,No Deposit,0,Transient-Party,F,0,2,0
AUT,Online TA,0,2,No Deposit,0,Transient,A,0,0,0
NLD,Online TA,0,0,No Deposit,0,Transient,E,0,1,1
Others,Online TA,0,0,No Deposit,0,Transient,D,0,2,0
Others,Offline TA/TO,0,0,No Deposit,0,Transient-Party,A,0,0,0
GBR,Online TA,0,4,No Deposit,0,Transient-Party,B,0,0,0
ITA,Direct,0,4,No Deposit,0,Transient,A,0,1,0
CN,Online TA,0,1,No Deposit,0,Transient,G,1,0,0
FRA,Online TA,0,0,No Deposit,0,Transient-Party,D,0,2,0
Others,Online TA,0,2,No Deposit,0,Transient,A,0,0,1
FRA,Online TA,0,4,No Deposit,0,Transient,D,1,1,0
BRA,Online TA,0,0,No Deposit,0,Transient,H,0,0,0
Others,Online TA,0,0,No Deposit,0,Transient,A,0,3,0
FRA,Groups,0,1,No Deposit,48,Transient-Party,A,0,1,0
NLD,Online TA,0,0,No Deposit,0,Transient,F,1,3,0
PRT,Groups,0,1,Non Refund,0,Transient-Party,E,0,0,1
GBR,Online TA,0,0,No Deposit,0,Contract,B,0,0,0
SWE,Direct,0,1,No Deposit,0,Transient,E,0,1,0
PRT,Online TA,2,0,No Deposit,0,Transient,A,0,3,1
PRT,Direct,1,3,No Deposit,0,Transient,A,0,0,0
FRA,Direct,0,0,No Deposit,0,Transient,H,1,0,0
CHN,Offline TA/TO,0,1,No Deposit,0,Transient-Party,A,0,0,0
FRA,Offline TA/TO,0,7,No Deposit,0,Transient-Party,A,0,0,0
GBR,Corporate,0,2,No Deposit,0,Group,A,0,1,0
PRT,Direct,0,1,No Deposit,0,Group,A,1,2,0
Others,Online TA,0,0,No Deposit,0,Transient,A,0,0,0
Others,Corporate,0,0,No Deposit,0,Transient,A,0,0,0
PRT,Offline TA/TO,0,0,No Deposit,0,Group,E,0,1,1
PRT,Direct,1,0,No Deposit,0,Transient,D,0,3,1
Others,Online TA,0,0,No Deposit,0,Transient,D,0,1,0
Others,Online TA,0,0,No Deposit,0,Transient,D,1,0,0
Others,Online TA,0,1,No Deposit,0,Transient,A,0,1,0
GBR,Direct,0,1,No Deposit,0,Group,A,0,0,0
GBR,Online TA,0,4,No Deposit,0,Transient-Party,A,0,1,0
USA,Direct,0,0,No Deposit,0,Transient,E,0,2,0
FRA,Direct,0,3,No Deposit,0,Transient,A,0,0,0
GBR,Online TA,0,0,No Deposit,0,Contract,F,0,2,0
DEU,Aviation,0,0,No Deposit,0,Transient,D,0,0,0
PRT,Online TA,0,0,No Deposit,0,Transient-Party,E,0,3,1
FIN,Groups,0,0,No Deposit,0,Transient-Party,A,0,0,0
USA,Online TA,0,0,No Deposit,0,Contract,D,0,2,0
NOR,Online TA,0,0,No Deposit,0,Transient,B,0,2,1
Others,Online TA,0,3,No Deposit,0,Transient-Party,A,1,2,0
GBR,Online TA,0,1,No Deposit,0,Transient,H,0,1,1
CN,Online TA,0,1,No Deposit,0,Transient,E,0,3,0
PRT,Offline TA/TO,2,0,No Deposit,0,Transient,A,0,2,0
FRA,Online TA,0,1,No Deposit,0,Transient-Party,D,0,0,0
CHE,Direct,0,0,No Deposit,0,Transient,B,0,2,0
Others,Online TA,0,0,No Deposit,0,Transient,A,0,2,1
BRA,Online TA,0,0,No Deposit,0,Transient,D,0,4,1
PRT,Corporate,3,1,No Deposit,0,Transient,A,0,0,0
Others,Online TA,0,0,No Deposit,0,Transient,A,0,0,1
USA,Online TA,0,0,No Deposit,0,Transient-Party,D,0,1,1
CHN,Online TA,0,4,No Deposit,0,Transient,D,0,3,1
SWE,Online TA,0,0,No Deposit,0,Transient,C,0,2,0
USA,Direct,0,4,No Deposit,0,Transient,A,0,2,0
GBR,Offline TA/TO,0,3,No Deposit,0,Group,G,0,1,0
ESP,Groups,0,1,No Deposit,0,Transient-Party,A,0,2,0
FIN,Online TA,0,0,No Deposit,0,Transient,G,1,0,0
CHN,Online TA,0,0,No Deposit,0,Transient,G,0,1,0
GBR,Direct,0,0,No Deposit,0,Transient,E,0,3,0
PRT,Groups,0,1,Non Refund,0,Transient-Party,A,0,0,1
PRT,Online TA,0,2,No Deposit,0,Transient,E,1,1,0
PRT,Offline TA/TO,0,7,No Deposit,0,Transient-Party,A,0,0,0
GBR,Direct,0,0,No Deposit,0,Transient,H,0,0,1
ITA,Groups,0,0,No Deposit,38,Transient-Party,A,0,1,0
CHE,Online TA,0,0,No Deposit,0,Transient-Party,C,1,2,0
BEL,Direct,0,0,No Deposit,0,Transient,A,0,1,1
GBR,Online TA,0,3,No Deposit,0,Transient,D,0,2,1
GBR,Online TA,0,10,No Deposit,0,Transient,A,0,3,0
PRT,Offline TA/TO,0,0,No Deposit,0,Contract,E,0,2,0
PRT,Corporate,0,2,No Deposit,0,Group,A,1,0,0
IRL,Online TA,0,3,No Deposit,0,Transient,A,0,1,0
PRT,Online TA,0,3,No Deposit,0,Transient,A,2,3,0
PRT,Online TA,0,3,No Deposit,0,Transient,E,0,3,0
Others,Online TA,0,0,No Deposit,0,Transient,A,0,1,0
IRL,Online TA,0,0,No Deposit,0,Contract,A,1,2,0
Others,Direct,0,0,No Deposit,0,Transient,D,0,1,1
BRA,Online TA,0,2,No Deposit,0,Transient,F,0,1,0
DEU,Direct,0,1,No Deposit,0,Transient,E,1,0,0
RUS,Direct,0,0,No Deposit,0,Transient,D,1,0,0
GBR,Offline TA/TO,0,2,No Deposit,0,Contract,E,0,1,0
ROU,Online TA,0,1,No Deposit,0,Transient,A,0,3,0
FRA,Offline TA/TO,0,0,No Deposit,0,Transient-Party,B,0,0,0
ITA,Aviation,0,2,No Deposit,0,Transient,D,0,0,0
Others,Direct,0,0,No Deposit,0,Transient,A,0,0,0
ESP,Online TA,0,0,No Deposit,0,Transient-Party,D,0,3,0
RUS,Direct,0,0,No Deposit,0,Transient,E,0,1,0
GBR,Complementary,0,7,No Deposit,0,Transient,F,0,1,0
BEL,Groups,0,9,No Deposit,0,Transient-Party,A,0,0,0
Others,Online TA,0,0,No Deposit,0,Transient,E,0,1,1
BEL,Offline TA/TO,0,0,No Deposit,0,Transient,A,0,4,0
ITA,Online TA,0,0,No Deposit,0,Transient,H,0,1,1
Others,Direct,0,0,No Deposit,0,Transient,G,0,0,0
Others,Direct,0,0,No Deposit,0,Transient,D,0,0,0
PRT,Online TA,0,0,No Deposit,0,Transient-Party,E,0,0,1
POL,Offline TA/TO,0,1,No Deposit,0,Contract,A,0,0,0
SWE,Direct,0,0,No Deposit,0,Transient,F,0,0,0
IRL,Online TA,0,0,No Deposit,0,Transient-Party,A,1,2,0
Others,Direct,0,0,No Deposit,0,Transient,A,0,0,1
RUS,Offline TA/TO,0,1,No Deposit,48,Transient-Party,A,0,0,0
Others,Online TA,0,1,No Deposit,0,Transient,E,0,0,0
Others,Direct,0,0,No Deposit,0,Transient,A,0,0,0
Others,Offline TA/TO,0,0,No Deposit,0,Transient,A,0,0,0
ROU,Online TA,0,0,No Deposit,0,Transient,E,1,2,0
PRT,Offline TA/TO,0,1,No Deposit,0,Transient-Party,D,0,2,0
PRT,Offline TA/TO,0,3,No Deposit,0,Transient-Party,A,0,0,0
PRT,Direct,0,3,No Deposit,0,Transient,D,0,1,0
Others,Online TA,0,0,No Deposit,0,Transient,D,0,0,1
Others,Online TA,0,0,No Deposit,0,Transient,E,0,0,1
Others,Online TA,0,1,No Deposit,0,Transient,D,0,1,0
Others,Online TA,0,0,No Deposit,0,Transient,A,0,2,0
Others,Offline TA/TO,0,0,No Deposit,0,Transient,E,1,0,0
BEL,Online TA,0,2,No Deposit,0,Transient-Party,A,1,1,0
NLD,Groups,0,6,No Deposit,0,Transient-Party,A,0,0,0
PRT,Direct,0,3,No Deposit,0,Transient,A,0,2,0
DEU,Offline TA/TO,0,0,No Deposit,0,Transient,B,0,0,0
ROU,Offline TA/TO,0,1,No Deposit,0,Transient,D,1,1,0
GBR,Online TA,0,0,No Deposit,0,Transient-Party,E,0,0,1
CHE,Online TA,0,0,No Deposit,0,Group,A,0,0,0
PRT,Direct,1,0,No Deposit,0,Transient-Party,A,0,0,1
ISR,Direct,0,0,No Deposit,0,Transient,A,0,0,1
CN,Direct,0,0,No Deposit,0,Transient,D,0,1,0
Others,Online TA,0,0,No Deposit,0,Group,A,0,1,0
SWE,Online TA,0,2,No Deposit,0,Transient,E,0,1,1
ITA,Online TA,0,0,No Deposit,0,Transient,G,0,1,0
PRT,Groups,0,2,Non Refund,0,Transient-Party,A,0,0,0
Others,Direct,0,0,No Deposit,0,Transient,E,0,2,0
BRA,Corporate,0,0,No Deposit,0,Transient-Party,E,0,0,0
CHN,Online TA,0,1,No Deposit,0,Transient,A,0,0,0
Others,Online TA,0,0,No Deposit,0,Transient,D,0,2,0
BEL,Aviation,0,1,No Deposit,0,Transient,E,0,0,0
BRA,Online TA,0,0,No Deposit,0,Transient,F,1,1,0
NLD,Online TA,0,0,No Deposit,0,Contract,A,1,1,0
CHE,Complementary,0,0,No Deposit,0,Transient,F,0,1,0
PRT,Offline TA/TO,0,0,No Deposit,0,Group,A,1,1,0
ITA,Online TA,0,0,No Deposit,0,Transient,H,1,0,0
NLD,Online TA,0,1,No Deposit,0,Transient,A,0,2,1
CHE,Direct,0,0,No Deposit,0,Transient,E,1,0,0
PRT,Groups,0,0,No Deposit,0,Transient,D,0,1,0
FRA,Direct,0,2,No Deposit,0,Transient,F,0,1,0
PRT,Online TA,1,0,No Deposit,0,Transient,C,0,1,1
DEU,Direct,0,1,No Deposit,0,Transient,A,0,3,0
PRT,Complementary,0,1,No Deposit,0,Transient,A,0,4,0
GBR,Online TA,0,0,No Deposit,0,Group,A,0,1,0
PRT,Groups,0,1,No Deposit,34,Transient-Party,A,0,0,0
Others,Corporate,0,0,No Deposit,0,Transient,A,0,0,0
USA,Offline TA/TO,0,1,No Deposit,0,Transient-Party,A,0,0,0
PRT,Direct,0,4,No Deposit,0,Transient,G,0,1,0
PRT,Direct,0,3,No Deposit,0,Transient-Party,A,0,3,0
Others,Online TA,0,2,No Deposit,0,Transient,A,0,1,0
ESP,Direct,0,0,No Deposit,0,Transient,C,0,1,0
Others,Corporate,0,0,No Deposit,0,Transient-Party,A,0,1,0
USA,Online TA,0,2,No Deposit,0,Transient,A,0,2,1
FRA,Direct,0,2,No Deposit,0,Transient,A,1,2,0
PRT,Complementary,0,1,No Deposit,0,Transient,D,1,2,0
BEL,Offline TA/TO,0,0,No Deposit,0,Transient,A,0,3,0
Others,Online TA,0,2,No Deposit,0,Transient,A,0,2,0
BEL,Online TA,0,0,No Deposit,0,Transient,F,0,0,1
USA,Online TA,0,2,No Deposit,0,Transient,D,0,1,1
BEL,Online TA,0,0,No Deposit,0,Transient,A,0,5,0
POL,Online TA,0,0,No Deposit,0,Transient,A,0,3,1
USA,Direct,0,2,No Deposit,0,Transient,E,0,2,0
Others,Online TA,0,0,No Deposit,0,Transient,A,0,1,1
DEU,Online TA,0,1,No Deposit,0,Transient,A,0,0,1
BRA,Offline TA/TO,0,0,No Deposit,0,Transient,D,0,2,0
Others,Groups,0,0,No Deposit,0,Transient-Party,A,0,1,0
ESP,Offline TA/TO,0,0,No Deposit,0,Transient,D,1,3,0
IRL,Groups,0,3,No Deposit,0,Transient-Party,A,0,1,0
GBR,Online TA,0,2,No Deposit,0,Transient,A,1,2,0
SWE,Online TA,0,1,No Deposit,0,Transient,C,0,3,0
Others,Offline TA/TO,0,2,No Deposit,0,Transient,A,0,0,0
DEU,Offline TA/TO,0,1,No Deposit,0,Transient-Party,A,0,3,0
FRA,Direct,1,0,No Deposit,0,Transient,A,0,1,1
AUT,Online TA,0,6,No Deposit,0,Transient,A,0,1,0
Others,Offline TA/TO,0,0,No Deposit,0,Transient,A,0,0,0
Others,Offline TA/TO,0,3,No Deposit,0,Transient-Party,A,0,0,0
FRA,Direct,0,0,No Deposit,0,Transient,D,0,4,0
Others,Online TA,0,0,No Deposit,0,Transient,A,0,0,1
PRT,Online TA,0,1,No Deposit,0,Transient,D,0,2,1
ITA,Groups,0,4,No Deposit,0,Transient-Party,A,0,0,0
DEU,Groups,0,0,No Deposit,0,Contract,A,0,1,0
POL,Online TA,0,0,No Deposit,0,Transient,B,0,1,1
PRT,Complementary,0,0,No Deposit,0,Transient,G,0,4,0
Others,Online TA,0,1,No Deposit,0,Transient,D,0,1,1
ESP,Direct,0,0,No Deposit,0,Transient,G,0,1,0
CN,Online TA,0,3,No Deposit,0,Transient,D,0,1,0
PRT,Direct,0,1,No Deposit,0,Transient-Party,C,0,1,0
ITA,Offline TA/TO,0,2,No Deposit,0,Contract,A,0,2,0
Others,Online TA,0,1,No Deposit,0,Transient,E,0,1,0
Others,Online TA,0,0,No Deposit,0,Transient,A,0,0,1
SWE,Groups,0,4,No Deposit,0,Transient-Party,E,1,0,0
Others,Online TA,0,0,No Deposit,0,Transient,C,1,0,0
Others,Online TA,0,0,No Deposit,0,Transient,E,1,1,0
DNK,Online TA,0,2,No Deposit,0,Transient,A,0,1,0
ITA,Online TA,0,1,No Deposit,0,Transient-Party,A,1,2,0
BEL,Groups,0,0,No Deposit,0,Transient,E,0,3,0
Others,Direct,0,1,No Deposit,0,Transient,D,0,0,0
PRT,Online TA,0,1,No Deposit,0,Transient,E,1,3,0
Others,Groups,0,2,No Deposit,0,Transient-Party,A,0,1,0
ITA,Offline TA/TO,0,0,No Deposit,0,Transient,D,0,1,0
GBR,Online TA,0,0,No Deposit,0,Transient,G,0,3,0
FRA,Online TA,0,1,No Deposit,0,Transient-Party,F,1,0,0
FRA,Direct,0,0,No Deposit,0,Transient,E,1,2,0
ESP,Online TA,0,0,No Deposit,0,Contract,A,1,1,0
FRA,Online TA,0,0,No Deposit,0,Transient-Party,B,1,1,0
ITA,Online TA,0,0,No Deposit,0,Contract,A,0,0,0
Others,Offline TA/TO,0,1,No Deposit,0,Transient-Party,A,0,0,0
PRT,Groups,0,0,No Deposit,0,Transient-Party,G,0,1,0
Others,Offline TA/TO,0,1,No Deposit,0,Transient,A,0,1,0
PRT,Offline TA/TO,0,1,No Deposit,0,Transient,D,0,2,0
CN,Direct,0,0,No Deposit,0,Transient,E,0,2,0
ESP,Direct,0,0,No Deposit,0,Transient,G,0,0,1
NLD,Online TA,0,1,No Deposit,0,Transient,E,0,0,0
Others,Direct,0,0,No Deposit,0,Transient,A,0,1,1
AUT,Offline TA/TO,0,0,No Deposit,0,Transient-Party,D,0,1,0
Others,Direct,0,0,No Deposit,0,Transient,C,1,0,0
PRT,Direct,0,0,No Deposit,0,Transient-Party,F,1,0,0
PRT,Complementary,2,1,No Deposit,0,Transient,G,0,1,0
PRT,Online TA,0,0,No Deposit,0,Group,A,0,2,1
CHE,Online TA,0,1,No Deposit,0,Transient-Party,A,1,1,0
Others,Direct,0,1,No Deposit,0,Transient,D,0,1,0
Others,Groups,0,0,No Deposit,0,Transient-Party,A,0,0,0
ESP,Online TA,1,6,No Deposit,0,Transient,A,0,2,1
PRT,Complementary,0,1,No Deposit,0,Transient,D,0,2,0
PRT,Offline TA/TO,0,3,No Deposit,0,Transient,D,0,2,1
PRT,Complementary,0,3,No Deposit,0,Transient,G,0,1,0
AUT,Direct,0,1,No Deposit,0,Transient,A,0,0,0
CHE,Offline TA/TO,0,1,No Deposit,0,Transient,D,0,1,0
DNK,Online TA,0,0,No Deposit,0,Transient,E,1,1,0
IRL,Direct,0,2,No Deposit,0,Transient,E,0,1,0
SWE,Corporate,0,1,No Deposit,0,Transient-Party,A,0,0,0
ITA,Offline TA/TO,0,0,No Deposit,0,Contract,A,0,1,0
Others,Online TA,0,0,No Deposit,0,Transient,A,0,1,0
BRA,Online TA,0,1,No Deposit,0,Transient,F,0,2,0
PRT,Online TA,0,2,No Deposit,0,Transient,D,0,0,0
ESP,Offline TA/TO,0,3,No Deposit,0,Transient-Party,D,0,1,0
IRL,Online TA,0,0,No Deposit,0,Transient,C,0,0,0
FRA,Online TA,0,0,No Deposit,0,Transient,H,0,0,1
ITA,Online TA,0,0,No Deposit,0,Transient,G,0,2,0
ESP,Online TA,0,1,No Deposit,0,Transient,A,1,3,0
Others,Online TA,0,0,No Deposit,0,Transient,G,0,0,0
ESP,Direct,0,0,No Deposit,0,Transient,B,0,0,1
BEL,Online TA,0,0,No Deposit,0,Transient-Party,D,0,3,0
CHE,Offline TA/TO,0,0,No Deposit,0,Transient,B,0,1,0
BEL,Direct,0,0,No Deposit,0,Transient,A,0,2,1
PRT,Direct,0,0,No Deposit,0,Transient,A,0,4,1
Others,Groups,0,0,No Deposit,0,Transient-Party,A,1,1,0
FRA,Corporate,0,0,No Deposit,0,Transient,E,0,0,1
Others,Online TA,0,0,No Deposit,0,Transient,D,0,2,0
DEU,Online TA,0,3,No Deposit,0,Transient,A,0,2,0
Others,Online TA,0,2,No Deposit,0,Contract,A,0,2,0
Others,Offline TA/TO,0,1,No Deposit,0,Transient,D,0,0,0
GBR,Online TA,0,4,No Deposit,0,Transient-Party,A,0,1,1
POL,Offline TA/TO,0,0,No Deposit,0,Transient,D,0,1,0
USA,Online TA,0,5,No Deposit,0,Transient,A,0,2,0
DEU,Online TA,0,0,No Deposit,0,Transient-Party,B,0,0,0
USA,Online TA,0,1,No Deposit,0,Transient,C,0,2,0
PRT,Direct,0,0,No Deposit,0,Transient,G,0,1,1
Others,Online TA,0,1,No Deposit,0,Transient,A,0,0,1
PRT,Direct,0,0,No Deposit,0,Group,D,1,0,0
POL,Online TA,0,1,No Deposit,0,Transient,H,1,0,0
CN,Direct,0,1,No Deposit,0,Group,E,0,0,0
FRA,Online TA,0,0,No Deposit,0,Transient-Party,D,0,4,0
CHE,Online TA,0,0,No Deposit,0,Contract,A,0,3,0
ESP,Online TA,0,2,No Deposit,0,Transient,A,1,1,0
CHN,Direct,0,1,No Deposit,0,Transient,A,0,1,1
FRA,Online TA,0,6,No Deposit,0,Transient,D,0,3,0
SWE,Online TA,0,0,No Deposit,0,Transient,B,0,2,1
CHE,Offline TA/TO,0,0,No Deposit,0,Contract,A,0,0,0
GBR,Online TA,0,1,No Deposit,0,Transient,H,0,2,0
PRT,Online TA,0,0,No Deposit,0,Group,D,1,1,0
PRT,Corporate,0,0,Non Refund,0,Transient-Party,E,0,0,0
PRT,Corporate,0,3,No Deposit,0,Transient-Party,A,0,1,0
DEU,Corporate,0,2,No Deposit,0,Transient-Party,A,0,0,0
Others,Online TA,0,1,No Deposit,0,Transient,F,0,2,0
Others,Online TA,0,0,No Deposit,0,Transient,A,1,2,0
RUS,Online TA,0,2,No Deposit,0,Transient,D,0,1,0
PRT,Online TA,0,2,No Deposit,0,Transient,C,0,2,0
PRT,Aviation,0,0,No Deposit,0,Transient-Party,D,0,0,0
Others,Online TA,0,0,No Deposit,0,Transient,A,0,2,1
FIN,Offline TA/TO,0,0,No Deposit,0,Contract,A,0,2,0
FRA,Direct,0,1,No Deposit,0,Transient-Party,E,1,0,0
PRT,Direct,0,1,No Deposit,0,Transient,E,0,2,1
Others,Online TA,0,0,No Deposit,0,Transient,G,0,1,0
FIN,Aviation,0,0,No Deposit,0,Transient,D,0,0,0
PRT,Direct,0,3,No Deposit,0,Transient-Party,A,0,1,0
USA,Direct,0,1,No Deposit,0,Transient,D,0,0,0
ISR,Online TA,0,0,No Deposit,0,Transient,E,0,1,0
PRT,Direct,0,0,No Deposit,0,Transient,F,1,4,0
ITA,Online TA,0,1,No Deposit,0,Transient,A,1,0,0
FRA,Online TA,0,1,No Deposit,0,Contract,A,0,1,0
CHN,Online TA,0,0,No Deposit,0,Transient,E,0,2,0
Others,Online TA,0,0,No Deposit,0,Transient,D,0,1,1
PRT,Groups,0,0,No Deposit,0,Transient-Party,G,0,0,0
NLD,Direct,0,0,No Deposit,0,Transient,B,0,0,0
NLD,Online TA,0,1,No Deposit,0,Transient,E,1,0,0
Others,Online TA,0,0,No Deposit,0,Transient,D,0,1,1
GBR,Online TA,0,1,No Deposit,0,Transient,B,0,0,0
USA,Direct,0,3,No Deposit,0,Transient,E,0,2,0
ITA,Offline TA/TO,0,0,No Deposit,0,Contract,A,0,2,0
FRA,Offline TA/TO,0,1,No Deposit,0,Transient-Party,A,0,2,0
AUT,Online TA,0,0,No Deposit,0,Transient,D,1,0,0
IRL,Direct,0,1,No Deposit,0,Transient-Party,E,0,3,0
Others,Online TA,0,0,No Deposit,0,Transient,D,0,0,0
ESP,Direct,0,4,No Deposit,0,Transient,A,0,0,0
DEU,Online TA,0,0,No Deposit,0,Transient,B,0,4,0
Others,Online TA,0,1,No Deposit,0,Transient,D,0,0,1
BRA,Online TA,0,0,No Deposit,0,Transient,B,0,0,1
PRT,Direct,0,2,No Deposit,0,Transient,E,1,4,0
PRT,Online TA,0,1,No Deposit,0,Transient,A,1,3,0
POL,Direct,0,0,Non Refund,0,Transient-Party,A,0,0,0
ESP,Offline TA/TO,0,1,No Deposit,33,Transient-Party,A,0,0,0
Others,Online TA,0,0,No Deposit,0,Transient,F,0,0,1
ESP,Online TA,0,1,No Deposit,0,Transient,B,0,2,0
BEL,Online TA,0,1,No Deposit,0,Transient,B,0,0,0
BRA,Online TA,0,0,No Deposit,0,Transient,H,1,0,0
Others,Online TA,0,1,No Deposit,0,Transient,A,0,1,0
NLD,Direct,0,0,No Deposit,0,Transient,A,1,2,0
GBR,Groups,0,0,Refundable,0,Group,A,1,0,0
Others,Online TA,0,0,No Deposit,0,Transient,D,0,3,0
POL,Online TA,0,1,No Deposit,0,Transient,D,0,1,0
PRT,Online TA,0,2,No Deposit,0,Transient,F,0,0,1
PRT,Online TA,0,3,No Deposit,0,Transient,G,1,0,0
ESP,Online TA,0,1,No Deposit,0,Transient-Party,D,1,0,0
GBR,Online TA,0,4,No Deposit,0,Transient,A,0,1,0
PRT,Corporate,3,2,No Deposit,0,Transient-Party,A,0,0,0
Others,Groups,0,0,No Deposit,0,Transient-Party,A,0,0,0
PRT,Online TA,0,1,No Deposit,0,Transient,H,0,1,0
PRT,Online TA,0,8,No Deposit,0,Transient-Party,A,1,0,0
GBR,Online TA,0,0,No Deposit,0,Transient-Party,C,0,0,0
USA,Online TA,0,1,No Deposit,0,Transient,F,0,0,0
PRT,Corporate,2,1,No Deposit,0,Transient-Party,A,0,0,0
PRT,Online TA,0,2,No Deposit,0,Transient,C,0,1,0
Others,Online TA,0,0,No Deposit,0,Transient,A,0,1,1
FRA,Online TA,0,2,No Deposit,0,Transient,F,0,2,0
GBR,Direct,1,0,No Deposit,0,Group,C,0,2,1
IRL,Online TA,0,3,No Deposit,0,Transient-Party,E,0,1,1
POL,Online TA,0,2,No Deposit,0,Transient,E,0,1,0
CHN,Direct,0,1,No Deposit,0,Transient-Party,A,0,0,0
PRT,Online TA,0,0,No Deposit,0,Transient-Party,D,1,4,0
NOR,Direct,0,6,No Deposit,0,Transient,A,0,2,0
BEL,Direct,0,3,No Deposit,0,Transient,D,0,0,0
Others,Online TA,0,1,No Deposit,0,Transient,G,1,0,0
RUS,Online TA,0,1,No Deposit,0,Contract,A,0,1,0
Others,Online TA,0,0,No Deposit,0,Contract,A,0,1,0
DNK,Direct,0,0,No Deposit,0,Transient,C,0,4,0
Others,Direct,0,0,No Deposit,0,Transient,A,0,3,1
PRT,Direct,0,2,No Deposit,0,Transient-Party,A,0,2,0
Others,Online TA,0,4,No Deposit,0,Transient,A,0,1,1
PRT,Aviation,0,4,No Deposit,0,Transient,A,0,0,0
PRT,Direct,0,1,No Deposit,0,Transient-Party,G,0,0,1
BEL,Aviation,0,0,No Deposit,0,Transient,E,0,0,0
NLD,Online TA,0,3,No Deposit,0,Transient,D,0,0,1
RUS,Groups,0,0,No Deposit,0,Transient,A,0,0,0
Others,Direct,0,1,No Deposit,0,Transient,A,0,0,0
RUS,Online TA,0,1,No Deposit,0,Transient,F,0,1,0
PRT,Online TA,0,6,No Deposit,0,Transient,A,0,0,1
RUS,Online TA,0,0,No Deposit,0,Transient,F,0,1,1
Others,Online TA,0,0,No Deposit,0,Transient,A,0,0,1
Others,Online TA,0,0,No Deposit,0,Contract,A,1,2,0
DEU,Offline TA/TO,0,0,No Deposit,0,Transient,G,0,1,0
IRL,Groups,0,0,No Deposit,0,Transient,E,0,1,0
PRT,Groups,0,7,No Deposit,0,Transient,A,0,0,0
Others,Online TA,0,0,No Deposit,0,Transient,A,1,2,0
ESP,Direct,0,3,No Deposit,0,Transient,C,0,2,0
ISR,Online TA,0,0,No Deposit,0,Contract,A,0,1,0
USA,Direct,0,0,No Deposit,0,Transient,C,0,1,0
CHN,Online TA,0,4,No Deposit,0,Transient,A,0,0,1
ESP,Online TA,0,3,No Deposit,0,Transient,D,0,1,1
PRT,Direct,0,1,No Deposit,0,Transient,C,1,2,0
Others,Direct,0,1,No Deposit,0,Transient-Party,B,0,1,0
PRT,Online TA,0,4,No Deposit,0,Transient,A,0,1,1
FRA,Online TA,0,0,No Deposit,0,Transient-Party,D,1,0,0
GBR,Groups,0,1,No Deposit,0,Transient-Party,D,0,2,0
GBR,Online TA,0,4,No Deposit,0,Transient,D,0,0,1
USA,Direct,0,5,No Deposit,0,Transient,A,0,0,0
CN,Offline TA/TO,0,1,No Deposit,0,Transient-Party,A,0,0,0
PRT,Offline TA/TO,0,0,No Deposit,0,Transient,C,0,3,0
FRA,Online TA,0,1,No Deposit,0,Transient,F,1,0,0
ITA,Offline TA/TO,0,2,No Deposit,25,Transient-Party,A,0,0,0
USA,Online TA,0,1,No Deposit,0,Transient,A,0,1,1
CHE,Offline TA/TO,0,0,Non Refund,39,Transient,A,0,0,1
DEU,Groups,0,1,No Deposit,0,Contract,A,1,1,0
FIN,Online TA,0,1,No Deposit,0,Transient,D,0,3,1
CHE,Direct,0,0,No Deposit,0,Transient-Party,B,0,0,0
NLD,Online TA,0,2,No Deposit,0,Transient,F,1,1,0
Others,Online TA,0,1,No Deposit,0,Transient-Party,D,0,1,0
DEU,Online TA,0,1,No Deposit,0,Transient,E,0,2,1
ISR,Online TA,0,2,No Deposit,0,Transient,C,0,0,1
ESP,Offline TA/TO,0,3,No Deposit,0,Transient,C,0,3,0
CN,Online TA,0,0,No Deposit,0,Transient,E,0,2,1
Others,Online TA,0,0,No Deposit,0,Transient,G,1,2,0
Others,Groups,0,0,No Deposit,0,Transient-Party,A,0,0,0
PRT,Direct,0,2,No Deposit,0,Transient,E,1,1,0
DEU,Offline TA/TO,0,1,No Deposit,0,Transient-Party,D,1,1,0
GBR,Corporate,0,1,No Deposit,0,Transient-Party,D,0,0,0
ISR,Direct,0,2,No Deposit,0,Transient,A,0,1,0
Others,Online TA,0,0,No Deposit,0,Transient-Party,A,0,0,0
DEU,Offline TA/TO,0,0,No Deposit,0,Contract,E,1,0,0
Others,Online TA,0,0,No Deposit,0,Transient,D,0,0,0
BRA,Offline TA/TO,0,0,No Deposit,0,Transient,E,0,0,0
NLD,Direct,0,2,No Deposit,0,Transient,G,0,0,0
PRT,Groups,0,0,Non Refund,26,Transient,A,0,0,1
FRA,Direct,0,2,No Deposit,0,Transient-Party,F,0,0,0
Others,Online TA,0,0,No Deposit,0,Transient-Party,A,0,1,0
Others,Corporate,0,1,No Deposit,0,Transient-Party,G,0,0,0
Others,Online TA,0,0,No Deposit,0,Transient,D,0,1,1
PRT,Online TA,0,3,No Deposit,0,Transient,F,0,1,0
USA,Online TA,0,2,No Deposit,0,Transient,A,0,1,1
PRT,Corporate,1,0,No Deposit,0,Transient,D,1,2,0
ITA,Aviation,0,0,No Deposit,0,Transient,D,0,1,0
Others,Online TA,0,1,No Deposit,0,Transient,A,0,0,0
Others,Online TA,0,0,No Deposit,0,Transient,A,0,1,1
Others,Direct,0,0,No Deposit,0,Transient,A,0,2,0
DNK,Offline TA/TO,0,0,No Deposit,0,Transient,D,0,1,0
Others,Corporate,0,0,No Deposit,0,Transient,A,0,0,0
Others,Direct,0,0,No Deposit,0,Group,A,0,1,0
NLD,Online TA,0,0,No Deposit,0,Transient,G,1,1,0
PRT,Direct,0,2,No Deposit,0,Group,G,1,2,0
CHE,Online TA,0,0,No Deposit,0,Transient-Party,D,0,1,0
Others,Online TA,0,0,No Deposit,0,Transient,A,0,1,0
FRA,Direct,0,0,No Deposit,0,Transient,G,0,2,1
Others,Online TA,0,1,No Deposit,0,Transient,D,0,2,0
PRT,Offline TA/TO,0,2,No Deposit,0,Transient,D,0,1,1
PRT,Corporate,2,2,No Deposit,0,Transient,A,0,0,0
AUT,Groups,0,5,No Deposit,0,Transient-Party,A,0,0,0
PRT,Online TA,2,0,No Deposit,0,Transient,D,0,1,1
POL,Online TA,0,0,No Deposit,0,Transient,D,1,1,0
Others,Online TA,0,0,No Deposit,0,Transient,G,1,1,0
ESP,Online TA,0,0,No Deposit,0,Transient,C,0,4,0
Others,Online TA,0,0,No Deposit,0,Transient,G,0,1,0
NLD,Offline TA/TO,0,0,No Deposit,0,Contract,E,0,0,0
IRL,Direct,0,1,No Deposit,0,Transient,D,0,3,0
BRA,Corporate,0,1,No Deposit,0,Transient-Party,E,0,0,0
DEU,Online TA,0,1,No Deposit,0,Transient-Party,B,0,1,0
Others,Online TA,0,0,No Deposit,0,Transient,A,0,1,1
FRA,Direct,0,3,No Deposit,0,Transient,C,1,2,0
FRA,Direct,0,1,No Deposit,0,Transient,G,1,0,0
Others,Online TA,0,0,No Deposit,0,Transient,C,0,1,1
Others,Corporate,0,0,No Deposit,0,Transient-Party,A,0,0,0
Others,Online TA,0,0,No Deposit,0,Transient-Party,B,0,2,0
ESP,Direct,0,0,No Deposit,0,Transient,A,0,2,1
FRA,Offline TA/TO,0,3,No Deposit,0,Transient,A,0,0,0
GBR,Offline TA/TO,0,2,No Deposit,0,Contract,D,0,0,0
BEL,Online TA,0,1,No Deposit,0,Transient-Party,B,0,1,1
Others,Online TA,0,1,No Deposit,0,Transient,A,0,1,0
NOR,Online TA,0,2,No Deposit,0,Transient,A,0,2,1
NLD,Groups,0,2,No Deposit,0,Transient-Party,D,0,0,0
GBR,Groups,0,5,No Deposit,0,Transient-Party,A,1,0,0
RUS,Direct,0,1,No Deposit,0,Transient,A,0,0,0
IRL,Groups,0,4,No Deposit,0,Transient-Party,A,0,0,0
Others,Online TA,0,0,No Deposit,0,Transient,E,1,0,0
Others,Direct,0,0,No Deposit,0,Transient,D,0,0,0
IRL,Offline TA/TO,0,1,No Deposit,0,Group,G,0,0,0
ROU,Online TA,0,2,No Deposit,0,Transient,C,1,1,0
Others,Online TA,0,2,No Deposit,0,Transient,A,0,1,0
Others,Direct,0,4,No Deposit,0,Transient,A,0,1,0
Others,Direct,0,0,No Deposit,0,Transient,D,0,1,0
FRA,Direct,0,1,No Deposit,0,Transient-Party,D,0,2,0
NLD,Groups,0,4,No Deposit,0,Transient-Party,D,0,0,0
DEU,Online TA,0,2,No Deposit,0,Transient-Party,D,0,0,0
Others,Online TA,0,0,No Deposit,0,Transient,A,0,1,0
DEU,Direct,0,0,No Deposit,0,Transient-Party,D,1,0,0
NLD,Online TA,0,3,No Deposit,0,Transient,A,0,0,1
BEL,Groups,0,2,Refundable,0,Transient-Party,A,0,0,0
NLD,Direct,0,0,No Deposit,0,Transient,F,1,1,0
PRT,Groups,0,1,No Deposit,0,Contract,A,0,0,0
Others,Online TA,0,2,No Deposit,0,Contract,A,0,1,0
ITA,Groups,0,0,No Deposit,0,Transient-Party,A,1,0,0
NLD,Direct,0,0,No Deposit,0,Transient,E,0,2,0
Others,Online TA,0,0,No Deposit,0,Transient,E,0,1,1
ESP,Direct,0,0,No Deposit,0,Transient,F,1,2,0
DNK,Direct,0,1,No Deposit,0,Transient,E,0,0,1
ESP,Direct,0,0,No Deposit,0,Transient,E,0,1,1
FRA,Online TA,0,0,No Deposit,0,Transient-Party,B,0,0,1
Others,Online TA,0,0,No Deposit,0,Transient,A,0,2,0
CHN,Online TA,0,1,No Deposit,0,Transient,D,0,1,0
ITA,Groups,0,2,No Deposit,0,Transient-Party,B,0,1,0
ROU,Online TA,0,0,No Deposit,0,Transient,E,0,1,1
ESP,Offline TA/TO,0,1,Refundable,0,Transient-Party,A,0,0,0
PRT,Online TA,0,1,No Deposit,0,Transient,H,0,0,0
PRT,Corporate,3,0,No Deposit,0,Transient-Party,A,0,0,0
CN,Online TA,0,0,No Deposit,0,Transient,E,1,0,0
PRT,Corporate,0,0,No Deposit,0,Transient,E,0,1,1
ITA,Groups,0,1,No Deposit,0,Transient-Party,B,0,1,0
ITA,Online TA,0,0,No Deposit,0,Transient,C,0,0,1
Others,Online TA,0,0,No Deposit,0,Contract,A,0,1,0
Others,Online TA,0,1,No Deposit,0,Transient-Party,B,0,0,1
PRT,Direct,0,2,No Deposit,0,Transient,F,0,0,0
Others,Online TA,0,0,No Deposit,0,Transient,B,0,0,1
DEU,Offline TA/TO,0,0,No Deposit,0,Transient,A,1,1,0
GBR,Online TA,0,0,No Deposit,0,Transient-Party,E,1,1,0
Others,Direct,0,0,No Deposit,0,Transient,D,1,1,0
PRT,Online TA,0,2,No Deposit,0,Transient,A,0,3,0
Others,Groups,0,0,No Deposit,0,Transient-Party,A,0,0,0
NOR,Online TA,0,1,No Deposit,0,Transient,B,0,0,0
BRA,Online TA,0,1,No Deposit,0,Transient,B,0,1,0
BRA,Online TA,0,2,No Deposit,0,Transient,A,0,3,1
Others,Direct,0,0,No Deposit,0,Transient,E,1,0,0
GBR,Corporate,0,0,No Deposit,0,Transient,D,0,0,0
ESP,Online TA,0,6,No Deposit,0,Transient,D,1,1,0
Others,Online TA,0,0,No Deposit,0,Transient,A,0,0,1
POL,Groups,0,0,No Deposit,0,Transient-Party,A,1,0,0
Others,Online TA,0,1,No Deposit,0,Transient,D,0,1,1
DEU,Online TA,0,2,No Deposit,0,Group,A,0,1,0
Others,Online TA,0,5,No Deposit,0,Transient,A,0,0,0
ESP,Offline TA/TO,0,0,Refundable,0,Transient-Party,A,0,0,0
IRL,Direct,0,1,No Deposit,0,Transient,G,0,3,0
POL,Direct,0,1,No Deposit,0,Transient,A,0,1,0
Others,Direct,0,0,No Deposit,0,Transient,E,0,0,1
NLD,Online TA,0,0,No Deposit,0,Transient,E,1,1,0
CHN,Online TA,0,0,No Deposit,0,Transient,E,0,1,0
IRL,Online TA,0,5,No Deposit,0,Transient,A,0,1,0
BRA,Online TA,0,0,No Deposit,0,Transient-Party,A,0,0,1
BEL,Online TA,0,1,No Deposit,0,Transient,A,0,3,0
ROU,Online TA,0,1,No Deposit,0,Transient,A,0,0,1
GBR,Corporate,0,2,No Deposit,13,Transient-Party,A,0,0,0
BRA,Online TA,0,0,No Deposit,0,Transient,A,0,5,0
PRT,Offline TA/TO,0,0,No Deposit,43,Transient-Party,A,0,2,0
Others,Online TA,0,2,No Deposit,0,Transient,A,0,0,1
Others,Complementary,0,2,No Deposit,0,Transient,D,0,1,0
CHE,Online TA,0,0,No Deposit,0,Transient,A,0,4,0
GBR,Direct,0,0,No Deposit,0,Transient,F,0,2,0
Others,Direct,0,2,No Deposit,0,Transient-Party,A,0,0,1
IRL,Groups,0,1,No Deposit,0,Transient,D,0,1,0
FRA,Online TA,0,3,No Deposit,0,Transient-Party,A,0,0,0
ISR,Online TA,0,0,No Deposit,0,Transient,E,0,0,1
CHE,Online TA,0,2,No Deposit,0,Transient-Party,F,0,1,0
CN,Online TA,0,3,No Deposit,0,Transient,A,1,0,0
IRL,Online TA,0,16,No Deposit,0,Transient,A,0,1,1
PRT,Groups,0,2,No Deposit,49,Transient-Party,A,0,0,0
FRA,Direct,0,1,No Deposit,0,Transient,G,1,1,0
FRA,Online TA,0,5,No Deposit,0,Transient,D,0,2,0
DEU,Direct,0,1,No Deposit,0,Transient-Party,A,0,0,0
FRA,Direct,0,0,No Deposit,0,Transient-Party,D,0,1,0
USA,Direct,0,1,No Deposit,0,Transient,C,0,0,0
CHN,Direct,0,0,No Deposit,0,Transient,B,0,0,0
Others,Online TA,0,0,No Deposit,0,Transient,C,0,0,0
POL,Online TA,0,0,No Deposit,0,Transient-Party,H,0,0,1
ISR,Online TA,0,1,No Deposit,0,Transient,F,0,1,0
PRT,Online TA,0,1,No Deposit,0,Transient,E,0,3,1
PRT,Online TA,0,0,No Deposit,0,Group,A,1,1,0
ISR,Online TA,0,0,No Deposit,0,Transient,F,0,1,0
Others,Online TA,0,2,No Deposit,0,Transient,F,0,0,1
ESP,Online TA,0,0,No Deposit,0,Transient-Party,B,0,2,0
Others,Online TA,0,0,No Deposit,0,Transient-Party,B,0,0,1
PRT,Offline TA/TO,1,0,No Deposit,0,Transient,A,0,1,0
CN,Direct,0,0,No Deposit,0,Transient,G,0,3,1
IRL,Online TA,0,0,No Deposit,0,Transient,F,0,1,1
Others,Online TA,0,0,No Deposit,0,Transient,A,0,0,0
PRT,Complementary,0,2,No Deposit,0,Transient,G,1,4,0
CN,Online TA,0,0,No Deposit,0,Transient,A,1,2,0
IRL,Offline TA/TO,0,0,No Deposit,0,Transient-Party,A,0,2,0
PRT,Corporate,0,0,No Deposit,0,Group,A,0,1,0
AUT,Aviation,0,0,No Deposit,0,Transient,D,0,1,0
AUT,Groups,0,1,No Deposit,0,Transient-Party,D,0,1,0
NOR,Online TA,0,0,No Deposit,0,Transient,C,0,3,0
PRT,Corporate,0,2,No Deposit,0,Transient,A,0,2,1
Others,Online TA,0,0,No Deposit,0,Transient,E,0,2,0
SWE,Online TA,0,0,No Deposit,0,Transient-Party,D,0,1,0
ESP,Direct,0,1,No Deposit,0,Transient,C,0,2,0
USA,Offline TA/TO,0,1,No Deposit,0,Transient,D,0,0,0
DEU,Direct,0,2,No Deposit,0,Transient-Party,D,0,0,0
CHN,Online TA,0,0,No Deposit,0,Transient,A,1,1,0
PRT,Online TA,0,1,No Deposit,0,Contract,A,0,1,0
DEU,Direct,0,1,No Deposit,0,Transient,A,1,0,0
RUS,Online TA,0,1,No Deposit,0,Transient,A,1,2,0
Others,Corporate,0,0,No Deposit,0,Transient-Party,D,0,0,0
GBR,Offline TA/TO,0,0,No Deposit,0,Transient,D,1,1,0
FIN,Online TA,0,0,No Deposit,0,Transient,F,0,3,0
CHE,Direct,0,3,No Deposit,0,Transient,D,0,0,1
DEU,Online TA,0,1,No Deposit,0,Transient,G,1,1,0
DEU,Online TA,0,1,No Deposit,0,Contract,A,0,2,0
CHE,Online TA,0,0,No Deposit,0,Transient,F,0,4,0
BEL,Corporate,0,1,No Deposit,0,Transient-Party,A,0,1,0
GBR,Direct,0,2,No Deposit,0,Transient,H,1,0,0
CHE,Offline TA/TO,0,1,No Deposit,0,Transient,D,0,0,0
Others,Online TA,0,1,No Deposit,0,Transient,D,0,1,0
POL,Offline TA/TO,0,2,No Deposit,0,Transient,D,0,3,0
USA,Direct,0,2,No Deposit,0,Transient,G,0,1,1
ESP,Offline TA/TO,0,0,No Deposit,0,Contract,C,0,0,0
NLD,Groups,0,1,No Deposit,0,Transient-Party,A,2,0,0
GBR,Online TA,1,0,No Deposit,0,Transient,A,0,0,1
FRA,Direct,0,0,No Deposit,0,Transient,E,0,0,1
FIN,Online TA,0,0,No Deposit,0,Transient,D,0,3,0
BRA,Offline TA/TO,0,0,No Deposit,0,Contract,D,0,0,0
CN,Direct,0,0,No Deposit,0,Transient,F,0,0,1
ITA,Groups,0,4,No Deposit,0,Transient-Party,A,0,1,0
IRL,Online TA,0,0,No Deposit,0,Transient,G,1,0,0
Others,Online TA,0,1,No Deposit,0,Transient,D,0,1,0
Others,Offline TA/TO,0,0,No Deposit,0,Transient,A,0,1,0
ESP,Online TA,0,1,No Deposit,0,Transient,D,0,3,1
PRT,Direct,0,0,No Deposit,0,Transient-Party,G,0,0,0
ESP,Direct,0,1,No Deposit,0,Transient,A,1,2,0
USA,Direct,0,1,No Deposit,0,Transient,B,0,0,0
Others,Offline TA/TO,0,0,No Deposit,0,Transient-Party,A,0,0,0
Others,Online TA,0,0,No Deposit,0,Transient,D,0,1,1
GBR,Groups,0,0,No Deposit,6,Transient-Party,D,0,0,0
ESP,Offline TA/TO,0,1,No Deposit,0,Contract,D,1,0,0
CN,Online TA,0,0,No Deposit,0,Transient,G,1,2,0
GBR,Online TA,0,1,No Deposit,0,Transient,F,0,0,1
DEU,Direct,0,2,No Deposit,0,Transient,A,0,0,1
Others,Direct,0,0,No Deposit,0,Transient,A,0,2,0
PRT,Complementary,0,1,No Deposit,0,Transient,E,0,0,0
ROU,Online TA,0,0,No Deposit,0,Transient,D,0,2,1
SWE,Offline TA/TO,0,1,No Deposit,0,Contract,E,1,2,0
PRT,Online TA,0,0,No Deposit,0,Transient-Party,G,1,0,0
GBR,Online TA,0,1,No Deposit,0,Transient,A,0,4,0
FRA,Offline TA/TO,0,1,No Deposit,0,Transient-Party,B,0,0,0
GBR,Online TA,0,1,No Deposit,0,Transient,B,0,3,0
PRT,Offline TA/TO,0,0,No Deposit,0,Contract,A,0,2,1
IRL,Offline TA/TO,0,0,No Deposit,0,Transient-Party,D,1,0,0
Others,Online TA,0,0,No Deposit,0,Transient,A,1,1,0
DEU,Online TA,0,0,No Deposit,0,Transient,D,0,4,0
Others,Direct,0,0,No Deposit,0,Transient,E,0,0,0
Others,Online TA,0,0,No Deposit,0,Transient,D,0,1,1
BRA,Direct,0,1,No Deposit,0,Transient,A,0,1,0
PRT,Offline TA/TO,0,0,No Deposit,0,Contract,C,0,0,0
DNK,Online TA,0,0,No Deposit,0,Transient,E,0,1,1
AUT,Online TA,0,2,No Deposit,0,Transient,D,0,2,0
USA,Offline TA/TO,0,1,No Deposit,0,Group,A,0,0,0
AUT,Online TA,0,0,No Deposit,0,Transient,C,1,2,0
ITA,Direct,0,2,No Deposit,0,Transient,E,1,0,0
NLD,Direct,0,0,No Deposit,0,Transient,D,1,0,0
PRT,Direct,0,0,No Deposit,0,Group,F,1,1,0
Others,Online TA,0,0,No Deposit,0,Transient-Party,A,0,2,0
ISR,Online TA,0,1,No Deposit,0,Transient-Party,A,0,2,0
Others,Direct,0,0,No Deposit,0,Transient,A,0,1,0
Others,Online TA,0,0,No Deposit,0,Transient-Party,A,0,1,0
ITA,Corporate,0,0,No Deposit,0,Transient,D,0,0,0
ESP,Groups,0,1,No Deposit,0,Transient-Party,A,1,0,0
FRA,Direct,0,3,No Deposit,0,Transient,E,0,2,0
RUS,Online TA,0,0,No Deposit,0,Transient,C,0,0,1
FRA,Corporate,0,0,No Deposit,0,Transient,D,0,1,0
FIN,Online TA,0,1,No Deposit,0,Transient-Party,B,0,0,1
CHN,Direct,0,3,No Deposit,0,Transient,A,0,0,0
USA,Online TA,0,0,No Deposit,0,Transient,C,0,0,0
GBR,Online TA,0,4,No Deposit,0,Transient-Party,A,0,3,0
PRT,Online TA,0,2,No Deposit,0,Transient-Party,H,0,1,0
Others,Online TA,0,1,No Deposit,0,Transient,A,0,2,0
GBR,Groups,0,0,No Deposit,0,Transient-Party,E,0,1,0
PRT,Direct,0,1,No Deposit,0,Transient,H,0,1,0
ROU,Online TA,0,0,No Deposit,0,Contract,A,0,1,0
Others,Online TA,0,0,No Deposit,0,Transient,G,0,0,0
BEL,Direct,0,1,No Deposit,0,Transient,F,0,0,0
GBR,Online TA,0,0,No Deposit,0,Transient,F,1,0,0
ISR,Online TA,0,0,No Deposit,0,Transient-Party,A,0,0,0
ESP,Offline TA/TO,0,1,No Deposit,0,Transient-Party,D,0,0,0
ESP,Online TA,0,2,No Deposit,0,Transient,A,1,0,0
BEL,Aviation,0,0,No Deposit,0,Transient-Party,D,0,0,0
BRA,Online TA,0,2,No Deposit,0,Transient,F,0,0,0
SWE,Online TA,0,4,No Deposit,0,Transient,A,0,2,0
SWE,Online TA,0,0,No Deposit,0,Group,A,0,0,0
PRT,Direct,2,0,No Deposit,0,Transient-Party,A,0,1,1
ESP,Online TA,0,3,No Deposit,0,Transient,D,0,3,0
GBR,Direct,0,0,No Deposit,0,Transient,F,0,1,1
PRT,Direct,0,1,No Deposit,0,Transient,H,0,0,0
ISR,Online TA,0,1,No Deposit,0,Transient-Party,F,0,0,0
Others,Online TA,0,0,No Deposit,0,Transient,F,0,2,0
BRA,Direct,0,0,No Deposit,0,Transient,E,0,0,1
DNK,Groups,0,3,No Deposit,0,Transient-Party,A,0,0,0
ESP,Corporate,0,0,No Deposit,0,Transient,E,0,0,0
GBR,Corporate,0,2,No Deposit,20,Transient-Party,A,0,0,0
Others,Online TA,0,0,No Deposit,0,Transient,A,1,1,0
Others,Online TA,0,1,No Deposit,0,Transient,A,0,1,0
SWE,Groups,0,1,No Deposit,0,Transient-Party,F,1,0,0
Others,Corporate,0,0,Non Refund,0,Transient-Party,A,0,0,0
USA,Online TA,0,1,No Deposit,0,Transient,D,0,2,0
ROU,Offline TA/TO,0,1,No Deposit,0,Transient-Party,A,0,0,0
CHN,Online TA,0,0,No Deposit,0,Transient,D,1,2,0
Others,Online TA,0,0,No Deposit,0,Transient,A,0,2,0
GBR,Online TA,0,0,No Deposit,0,Transient,B,0,2,0
Others,Direct,0,0,No Deposit,0,Transient-Party,D,0,2,0
ESP,Online TA,0,2,No Deposit,0,Transient,E,1,1,0
Others,Direct,0,0,No Deposit,0,Transient,A,0,0,0
PRT,Offline TA/TO,0,0,No Deposit,0,Transient,C,1,2,0
POL,Offline TA/TO,0,0,No Deposit,0,Contract,E,0,0,0
ESP,Online TA,0,3,No Deposit,0,Transient,D,0,0,1
Others,Online TA,0,0,No Deposit,0,Transient,A,0,1,0
USA,Online TA,0,0,No Deposit,0,Transient,G,0,0,1
Others,Online TA,0,0,No Deposit,0,Transient,D,0,3,1
Others,Direct,0,0,No Deposit,0,Transient,A,0,0,0
SWE,Complementary,0,0,No Deposit,35,Transient-Party,A,0,0,0
ESP,Online TA,0,0,No Deposit,0,Contract,F,1,2,0
DEU,Groups,0,1,No Deposit,0,Transient-Party,E,0,0,0
FRA,Offline TA/TO,0,0,No Deposit,0,Transient-Party,C,1,1,0
ESP,Direct,0,5,No Deposit,0,Transient,C,1,2,0
Others,Online TA,0,0,No Deposit,0,Transient-Party,A,0,1,0
USA,Direct,0,2,No Deposit,0,Transient,A,0,3,0
Others,Direct,0,1,No Deposit,0,Transient-Party,A,0,0,0
Others,Online TA,0,0,No Deposit,0,Transient,E,0,0,1
Others,Direct,0,1,No Deposit,0,Transient,A,0,0,0
ISR,Online TA,0,0,No Deposit,0,Transient,A,1,0,0
BEL,Direct,0,1,No Deposit,0,Transient,B,0,1,0
CHE,Groups,0,1,No Deposit,0,Transient-Party,A,0,0,0
USA,Offline TA/TO,0,1,No Deposit,0,Transient,E,0,1,1
Others,Online TA,0,0,No Deposit,0,Transient,A,0,2,1
FRA,Direct,0,0,No Deposit,0,Transient,D,0,3,0
Others,Online TA,0,0,No Deposit,0,Transient,A,0,2,1
AUT,Online TA,0,13,No Deposit,0,Transient,A,0,1,0
PRT,Online TA,1,1,No Deposit,0,Transient-Party,A,0,2,1
Others,Groups,0,2,No Deposit,0,Transient-Party,F,0,0,0
PRT,Direct,0,0,No Deposit,0,Contract,A,0,1,0
CHE,Online TA,0,0,No Deposit,0,Transient,G,1,1,0
ESP,Online TA,0,2,No Deposit,0,Transient,D,1,2,0
CN,Online TA,0,0,No Deposit,0,Transient-Party,A,0,1,0
DEU,Online TA,0,1,No Deposit,0,Transient-Party,A,0,5,0
IRL,Online TA,0,3,No Deposit,0,Transient,D,0,2,0
Others,Online TA,0,0,No Deposit,0,Transient,D,0,0,0
GBR,Corporate,0,0,No Deposit,0,Transient-Party,A,1,0,0
PRT,Direct,0,5,No Deposit,0,Transient,C,1,0,0
ITA,Online TA,0,1,No Deposit,0,Transient,E,0,2,0
GBR,Online TA,0,3,No Deposit,0,Transient,A,0,2,0
Others,Online TA,0,0,No Deposit,0,Transient,A,0,2,0
PRT,Complementary,0,1,No Deposit,0,Transient,A,0,0,1
PRT,Online TA,0,2,No Deposit,0,Transient,H,1,3,0
NLD,Direct,0,1,No Deposit,0,Transient,H,1,0,0
NLD,Online TA,0,2,No Deposit,0,Transient,D,0,0,0
Others,Online TA,0,0,No Deposit,0,Transient,A,0,1,1
FRA,Direct,0,1,No Deposit,0,Transient,E,1,2,0
PRT,Offline TA/TO,0,0,No Deposit,0,Transient-Party,A,1,2,0
Others,Online TA,0,0,No Deposit,0,Transient,A,0,2,0
USA,Online TA,0,0,No Deposit,0,Transient-Party,E,0,1,0
PRT,Direct,0,3,No Deposit,0,Transient,E,1,0,0
FRA,Online TA,0,0,No Deposit,0,Transient-Party,A,0,2,1
PRT,Online TA,0,2,No Deposit,0,Transient,C,1,1,0
Others,Online TA,0,0,No Deposit,0,Transient,A,0,3,1
RUS,Online TA,0,0,No Deposit,0,Transient,C,0,0,0
GBR,Online TA,0,1,No Deposit,0,Transient-Party,D,0,4,0
IRL,Online TA,0,1,No Deposit,0,Transient,H,0,0,0
ESP,Direct,0,0,No Deposit,0,Transient,E,0,2,1
Others,Online TA,0,1,No Deposit,0,Transient,A,0,0,1
PRT,Corporate,0,1,No Deposit,0,Transient,A,0,2,0
DEU,Online TA,0,0,No Deposit,0,Transient-Party,D,0,3,0
BRA,Online TA,0,2,No Deposit,0,Transient-Party,A,0,2,0
BEL,Direct,0,0,No Deposit,0,Transient,G,0,0,0
PRT,Offline TA/TO,2,1,No Deposit,0,Transient,A,0,3,0
AUT,Online TA,0,0,No Deposit,0,Transient,A,0,3,0
PRT,Corporate,0,0,No Deposit,0,Transient,F,0,0,0
ITA,Corporate,0,0,No Deposit,0,Transient-Party,A,0,1,0
PRT,Online TA,0,1,No Deposit,0,Contract,D,0,1,0
Others,Corporate,0,0,No Deposit,0,Transient-Party,A,0,1,0
FRA,Online TA,0,2,No Deposit,0,Transient,A,0,3,0
USA,Groups,0,4,No Deposit,0,Transient-Party,D,0,3,0
GBR,Direct,0,0,No Deposit,0,Transient-Party,A,0,1,1
BRA,Online TA,0,1,No Deposit,0,Transient,B,0,0,0
USA,Online TA,0,2,No Deposit,0,Transient,D,0,0,1
DEU,Online TA,11,0,No Deposit,0,Transient,A,0,0,0
GBR,Online TA,0,0,No Deposit,0,Transient,G,0,4,0
FIN,Online TA,0,3,No Deposit,0,Transient,A,0,1,0
Others,Online TA,0,0,No Deposit,0,Transient,A,0,2,1
Others,Direct,0,0,No Deposit,0,Transient,D,0,0,0
Others,Offline TA/TO,0,0,No Deposit,0,Transient,A,0,0,0
NLD,Direct,0,0,No Deposit,0,Group,C,0,1,0
ROU,Online TA,0,1,No Deposit,0,Transient,A,0,1,1
PRT,Groups,0,5,No Deposit,0,Transient-Party,A,0,0,1
Others,Online TA,0,0,No Deposit,0,Transient,B,0,1,0
GBR,Online TA,0,2,No Deposit,0,Transient,B,1,2,0
GBR,Offline TA/TO,0,0,No Deposit,0,Transient-Party,D,0,3,0
CHN,Offline TA/TO,0,0,No Deposit,0,Transient-Party,D,0,1,0
PRT,Direct,0,2,No Deposit,0,Transient,C,0,3,0
NLD,Direct,0,0,No Deposit,0,Transient,A,0,2,0
FRA,Online TA,0,0,No Deposit,0,Transient-Party,B,0,2,0
USA,Online TA,0,1,No Deposit,0,Transient,F,0,0,1
GBR,Online TA,0,0,No Deposit,0,Transient-Party,A,0,3,0
NLD,Direct,0,1,No Deposit,0,Transient,E,0,1,0
PRT,Online TA,0,2,No Deposit,0,Transient-Party,F,0,0,0
ISR,Online TA,0,1,No Deposit,0,Transient,A,0,2,1
Others,Online TA,0,0,No Deposit,0,Transient,D,0,0,0
PRT,Online TA,1,1,No Deposit,0,Transient,H,0,0,1
FRA,Corporate,0,0,No Deposit,0,Transient,A,1,0,0
ESP,Online TA,0,1,No Deposit,0,Transient-Party,D,1,1,0
BEL,Offline TA/TO,0,1,No Deposit,0,Transient-Party,B,0,0,0
Others,Direct,0,0,No Deposit,0,Transient,G,0,0,1
BEL,Online TA,0,1,No Deposit,0,Transient,D,1,2,0
DEU,Direct,0,2,No Deposit,0,Transient,A,0,2,1
PRT,Online TA,0,0,No Deposit,0,Transient,H,0,2,0
PRT,Offline TA/TO,0,0,No Deposit,0,Transient,G,1,0,0
Others,Offline TA/TO,0,0,No Deposit,0,Transient-Party,A,0,0,0
ESP,Direct,0,4,No Deposit,0,Transient-Party,F,0,0,0
GBR,Groups,0,1,No Deposit,0,Transient-Party,D,1,1,0
ITA,Online TA,0,2,No Deposit,0,Transient-Party,F,0,1,0
Others,Direct,0,0,No Deposit,0,Transient,D,1,0,0
PRT,Offline TA/TO,0,0,No Deposit,0,Contract,D,0,2,1
FRA,Online TA,0,5,No Deposit,0,Transient,A,0,2,0
CHN,Online TA,0,2,No Deposit,0,Transient,A,0,0,1
CN,Online TA,0,4,No Deposit,0,Transient,E,0,1,1
FRA,Online TA,0,1,No Deposit,0,Transient,G,0,1,0
GBR,Corporate,0,0,No Deposit,0,Transient-Party,D,0,0,0
Others,Online TA,0,0,No Deposit,0,Transient,A,0,0,0
Others,Online TA,0,0,No Deposit,0,Transient,E,0,0,0
PRT,Corporate,0,2,No Deposit,0,Transient-Party,C,0,0,0
BEL,Corporate,0,0,No Deposit,0,Transient-Party,A,0,0,1
Others,Offline TA/TO,0,1,No Deposit,0,Transient-Party,A,0,0,0
Others,Offline TA/TO,0,0,No Deposit,0,Transient-Party,A,0,0,0
GBR,Direct,0,2,No Deposit,0,Transient-Party,A,0,0,0
NLD,Online TA,0,3,No Deposit,0,Transient,E,0,1,0
USA,Direct,0,1,No Deposit,0,Transient,A,0,2,1
BRA,Online TA,0,2,No Deposit,0,Transient,D,0,0,1
Others,Groups,0,0,No Deposit,0,Transient-Party,A,0,1,0
NLD,Online TA,0,0,No Deposit,0,Transient-Party,E,0,3,0
PRT,Aviation,0,0,No Deposit,0,Transient,A,1,0,0
PRT,Online TA,0,0,No Deposit,0,Transient,D,0,4,1
Others,Online TA,0,0,No Deposit,0,Transient,A,0,0,0
IRL,Direct,0,0,No Deposit,0,Transient,A,1,1,0
ESP,Online TA,0,2,No Deposit,0,Transient-Party,A,0,2,0
FRA,Groups,0,0,Non Refund,0,Transient-Party,A,0,0,0
PRT,Direct,0,1,No Deposit,0,Transient,A,1,2,0
PRT,Online TA,1,1,No Deposit,0,Contract,A,0,3,1
PRT,Complementary,0,0,No Deposit,0,Transient,E,1,1,0
Others,Online TA,0,3,No Deposit,0,Transient-Party,A,0,1,0
POL,Online TA,0,2,No Deposit,0,Transient,A,0,1,0
CHE,Direct,0,2,No Deposit,0,Transient,E,0,1,0
PRT,Offline TA/TO,0,1,No Deposit,0,Contract,C,0,0,1
Others,Offline TA/TO,0,1,No Deposit,0,Transient-Party,A,0,0,0
ROU,Direct,0,0,No Deposit,0,Transient,F,0,0,0
FRA,Direct,0,0,No Deposit,0,Transient-Party,E,1,2,0
PRT,Offline TA/TO,2,1,No Deposit,0,Transient-Party,D,0,3,0
PRT,Corporate,1,1,No Deposit,0,Transient,A,0,0,0
FRA,Online TA,0,0,No Deposit,0,Transient-Party,E,1,1,0
BEL,Corporate,0,3,No Deposit,0,Transient-Party,A,0,0,0
ESP,Direct,0,0,No Deposit,0,Transient,C,0,0,1
AUT,Direct,0,0,No Deposit,0,Transient,E,0,1,0
RUS,Online TA,0,0,No Deposit,0,Transient,A,1,3,0
CN,Offline TA/TO,0,2,No Deposit,0,Transient,A,0,0,0
FIN,Online TA,0,0,No Deposit,0,Transient,F,0,2,0
ESP,Online TA,0,0,No Deposit,0,Transient,G,1,2,0
Others,Online TA,0,0,No Deposit,0,Transient,A,0,1,1
PRT,Aviation,0,1,No Deposit,0,Transient,D,0,2,0
CHE,Direct,0,0,No Deposit,0,Transient,D,1,0,0
Others,Online TA,0,0,No Deposit,0,Transient,A,0,1,1
PRT,Complementary,0,4,No Deposit,4,Transient-Party,A,0,0,0
ESP,Online TA,0,2,No Deposit,0,Transient,B,0,0,1
CN,Online TA,0,3,No Deposit,0,Transient,E,1,1,0
Others,Online TA,0,0,No Deposit,0,Contract,A,0,2,0
Others,Direct,0,0,No Deposit,0,Transient,D,0,0,0
NLD,Online TA,0,2,No Deposit,0,Transient,D,0,1,1
ITA,Direct,0,1,No Deposit,0,Transient,D,0,2,0
POL,Direct,0,0,No Deposit,0,Transient,D,0,1,0
USA,Direct,0,0,No Deposit,0,Transient,F,0,3,0
BRA,Direct,0,0,No Deposit,0,Transient,E,1,0,0
DNK,Direct,0,1,No Deposit,0,Transient,E,0,0,0
GBR,Direct,0,0,No Deposit,0,Transient,A,1,2,0
NOR,Online TA,0,1,No Deposit,0,Transient-Party,A,0,2,1
AUT,Online TA,0,4,No Deposit,0,Transient,A,0,1,1
PRT,Online TA,0,0,No Deposit,0,Transient-Party,A,1,0,0
Others,Online TA,0,0,No Deposit,0,Transient,G,0,1,0
PRT,Corporate,0,4,No Deposit,0,Transient,A,0,1,0
PRT,Direct,0,3,No Deposit,0,Transient,F,0,1,0
Others,Online TA,0,0,No Deposit,0,Transient,E,0,2,0
ESP,Direct,0,1,No Deposit,0,Transient,E,0,1,1
RUS,Online TA,0,0,No Deposit,0,Transient,F,0,2,0
ESP,Offline TA/TO,0,2,No Deposit,0,Transient,A,1,0,0
DEU,Offline TA/TO,0,0,No Deposit,0,Transient,D,0,4,0
Others,Corporate,0,1,No Deposit,0,Transient,A,0,0,0
BRA,Online TA,0,1,No Deposit,0,Transient,F,1,2,0
ESP,Direct,0,2,No Deposit,0,Transient,F,1,0,0
ESP,Online TA,0,4,No Deposit,0,Transient,B,1,2,0
ESP,Online TA,0,1,No Deposit,0,Transient-Party,E,0,0,0
CN,Direct,0,0,No Deposit,0,Transient,F,0,1,0
ROU,Offline TA/TO,0,3,No Deposit,0,Transient,D,0,1,0
CN,Groups,0,2,No Deposit,0,Transient-Party,A,0,1,0
DEU,Online TA,0,0,No Deposit,0,Transient,C,0,3,0
PRT,Online TA,1,0,No Deposit,0,Transient-Party,A,0,0,0
DEU,Online TA,0,1,No Deposit,0,Transient,A,1,3,0
FRA,Online TA,0,1,No Deposit,0,Transient,D,0,3,0
Others,Online TA,0,0,No Deposit,0,Contract,A,0,1,0
ESP,Online TA,0,0,No Deposit,0,Transient-Party,A,0,2,1
POL,Online TA,0,1,No Deposit,0,Transient,D,0,1,1
PRT,Online TA,0,0,Non Refund,0,Transient,G,0,0,1
PRT,Offline TA/TO,0,1,No Deposit,56,Transient-Party,A,0,0,0
BRA,Offline TA/TO,0,1,No Deposit,0,Transient,A,0,1,0
FRA,Direct,0,0,No Deposit,0,Transient-Party,D,1,3,0
GBR,Direct,0,2,No Deposit,0,Transient,E,1,1,0
BEL,Direct,0,0,No Deposit,0,Transient,E,1,0,0
ISR,Online TA,0,4,No Deposit,0,Transient,A,1,2,0
BRA,Online TA,0,4,No Deposit,0,Transient,A,0,3,1
PRT,Online TA,0,3,No Deposit,0,Transient,A,0,2,1
Others,Online TA,0,0,No Deposit,0,Transient,E,1,1,0
BEL,Corporate,0,0,No Deposit,0,Transient,A,0,0,0
Others,Online TA,0,0,No Deposit,0,Transient,F,0,2,0
PRT,Offline TA/TO,0,1,No Deposit,0,Transient-Party,F,0,0,0
GBR,Groups,0,0,No Deposit,0,Transient,D,0,0,0
ITA,Online TA,0,0,No Deposit,0,Group,A,0,2,0
GBR,Direct,0,1,No Deposit,0,Transient,G,0,1,0
Others,Online TA,0,1,No Deposit,0,Transient,B,0,1,0
BEL,Online TA,0,0,No Deposit,0,Transient,C,0,1,0
ITA,Direct,0,1,No Deposit,0,Transient,G,1,0,0
BEL,Offline TA/TO,0,1,No Deposit,0,Transient,A,0,0,0
CHN,Direct,0,0,No Deposit,0,Transient,E,0,2,0
SWE,Offline TA/TO,0,0,No Deposit,0,Transient,A,0,1,0
PRT,Online TA,0,0,No Deposit,0,Contract,D,1,0,0
FRA,Direct,0,0,No Deposit,0,Transient-Party,C,0,0,0
FRA,Online TA,0,1,No Deposit,0,Transient-Party,H,0,0,0
Others,Online TA,0,0,No Deposit,0,Transient-Party,G,0,0,1
Others,Online TA,0,3,No Deposit,0,Transient-Party,A,0,1,0
PRT,Aviation,0,0,No Deposit,0,Transient,A,0,2,1
IRL,Online TA,0,1,No Deposit,0,Transient,D,1,2,0
PRT,Online TA,0,0,No Deposit,0,Transient-Party,G,1,1,0
PRT,Direct,0,0,No Deposit,0,Contract,A,0,2,0
BEL,Offline TA/TO,0,1,No Deposit,0,Transient-Party,E,0,1,0
FRA,Direct,0,0,No Deposit,0,Transient,C,0,0,0
SWE,Online TA,0,1,No Deposit,0,Transient,E,0,3,0
Others,Direct,0,0,No Deposit,0,Transient,E,0,2,0
IRL,Direct,0,0,No Deposit,0,Transient-Party,B,0,0,0
PRT,Corporate,0,1,No Deposit,0,Transient,A,0,3,0
ESP,Offline TA/TO,0,1,No Deposit,0,Transient-Party,A,0,1,0
Others,Offline TA/TO,0,0,No Deposit,0,Transient,A,0,1,0
Others,Online TA,0,0,No Deposit,0,Contract,A,0,0,0
GBR,Offline TA/TO,0,0,No Deposit,0,Contract,C,0,1,0
IRL,Offline TA/TO,0,1,No Deposit,0,Transient,D,0,2,0
GBR,Offline TA/TO,0,0,No Deposit,0,Transient,A,0,3,0
GBR,Corporate,0,0,No Deposit,0,Transient-Party,E,0,0,0
ESP,Direct,0,1,No Deposit,0,Transient,G,0,0,0
DEU,Direct,0,3,No Deposit,0,Transient,A,0,0,0
SWE,Online TA,0,3,No Deposit,0,Transient,F,0,1,0
ESP,Offline TA/TO,0,7,No Deposit,0,Transient,D,0,0,0
Others,Offline TA/TO,0,0,No Deposit,0,Transient,E,0,0,0
PRT,Online TA,0,0,No Deposit,0,Contract,B,1,1,0
PRT,Corporate,0,1,No Deposit,0,Transient,D,0,0,1
PRT,Online TA,0,1,No Deposit,0,Transient,B,0,1,0
PRT,Corporate,0,4,No Deposit,0,Transient-Party,A,0,0,1
GBR,Online TA,0,0,No Deposit,0,Transient,C,1,1,0
PRT,Groups,0,1,No Deposit,0,Transient-Party,A,1,0,0
PRT,Online TA,0,0,No Deposit,0,Transient-Party,E,1,1,0
CHE,Groups,0,0,No Deposit,0,Transient-Party,A,0,0,0
FRA,Online TA,0,0,No Deposit,0,Contract,F,0,1,0
GBR,Online TA,0,1,No Deposit,0,Transient,A,0,2,1
NLD,Online TA,0,2,No Deposit,0,Transient,A,0,2,1
GBR,Complementary,0,0,No Deposit,0,Transient,F,0,2,0
PRT,Offline TA/TO,0,0,Non Refund,46,Transient,A,0,0,1
FRA,Offline TA/TO,0,0,No Deposit,0,Transient-Party,C,0,1,0
PRT,Online TA,0,1,No Deposit,0,Transient,F,0,0,1
GBR,Groups,0,1,Non Refund,0,Transient-Party,D,0,0,0
Others,Online TA,0,0,No Deposit,0,Transient-Party,E,0,0,0
Others,Online TA,0,3,No Deposit,0,Transient-Party,B,0,1,0
DEU,Online TA,0,2,No Deposit,0,Transient,A,0,2,0
Others,Direct,0,0,No Deposit,0,Transient,E,0,2,1
NLD,Direct,0,1,No Deposit,0,Transient-Party,F,0,1,0
FRA,Online TA,0,2,No Deposit,0,Transient,E,0,1,0
USA,Direct,0,0,No Deposit,0,Transient,G,1,0,0
IRL,Online TA,0,2,No Deposit,0,Transient,E,0,1,0
GBR,Direct,0,1,No Deposit,0,Transient-Party,B,0,0,0
ITA,Online TA,0,0,No Deposit,0,Transient,B,0,0,0
Others,Direct,0,0,No Deposit,0,Transient,E,0,0,0
Others,Online TA,0,0,No Deposit,0,Transient,D,0,2,0
Others,Offline TA/TO,0,0,No Deposit,0,Transient,A,0,1,0
PRT,Direct,0,4,No Deposit,0,Transient-Party,A,0,2,0
Others,Online TA,0,0,No Deposit,0,Transient,D,1,0,0
Others,Online TA,0,0,No Deposit,0,Transient,D,0,2,0
GBR,Direct,0,2,No Deposit,0,Transient,A,0,0,1
DNK,Offline TA/TO,0,1,No Deposit,0,Transient,D,0,0,0
PRT,Online TA,3,0,No Deposit,0,Transient-Party,A,0,2,1
Others,Offline TA/TO,0,0,No Deposit,0,Transient-Party,A,0,1,0
SWE,Direct,0,2,No Deposit,0,Transient-Party,E,0,1,0
ESP,Corporate,0,1,No Deposit,0,Transient-Party,A,0,1,0
DEU,Direct,0,0,No Deposit,0,Transient,B,0,0,0
Others,Direct,0,1,No Deposit,0,Transient,B,0,0,0
FRA,Direct,0,2,No Deposit,0,Transient,E,0,0,1
PRT,Offline TA/TO,0,1,No Deposit,0,Transient,D,1,1,0
ITA,Direct,0,0,No Deposit,0,Transient,D,1,0,0
USA,Online TA,0,1,No Deposit,0,Transient-Party,B,0,1,1
Others,Direct,0,2,No Deposit,0,Transient,A,0,0,0
Others,Direct,0,0,No Deposit,0,Transient,D,0,1,1
RUS,Online TA,0,1,No Deposit,0,Transient,A,0,1,1
Others,Direct,0,0,No Deposit,0,Transient,B,0,0,0
PRT,Offline TA/TO,1,0,No Deposit,0,Contract,A,0,2,1
Others,Online TA,0,0,No Deposit,0,Transient,G,0,0,1
CHE,Aviation,0,0,No Deposit,0,Transient,A,0,0,0
Others,Online TA,0,0,No Deposit,0,Transient,A,0,3,1
Others,Online TA,0,0,No Deposit,0,Transient,B,0,0,1
Others,Online TA,0,0,No Deposit,0,Transient,A,1,1,0
NLD,Online TA,0,3,No Deposit,0,Transient-Party,E,1,2,0
POL,Groups,0,1,No Deposit,0,Transient,A,0,0,0
NOR,Online TA,0,1,No Deposit,0,Transient,F,0,0,0
Others,Online TA,0,0,No Deposit,0,Transient,D,0,1,0
Others,Online TA,0,0,No Deposit,0,Transient,A,0,1,0
Others,Offline TA/TO,0,0,No Deposit,0,Transient-Party,A,0,0,0
Others,Offline TA/TO,0,1,No Deposit,0,Transient,A,0,0,0
PRT,Offline TA/TO,0,0,Non Refund,33,Transient,A,0,0,1
BEL,Direct,0,0,No Deposit,0,Transient,F,1,0,0
Others,Corporate,0,1,No Deposit,0,Transient,A,0,2,0
Others,Online TA,0,0,No Deposit,0,Transient,H,0,1,1
USA,Corporate,0,1,No Deposit,0,Transient,A,0,1,0
GBR,Groups,0,5,No Deposit,0,Transient-Party,E,0,0,0
IRL,Online TA,0,1,No Deposit,0,Transient,D,0,2,1
USA,Direct,0,0,No Deposit,0,Transient,G,1,1,0
GBR,Corporate,0,1,No Deposit,0,Transient,D,0,2,0
RUS,Offline TA/TO,0,1,No Deposit,0,Transient-Party,A,0,1,0
Others,Groups,0,0,No Deposit,25,Transient-Party,A,0,2,0
BEL,Online TA,0,2,No Deposit,0,Transient,A,0,0,0
FRA,Direct,0,1,No Deposit,0,Transient,D,1,1,0
FRA,Offline TA/TO,0,0,No Deposit,0,Transient-Party,A,0,2,0
GBR,Online TA,0,0,No Deposit,0,Transient,B,0,2,1
NLD,Online TA,0,1,No Deposit,0,Transient-Party,A,0,4,0
GBR,Online TA,0,1,No Deposit,0,Transient,G,1,3,0
CHE,Online TA,0,0,No Deposit,0,Transient,F,1,2,0
Others,Online TA,0,0,No Deposit,0,Transient,D,0,2,1
PRT,Direct,0,2,No Deposit,0,Transient,D,1,0,0
Others,Online TA,0,0,No Deposit,0,Transient,A,0,0,1
ESP,Direct,1,0,No Deposit,0,Transient,A,0,0,1
ESP,Complementary,0,0,No Deposit,0,Transient,A,1,0,0
PRT,Corporate,1,1,No Deposit,0,Transient,A,1,4,0
NLD,Offline TA/TO,0,0,No Deposit,0,Transient-Party,A,0,0,1
PRT,Complementary,0,3,No Deposit,0,Transient,A,0,0,1
Others,Direct,0,0,No Deposit,0,Transient,A,0,0,0
DEU,Groups,0,0,No Deposit,0,Transient,D,0,0,0
CN,Online TA,0,0,No Deposit,0,Transient-Party,A,1,3,0
PRT,Direct,0,1,No Deposit,0,Transient-Party,C,0,0,0
ROU,Online TA,0,0,No Deposit,0,Transient,C,0,1,0
PRT,Online TA,0,1,No Deposit,0,Transient,C,1,1,0
Others,Groups,0,1,No Deposit,0,Transient-Party,A,0,0,0
CN,Groups,0,0,No Deposit,0,Transient-Party,A,0,2,0
Others,Online TA,0,0,No Deposit,0,Transient,A,0,0,0
Others,Online TA,0,0,No Deposit,0,Transient,E,0,1,0
ESP,Offline TA/TO,0,2,No Deposit,0,Transient-Party,E,0,0,0
PRT,Online TA,0,2,No Deposit,0,Transient,G,1,1,0
Others,Online TA,0,0,No Deposit,0,Transient,A,0,3,1
GBR,Offline TA/TO,0,3,No Deposit,0,Contract,A,0,1,0
PRT,Online TA,4,2,No Deposit,0,Transient,A,0,4,0
CHE,Offline TA/TO,0,0,No Deposit,0,Transient,E,1,1,0
PRT,Direct,0,1,No Deposit,0,Transient,C,0,2,1
ESP,Online TA,0,1,No Deposit,0,Transient,C,1,3,0
USA,Online TA,0,0,No Deposit,0,Transient,C,0,1,1
ESP,Online TA,0,1,No Deposit,0,Contract,D,0,2,0
CHN,Corporate,0,0,No Deposit,0,Transient,E,0,0,0
PRT,Online TA,0,0,No Deposit,0,Transient-Party,G,0,1,0
POL,Online TA,0,0,No Deposit,0,Transient-Party,G,0,1,0
BEL,Online TA,0,1,No Deposit,0,Transient-Party,B,0,1,0
ESP,Offline TA/TO,0,0,No Deposit,0,Transient-Party,A,1,1,0
Others,Online TA,0,0,No Deposit,0,Transient,D,0,1,1
ITA,Offline TA/TO,0,1,No Deposit,4,Transient-Party,A,0,0,0
RUS,Online TA,0,0,No Deposit,0,Transient,G,0,2,1
FRA,Online TA,0,0,No Deposit,0,Transient,F,1,2,0
PRT,Online TA,0,0,No Deposit,0,Transient,G,0,3,1
PRT,Online TA,1,0,No Deposit,0,Contract,C,0,1,1
Others,Online TA,0,1,No Deposit,0,Transient-Party,B,0,0,1
PRT,Online TA,0,0,No Deposit,0,Contract,F,1,3,0
PRT,Online TA,0,0,No Deposit,0,Transient-Party,E,0,1,1
PRT,Direct,0,0,No Deposit,0,Group,G,1,1,0
GBR,Online TA,0,2,No Deposit,0,Transient,D,0,2,0
SWE,Online TA,0,2,No Deposit,0,Transient,H,0,1,1
CHE,Online TA,0,2,No Deposit,0,Transient,A,0,1,0
Others,Groups,0,0,No Deposit,0,Transient-Party,A,0,0,0
GBR,Online TA,0,7,No Deposit,0,Transient,A,0,1,0
ITA,Online TA,0,1,No Deposit,0,Contract,B,0,0,0
PRT,Offline TA/TO,0,0,Non Refund,12,Transient,A,0,0,1
RUS,Online TA,0,0,No Deposit,0,Transient,E,0,3,0
ESP,Online TA,0,3,No Deposit,0,Transient,D,1,4,0
NOR,Online TA,0,2,No Deposit,0,Transient,D,0,2,0
PRT,Corporate,1,4,No Deposit,0,Transient,A,0,0,0
FRA,Online TA,0,2,No Deposit,0,Transient,E,1,3,0
Others,Online TA,0,0,No Deposit,0,Transient,D,0,2,0
Others,Online TA,0,0,No Deposit,0,Transient,D,0,1,0
BRA,Direct,0,4,No Deposit,0,Transient,A,0,0,0
Others,Online TA,0,3,No Deposit,0,Transient,A,0,1,1
IRL,Groups,0,4,No Deposit,0,Transient-Party,A,0,1,0
PRT,Groups,0,1,No Deposit,0,Transient-Party,G,0,0,1
BRA,Direct,0,0,No Deposit,0,Transient,A,1,2,0
BEL,Online TA,0,0,No Deposit,0,Transient-Party,B,0,1,1
BRA,Online TA,0,5,No Deposit,0,Transient,A,0,1,0
ROU,Online TA,0,0,No Deposit,0,Transient,F,0,1,0
ITA,Online TA,0,1,No Deposit,0,Transient,E,0,1,1
PRT,Offline TA/TO,0,1,Non Refund,0,Transient-Party,A,0,1,0
DEU,Direct,0,1,No Deposit,0,Transient-Party,E,0,0,0
CHE,Online TA,0,0,No Deposit,0,Transient-Party,E,0,1,0
GBR,Online TA,0,2,No Deposit,0,Transient,C,0,1,1
BEL,Online TA,0,1,No Deposit,0,Transient,G,0,0,0
Others,Direct,0,0,No Deposit,0,Transient,A,0,2,0
ESP,Online TA,0,1,No Deposit,0,Transient,F,0,2,1
AUT,Online TA,0,0,No Deposit,0,Transient,F,1,1,0
NLD,Direct,0,3,No Deposit,0,Transient,A,0,0,0
GBR,Online TA,0,1,No Deposit,0,Transient,A,1,2,0
PRT,Online TA,0,1,No Deposit,0,Contract,A,1,1,0
USA,Online TA,0,1,No Deposit,0,Transient,E,1,0,0
ROU,Offline TA/TO,0,1,No Deposit,0,Transient,D,0,1,0
FIN,Online TA,0,2,No Deposit,0,Transient,E,0,1,0
NOR,Online TA,0,0,No Deposit,0,Transient,C,0,0,0
PRT,Direct,0,0,No Deposit,0,Transient-Party,E,1,1,0
BEL,Online TA,0,2,No Deposit,0,Transient-Party,E,0,3,0
Others,Direct,0,0,No Deposit,0,Transient,D,1,0,0
FRA,Offline TA/TO,0,0,No Deposit,0,Transient,A,0,0,1
Others,Groups,0,2,No Deposit,0,Transient-Party,A,0,0,0
AUT,Groups,0,1,No Deposit,0,Transient-Party,A,0,1,0
IRL,Online TA,0,2,No Deposit,0,Transient,E,0,0,1
FRA,Offline TA/TO,0,1,No Deposit,0,Contract,D,0,1,0
Others,Online TA,0,1,No Deposit,0,Transient-Party,D,0,0,0
PRT,Direct,0,1,No Deposit,0,Transient,C,1,3,0
DNK,Online TA,0,1,No Deposit,0,Transient,F,0,1,0
POL,Direct,0,0,No Deposit,0,Transient-Party,A,0,0,0
ROU,Online TA,0,0,No Deposit,0,Transient-Party,A,0,1,0
BRA,Online TA,0,2,No Deposit,0,Transient,D,0,2,0
NLD,Offline TA/TO,0,0,No Deposit,0,Transient,E,0,2,0
ITA,Online TA,0,3,No Deposit,0,Transient,D,1,1,0
GBR,Offline TA/TO,0,1,No Deposit,0,Transient,E,0,2,0
GBR,Direct,0,4,No Deposit,0,Transient,F,0,0,0
ITA,Direct,0,0,No Deposit,0,Transient,E,1,2,0
PRT,Corporate,0,1,Non Refund,0,Transient-Party,A,0,0,0
ROU,Corporate,0,0,No Deposit,0,Transient-Party,A,0,0,0
Others,Direct,0,1,No Deposit,0,Transient,C,0,0,0
Others,Offline TA/TO,0,4,No Deposit,0,Transient-Party,A,0,1,0
USA,Direct,0,1,No Deposit,0,Transient,F,1,1,0
Others,Online TA,0,0,No Deposit,0,Transient,A,0,1,0
Others,Online TA,0,0,No Deposit,0,Transient,A,0,1,0
DEU,Complementary,0,0,No Deposit,0,Transient,A,0,0,0
DEU,Online TA,0,1,No Deposit,0,Transient,A,0,1,1
USA,Online TA,0,0,No Deposit,0,Transient-Party,G,1,0,0
Others,Online TA,0,0,No Deposit,0,Transient,D,0,0,1
PRT,Online TA,0,1,No Deposit,0,Transient-Party,G,0,2,1
PRT,Online TA,4,0,No Deposit,0,Transient,A,0,4,1
Others,Online TA,0,0,No Deposit,0,Transient,F,0,0,1
Others,Direct,0,0,No Deposit,0,Transient,A,0,0,1
Others,Direct,0,0,No Deposit,0,Transient,G,1,1,0
PRT,Direct,0,0,No Deposit,0,Transient,F,2,1,0
PRT,Online TA,0,7,No Deposit,0,Transient,A,0,1,0
SWE,Direct,0,3,No Deposit,0,Transient,E,1,0,0
ROU,Online TA,0,0,No Deposit,0,Transient,D,1,1,0
Others,Online TA,0,0,No Deposit,0,Group,D,1,0,0
Others,Online TA,0,0,No Deposit,0,Transient,F,0,2,0
PRT,Direct,1,0,No Deposit,0,Transient,E,0,0,0
Others,Online TA,0,1,No Deposit,0,Transient,A,0,2,1
BRA,Offline TA/TO,0,0,No Deposit,0,Group,D,0,0,0
PRT,Corporate,2,1,No Deposit,0,Transient,A,1,2,0
Others,Corporate,0,2,No Deposit,0,Transient,A,0,0,0
GBR,Groups,0,1,No Deposit,0,Transient-Party,F,0,0,0
GBR,Online TA,0,6,No Deposit,0,Transient,A,0,0,1
Others,Offline TA/TO,0,0,No Deposit,0,Transient,A,0,0,0
NLD,Direct,0,0,No Deposit,0,Transient,A,1,3,0
PRT,Direct,0,0,No Deposit,0,Transient,C,1,3,0
Others,Online TA,0,0,No Deposit,0,Transient,H,1,0,0
Others,Online TA,0,1,No Deposit,0,Transient,A,0,2,0
CHE,Offline TA/TO,0,3,No Deposit,0,Transient-Party,A,0,0,0
Others,Offline TA/TO,0,2,No Deposit,0,Transient-Party,A,0,0,0
ESP,Online TA,0,6,No Deposit,0,Transient,A,0,2,1
PRT,Online TA,2,0,No Deposit,0,Transient,D,0,2,1
CHE,Online TA,0,0,No Deposit,0,Contract,B,0,0,0
ITA,Online TA,0,0,No Deposit,0,Transient,D,1,2,0
ITA,Corporate,0,0,No Deposit,15,Transient-Party,A,0,0,0
SWE,Direct,0,0,No Deposit,0,Transient,A,1,2,0
GBR,Online TA,0,2,No Deposit,0,Transient,A,0,3,1
NLD,Direct,0,1,No Deposit,0,Transient,A,1,1,0
Others,Direct,0,0,No Deposit,0,Transient,A,0,0,1
PRT,Offline TA/TO,0,3,No Deposit,0,Transient-Party,D,0,0,1
GBR,Offline TA/TO,0,0,No Deposit,0,Contract,D,1,2,0
PRT,Offline TA/TO,0,0,Non Refund,7,Transient,A,0,0,1
ESP,Online TA,0,0,No Deposit,0,Transient-Party,D,0,0,1
RUS,Direct,0,3,No Deposit,0,Transient,F,1,1,0
FRA,Direct,0,0,No Deposit,0,Transient-Party,A,1,1,0
Others,Offline TA/TO,0,2,No Deposit,0,Transient-Party,A,0,0,0
PRT,Online TA,0,3,No Deposit,0,Transient,G,2,0,0
GBR,Online TA,0,6,No Deposit,0,Transient-Party,A,0,0,1
DNK,Corporate,0,2,No Deposit,0,Transient-Party,A,0,0,0
PRT,Online TA,1,1,No Deposit,0,Transient,E,0,0,1
PRT,Groups,0,0,No Deposit,0,Transient-Party,D,0,2,1
FRA,Direct,0,4,No Deposit,0,Transient,E,0,0,0
GBR,Groups,0,3,No Deposit,0,Transient-Party,A,1,1,0
DNK,Online TA,0,0,No Deposit,0,Transient-Party,E,0,2,0
BEL,Online TA,0,0,No Deposit,0,Transient,H,2,1,0
BRA,Online TA,0,0,No Deposit,0,Transient,G,1,0,0
Others,Direct,0,0,No Deposit,0,Transient,G,1,0,0
Others,Online TA,0,0,No Deposit,0,Transient,D,0,2,0
Others,Online TA,0,0,No Deposit,0,Transient,D,0,1,0
PRT,Online TA,1,0,No Deposit,0,Transient,B,0,3,1
FRA,Direct,0,0,No Deposit,0,Transient-Party,D,0,2,0
GBR,Online TA,0,1,No Deposit,0,Transient,A,0,5,0
DNK,Online TA,0,2,No Deposit,0,Transient-Party,A,0,1,0
AUT,Corporate,0,1,No Deposit,0,Transient,A,0,0,0
PRT,Corporate,0,1,No Deposit,0,Transient-Party,D,0,0,0
Others,Offline TA/TO,0,0,No Deposit,0,Transient-Party,A,0,0,0
Others,Online TA,0,0,No Deposit,0,Group,A,0,1,0
IRL,Direct,0,1,No Deposit,0,Transient-Party,H,0,4,0
Others,Online TA,0,0,No Deposit,0,Contract,A,0,1,0
GBR,Online TA,0,1,No Deposit,0,Transient,D,0,4,0
ITA,Online TA,0,5,No Deposit,0,Transient,D,0,0,1
USA,Online TA,0,1,No Deposit,0,Transient,A,0,3,0
FRA,Online TA,0,3,No Deposit,0,Transient-Party,A,0,2,0
PRT,Complementary,4,0,No Deposit,0,Transient,F,0,3,0
BEL,Corporate,0,2,No Deposit,0,Transient-Party,A,0,0,0
PRT,Corporate,4,0,No Deposit,0,Transient,A,0,1,0
PRT,Offline TA/TO,0,3,No Deposit,0,Transient,D,0,0,1
PRT,Online TA,1,0,No Deposit,0,Transient-Party,D,0,1,1
Others,Online TA,0,0,No Deposit,0,Transient,A,1,2,0
CHE,Corporate,0,0,No Deposit,0,Transient,A,0,0,0
RUS,Direct,0,0,No Deposit,0,Transient,A,0,0,1
Others,Online TA,0,0,No Deposit,0,Transient,E,0,2,0
DNK,Offline TA/TO,0,0,No Deposit,0,Transient-Party,A,0,0,0
FRA,Online TA,0,0,No Deposit,0,Transient-Party,D,1,2,0
PRT,Direct,2,0,No Deposit,0,Transient,A,0,1,0
GBR,Groups,0,1,No Deposit,0,Transient-Party,D,0,1,0
GBR,Online TA,0,0,No Deposit,0,Transient,F,0,2,1
FRA,Online TA,0,2,No Deposit,0,Transient,A,0,2,1
ITA,Offline TA/TO,0,2,No Deposit,0,Transient,A,0,2,0
Others,Online TA,0,0,No Deposit,0,Transient,F,0,1,0
PRT,Direct,0,1,No Deposit,0,Transient,F,0,1,0
PRT,Direct,0,3,No Deposit,0,Transient,F,0,0,0
NLD,Direct,0,1,No Deposit,0,Transient,D,0,0,0
BEL,Online TA,0,2,No Deposit,0,Transient,A,1,2,0
Others,Online TA,0,0,No Deposit,0,Transient,D,1,0,0
ESP,Online TA,0,2,No Deposit,0,Transient,C,0,0,0
BEL,Direct,0,0,No Deposit,0,Transient,A,0,3,0
NLD,Corporate,0,2,No Deposit,0,Transient-Party,A,0,0,0
Others,Offline TA/TO,0,0,No Deposit,0,Transient-Party,A,0,1,0
ITA,Online TA,0,1,No Deposit,0,Transient-Party,D,0,0,0
Others,Direct,0,0,No Deposit,0,Transient,D,0,1,0
PRT,Online TA,1,1,No Deposit,0,Contract,A,0,0,1
DNK,Online TA,0,2,No Deposit,0,Transient,E,0,2,1
Others,Online TA,0,0,No Deposit,0,Transient,D,0,3,1
ESP,Online TA,0,0,No Deposit,0,Contract,F,0,2,0
Others,Direct,0,0,No Deposit,0,Transient,A,0,0,0
DNK,Online TA,0,0,No Deposit,0,Transient,G,0,1,0
AUT,Direct,0,1,No Deposit,0,Transient,A,0,1,0
GBR,Online TA,0,1,No Deposit,0,Transient,E,1,1,0
PRT,Direct,0,1,No Deposit,0,Transient,G,0,2,1
IRL,Direct,0,0,No Deposit,0,Transient,F,1,1,0
PRT,Online TA,0,0,No Deposit,0,Transient-Party,H,1,2,0
ESP,Online TA,0,0,No Deposit,0,Transient,F,0,2,1
PRT,Corporate,1,0,No Deposit,0,Transient,A,0,2,0
Others,Direct,0,0,No Deposit,0,Transient,A,0,1,1
FRA,Direct,0,0,No Deposit,0,Transient,G,1,0,0
ITA,Online TA,0,5,No Deposit,0,Transient,A,0,2,1
ESP,Corporate,0,0,No Deposit,0,Transient,D,0,1,0
DNK,Online TA,0,0,No Deposit,0,Transient,G,0,0,0
BEL,Complementary,0,0,No Deposit,0,Transient,A,0,1,0
Others,Direct,0,0,No Deposit,0,Transient-Party,F,0,2,0
BRA,Online TA,0,0,No Deposit,0,Transient,G,0,0,1
GBR,Direct,0,0,No Deposit,0,Transient,B,0,0,1
ESP,Direct,0,0,No Deposit,0,Transient,D,0,1,1
NOR,Online TA,0,0,No Deposit,0,Transient,E,0,1,1
SWE,Direct,0,2,No Deposit,0,Transient,A,1,0,0
Others,Groups,0,0,No Deposit,0,Transient-Party,A,0,0,0
PRT,Offline TA/TO,1,0,No Deposit,0,Contract,D,0,0,1
BEL,Groups,0,2,No Deposit,0,Transient-Party,A,0,0,0
ISR,Groups,0,1,No Deposit,0,Transient-Party,D,0,2,0
GBR,Direct,0,2,No Deposit,0,Transient,G,0,0,0
NOR,Online TA,0,1,No Deposit,0,Transient,E,0,0,0
USA,Offline TA/TO,0,0,No Deposit,0,Transient,A,1,0,0
GBR,Online TA,0,2,No Deposit,0,Transient,B,0,3,0
Others,Corporate,0,1,No Deposit,0,Transient-Party,A,0,0,0
DEU,Online TA,0,1,No Deposit,0,Transient,E,0,0,0
PRT,Online TA,1,0,No Deposit,0,Transient-Party,B,0,0,1
IRL,Offline TA/TO,0,3,No Deposit,0,Contract,A,0,0,0
PRT,Direct,0,3,No Deposit,0,Transient,F,0,0,1
BRA,Online TA,0,1,No Deposit,0,Transient,B,0,1,1
CN,Direct,0,0,No Deposit,0,Transient,A,0,0,1
ROU,Online TA,0,1,No Deposit,0,Transient,E,0,2,0
NLD,Online TA,0,0,No Deposit,0,Group,A,0,0,0
Others,Online TA,0,0,No Deposit,0,Transient,D,0,0,1
Others,Direct,0,4,No Deposit,0,Transient,A,0,0,0
Others,Online TA,0,0,No Deposit,0,Transient,D,0,2,1
ESP,Offline TA/TO,0,0,No Deposit,0,Transient,G,0,0,0
USA,Online TA,0,0,No Deposit,0,Transient,C,0,2,1
DEU,Direct,0,0,No Deposit,0,Transient,G,0,0,1
POL,Direct,0,1,No Deposit,0,Transient,G,0,2,0
Others,Direct,0,2,No Deposit,0,Transient-Party,A,0,0,0
GBR,Online TA,0,1,No Deposit,0,Transient-Party,D,0,0,0
Others,Online TA,0,0,No Deposit,0,Transient-Party,D,0,2,0
Others,Online TA,0,0,No Deposit,0,Transient,D,0,1,1
Others,Online TA,0,0,No Deposit,0,Transient,D,0,0,1
ROU,Groups,0,1,No Deposit,0,Transient-Party,D,0,2,0
NLD,Offline TA/TO,0,2,No Deposit,0,Transient-Party,A,0,0,0
PRT,Online TA,0,2,No Deposit,0,Transient-Party,D,0,0,1
Others,Online TA,0,0,No Deposit,0,Transient,D,0,1,1
Others,Online TA,0,0,No Deposit,0,Transient,A,0,2,0
FIN,Online TA,0,0,No Deposit,0,Transient-Party,D,0,2,0
FRA,Direct,0,0,No Deposit,0,Transient,C,1,0,0
GBR,Offline TA/TO,0,0,No Deposit,0,Transient-Party,E,0,0,0
ITA,Direct,0,1,No Deposit,0,Transient,A,1,0,0
CN,Direct,0,2,No Deposit,0,Transient,F,1,0,0
Others,Offline TA/TO,0,0,No Deposit,0,Transient,A,0,1,0
PRT,Online TA,0,0,No Deposit,0,Contract,B,0,1,1
FRA,Groups,0,0,No Deposit,0,Transient,E,1,0,0
ITA,Aviation,0,2,No Deposit,0,Transient,A,0,0,0
GBR,Direct,0,4,No Deposit,0,Transient,C,0,1,0
CHN,Online TA,0,0,No Deposit,0,Transient,H,1,2,0
Others,Offline TA/TO,0,0,No Deposit,0,Transient-Party,A,0,0,0
ITA,Groups,0,0,No Deposit,0,Transient-Party,D,0,0,0
GBR,Complementary,0,0,No Deposit,0,Transient,E,1,2,0
BRA,Direct,0,0,No Deposit,0,Group,D,0,5,0
PRT,Offline TA/TO,0,3,No Deposit,0,Transient-Party,A,0,0,1
IRL,Online TA,0,1,No Deposit,0,Transient,C,0,1,0
Others,Groups,0,0,No Deposit,0,Transient-Party,A,0,1,0
PRT,Direct,0,2,No Deposit,0,Transient,E,0,1,0
Others,Online TA,0,1,No Deposit,0,Transient,A,0,3,1
CHN,Online TA,0,5,No Deposit,0,Transient,A,0,2,1
NOR,Online TA,0,3,No Deposit,0,Transient,A,0,1,0
PRT,Groups,0,1,No Deposit,0,Transient,A,0,1,0
CN,Direct,0,0,No Deposit,0,Transient,F,0,2,1
Others,Direct,0,1,No Deposit,0,Transient,D,0,1,0
DEU,Complementary,0,0,No Deposit,0,Transient,A,0,3,0
Others,Online TA,0,0,No Deposit,0,Contract,B,0,1,0
NOR,Online TA,0,0,No Deposit,0,Transient,G,0,0,0
ISR,Online TA,0,0,No Deposit,0,Transient,E,1,1,0
CHE,Online TA,0,3,No Deposit,0,Transient-Party,B,0,1,0
PRT,Offline TA/TO,0,1,No Deposit,0,Transient,C,0,0,1
ESP,Direct,0,0,No Deposit,0,Group,A,0,0,0
POL,Online TA,0,0,No Deposit,0,Contract,D,1,1,0
Others,Direct,0,2,No Deposit,0,Transient,F,1,0,0
PRT,Offline TA/TO,0,3,No Deposit,0,Transient,E,1,0,0
BEL,Online TA,0,0,No Deposit,0,Contract,D,0,0,0
PRT,Direct,0,1,No Deposit,0,Transient,H,1,2,0
Others,Online TA,11,0,No Deposit,0,Transient,A,0,1,0
PRT,Corporate,0,2,No Deposit,0,Transient,D,0,0,1
PRT,Complementary,2,0,No Deposit,0,Transient-Party,A,0,3,0
Others,Online TA,0,2,No Deposit,0,Transient,A,0,2,0
USA,Corporate,0,1,No Deposit,0,Transient-Party,A,0,0,0
NOR,Direct,0,1,No Deposit,0,Transient,G,0,0,1
ROU,Online TA,0,1,No Deposit,0,Transient,G,1,0,0
ESP,Direct,0,0,No Deposit,0,Transient,A,0,5,0
ITA,Direct,0,2,No Deposit,0,Transient,A,1,2,0
NOR,Online TA,0,0,No Deposit,0,Transient,F,0,0,1
Others,Online TA,0,0,No Deposit,0,Transient,D,0,1,0
ITA,Online TA,0,3,No Deposit,0,Transient-Party,B,0,1,0
Others,Online TA,0,0,No Deposit,0,Transient,D,0,2,1
Others,Offline TA/TO,0,0,No Deposit,0,Transient,A,0,0,0
PRT,Online TA,0,1,No Deposit,0,Transient-Party,A,0,2,1
PRT,Corporate,0,0,No Deposit,0,Group,A,0,0,1
Others,Direct,0,1,No Deposit,0,Transient,E,0,1,0
Others,Online TA,0,0,No Deposit,0,Transient,F,0,0,1
ESP,Online TA,0,0,No Deposit,0,Transient,B,0,2,0
BRA,Online TA,0,0,No Deposit,0,Transient-Party,D,1,2,0
BRA,Online TA,11,0,No Deposit,0,Transient-Party,A,1,0,0
Others,Online TA,0,2,No Deposit,0,Transient,A,0,0,0
PRT,Corporate,0,2,No Deposit,0,Transient,E,0,2,0
NOR,Online TA,0,0,No Deposit,0,Transient,G,1,1,0
GBR,Direct,0,0,No Deposit,0,Transient,G,1,1,0
SWE,Online TA,0,0,No Deposit,0,Transient-Party,B,0,1,0
BRA,Direct,0,0,No Deposit,0,Transient,F,0,0,0
DEU,Direct,0,1,No Deposit,0,Transient,G,0,0,0
DEU,Groups,0,1,No Deposit,0,Contract,A,0,1,0
Others,Offline TA/TO,0,0,No Deposit,0,Transient-Party,A,0,0,0
ESP,Online TA,0,2,No Deposit,0,Transient,H,0,1,0
Others,Online TA,0,1,No Deposit,0,Transient,H,0,2,1
PRT,Online TA,0,1,No Deposit,0,Transient-Party,E,0,1,0
Others,Online TA,0,0,No Deposit,0,Transient,D,0,0,0
Others,Online TA,0,1,No Deposit,0,Transient,A,0,0,0
Others,Online TA,0,0,No Deposit,0,Transient,F,0,0,1
POL,Online TA,0,0,No Deposit,0,Transient,E,0,3,0
PRT,Online TA,0,20,No Deposit,0,Transient,E,0,0,0
CHE,Online TA,0,2,No Deposit,0,Transient,A,0,0,0
FRA,Offline TA/TO,0,1,No Deposit,0,Group,A,0,1,0
ITA,Direct,0,2,No Deposit,0,Transient,F,1,0,0
Others,Offline TA/TO,0,0,No Deposit,0,Transient-Party,A,0,0,0
Others,Offline TA/TO,0,1,No Deposit,0,Transient-Party,A,0,0,0
CHN,Direct,0,0,No Deposit,0,Transient,A,0,1,0
CN,Direct,0,1,No Deposit,0,Transient,F,0,1,0
NOR,Online TA,0,1,No Deposit,0,Transient,F,0,0,1
DEU,Online TA,0,3,No Deposit,0,Transient-Party,D,0,0,1
AUT,Online TA,0,0,No Deposit,0,Transient,A,0,4,0
IRL,Online TA,0,3,No Deposit,0,Transient-Party,A,0,3,0
BRA,Online TA,0,1,No Deposit,0,Transient,G,1,2,0
Others,Online TA,0,1,No Deposit,0,Transient,A,0,0,0
FRA,Offline TA/TO,0,2,No Deposit,27,Transient-Party,A,0,0,0
NLD,Online TA,0,2,No Deposit,0,Transient,D,0,1,0
FRA,Direct,0,0,No Deposit,0,Transient,A,0,3,1
NLD,Direct,0,1,No Deposit,0,Transient,A,0,0,1
GBR,Offline TA/TO,0,0,No Deposit,0,Transient,E,0,4,0
DEU,Groups,0,3,No Deposit,0,Transient-Party,A,0,1,0
Others,Direct,0,0,No Deposit,0,Transient-Party,D,0,1,0
Others,Online TA,0,0,No Deposit,0,Transient,A,0,0,1
CHE,Online TA,0,0,No Deposit,0,Contract,D,0,1,0
Others,Offline TA/TO,0,0,No Deposit,0,Transient-Party,A,0,0,0
Others,Online TA,0,0,No Deposit,0,Transient,D,0,0,1
ESP,Direct,0,0,No Deposit,0,Transient-Party,D,0,0,0
FIN,Direct,0,0,No Deposit,0,Transient-Party,A,0,1,0
ESP,Complementary,0,1,No Deposit,0,Transient,A,0,1,0
PRT,Complementary,0,0,No Deposit,0,Transient,D,0,0,1
GBR,Groups,0,2,No Deposit,0,Transient-Party,A,0,2,0
PRT,Direct,0,2,No Deposit,0,Transient,C,0,2,0
Others,Offline TA/TO,0,0,No Deposit,0,Transient,A,0,2,0
Others,Corporate,0,3,No Deposit,0,Transient-Party,E,0,0,0
Others,Online TA,0,0,No Deposit,0,Transient,A,0,0,1
FRA,Online TA,0,1,No Deposit,0,Transient,D,0,2,1
FRA,Direct,0,0,No Deposit,0,Transient,D,0,1,1
BEL,Online TA,0,0,No Deposit,0,Transient-Party,A,0,3,0
Others,Online TA,0,1,No Deposit,0,Transient,A,0,2,0
SWE,Online TA,0,2,No Deposit,0,Transient,A,0,1,1
Others,Groups,0,1,No Deposit,0,Transient-Party,A,0,0,0
IRL,Online TA,0,0,No Deposit,0,Transient,A,2,1,0
POL,Online TA,0,0,No Deposit,0,Transient,G,0,2,0
FRA,Groups,0,0,No Deposit,49,Transient-Party,A,0,1,0
GBR,Direct,0,0,No Deposit,0,Transient-Party,F,0,0,0
Others,Online TA,0,0,No Deposit,0,Transient,E,0,0,0
USA,Online TA,0,0,No Deposit,0,Group,A,0,0,0
NLD,Online TA,0,0,No Deposit,0,Contract,F,1,1,0
PRT,Corporate,0,1,No Deposit,0,Transient-Party,E,0,0,1
BEL,Groups,0,1,No Deposit,0,Transient-Party,A,0,1,0
POL,Online TA,0,0,No Deposit,0,Transient-Party,E,0,3,0
GBR,Direct,0,0,No Deposit,0,Transient,D,0,4,0
IRL,Offline TA/TO,0,0,No Deposit,0,Transient,A,1,1,0
USA,Online TA,0,1,No Deposit,0,Transient,H,0,1,0
Others,Online TA,0,0,No Deposit,0,Transient,E,0,0,0
Others,Online TA,0,0,No Deposit,0,Transient,A,0,2,0
IRL,Offline TA/TO,0,0,No Deposit,0,Transient,F,0,0,0
Others,Online TA,0,0,No Deposit,0,Transient,D,1,1,0
IRL,Online TA,0,1,No Deposit,0,Transient-Party,A,0,3,0
PRT,Online TA,0,0,No Deposit,0,Group,D,0,1,0
Others,Online TA,0,0,No Deposit,0,Transient,D,0,2,1
PRT,Direct,1,1,No Deposit,0,Transient,E,0,0,1
Others,Groups,0,4,No Deposit,0,Transient-Party,A,0,0,0
CHN,Online TA,0,1,No Deposit,0,Transient,F,0,0,0
USA,Online TA,0,2,No Deposit,0,Transient,A,0,0,0
GBR,Corporate,0,0,No Deposit,0,Transient-Party,A,1,1,0
NLD,Offline TA/TO,0,1,No Deposit,0,Transient-Party,A,0,1,0
GBR,Online TA,0,1,No Deposit,0,Transient-Party,D,0,2,0
Others,Direct,0,0,No Deposit,0,Transient,A,0,0,0
BRA,Online TA,0,2,No Deposit,0,Transient-Party,A,0,0,0
GBR,Offline TA/TO,0,0,No Deposit,0,Contract,E,1,2,0
DEU,Direct,0,0,No Deposit,0,Transient-Party,A,0,3,0
RUS,Direct,0,2,No Deposit,0,Transient,A,0,0,0
Others,Online TA,0,2,No Deposit,0,Transient,F,0,1,1
ROU,Online TA,0,1,No Deposit,0,Transient,A,0,0,0
BRA,Corporate,0,1,No Deposit,0,Transient-Party,G,0,0,0
ROU,Direct,0,2,No Deposit,0,Transient,C,0,0,0
NLD,Offline TA/TO,0,0,No Deposit,0,Transient-Party,A,0,2,0
Others,Online TA,0,3,No Deposit,0,Transient,A,0,0,1
Others,Online TA,0,0,No Deposit,0,Transient,A,0,1,0
AUT,Direct,0,0,No Deposit,0,Transient,A,0,0,1
IRL,Online TA,0,2,No Deposit,0,Transient-Party,A,0,3,0
Others,Online TA,0,0,No Deposit,0,Transient,D,1,1,0
POL,Corporate,0,7,No Deposit,0,Transient-Party,A,0,1,0
ITA,Online TA,0,0,No Deposit,0,Transient-Party,D,1,1,0
Others,Online TA,0,0,No Deposit,0,Transient,A,0,3,1
DEU,Online TA,0,0,No Deposit,0,Transient,C,0,0,1
Others,Online TA,0,0,No Deposit,0,Transient,A,1,2,0
Others,Online TA,0,0,No Deposit,0,Contract,A,0,1,0
GBR,Online TA,0,4,No Deposit,0,Transient,D,0,1,0
Others,Online TA,0,1,No Deposit,0,Transient-Party,A,1,0,0
PRT,Aviation,0,0,No Deposit,0,Transient-Party,D,0,0,1
ITA,Direct,0,1,No Deposit,0,Transient,F,0,0,1
Others,Online TA,0,1,No Deposit,0,Transient,A,0,4,0
Others,Corporate,0,0,No Deposit,0,Transient,A,0,0,0
Others,Offline TA/TO,0,2,No Deposit,0,Transient-Party,A,0,1,0
POL,Groups,0,0,Refundable,0,Transient-Party,A,0,0,0
FRA,Direct,0,0,No Deposit,0,Transient,F,1,1,0
FRA,Online TA,0,0,No Deposit,0,Transient,G,1,1,0
PRT,Corporate,1,0,No Deposit,0,Transient,D,1,1,0
CHN,Online TA,0,0,No Deposit,0,Transient,A,0,4,0
PRT,Online TA,0,1,No Deposit,0,Contract,A,0,3,0
Others,Online TA,0,0,No Deposit,0,Transient-Party,G,0,0,0
ESP,Direct,0,2,No Deposit,0,Transient,A,0,0,1
Others,Direct,0,4,No Deposit,0,Transient,D,0,0,1
GBR,Corporate,0,0,No Deposit,0,Transient-Party,D,1,0,0
BEL,Online TA,0,1,No Deposit,0,Transient-Party,D,0,0,0
PRT,Offline TA/TO,2,2,No Deposit,0,Group,A,0,0,0
USA,Online TA,0,1,No Deposit,0,Transient,D,0,1,1
NOR,Offline TA/TO,0,0,No Deposit,0,Transient,A,0,1,0
DEU,Offline TA/TO,0,1,No Deposit,0,Group,A,0,0,0
Others,Groups,0,1,No Deposit,0,Transient,A,0,0,0
FIN,Direct,0,2,No Deposit,0,Transient-Party,A,0,2,0
PRT,Direct,2,0,No Deposit,0,Transient-Party,B,0,1,1
ROU,Offline TA/TO,0,1,No Deposit,0,Transient,E,0,0,0
ITA,Offline TA/TO,0,2,No Deposit,0,Transient-Party,B,0,1,0
DEU,Corporate,0,3,No Deposit,0,Transient,A,0,0,0
AUT,Online TA,0,0,No Deposit,0,Transient-Party,B,0,2,1
ITA,Online TA,0,1,No Deposit,0,Transient-Party,B,0,1,0
PRT,Groups,0,2,No Deposit,0,Transient,A,0,0,0
ITA,Direct,0,0,No Deposit,0,Transient-Party,A,0,1,0
PRT,Groups,0,0,Non Refund,23,Transient,A,0,0,1
PRT,Direct,0,5,No Deposit,0,Transient,D,1,1,0
FRA,Direct,0,0,No Deposit,0,Transient,G,0,3,0
CHE,Online TA,0,1,No Deposit,0,Transient,D,1,1,0
PRT,Complementary,0,0,No Deposit,0,Transient,E,0,1,0
DEU,Online TA,0,0,Non Refund,0,Transient,D,0,1,1
IRL,Direct,0,1,No Deposit,0,Transient,G,0,1,0
NLD,Aviation,0,0,No Deposit,0,Transient,A,0,0,0
DEU,Online TA,0,1,No Deposit,0,Transient-Party,B,1,0,0
FRA,Online TA,0,1,No Deposit,0,Transient,G,1,0,0
ESP,Direct,0,5,No Deposit,0,Transient-Party,E,1,3,0
Others,Online TA,0,0,No Deposit,0,Transient,A,0,2,1
CHE,Online TA,0,1,No Deposit,0,Transient,B,0,4,0
ESP,Direct,0,1,No Deposit,0,Transient,C,0,1,0
CN,Direct,0,2,No Deposit,0,Transient,G,1,1,0
PRT,Online TA,0,0,No Deposit,0,Transient,B,0,2,0
PRT,Offline TA/TO,0,2,No Deposit,0,Transient-Party,A,1,1,0
Others,Online TA,0,3,No Deposit,0,Transient,A,0,2,0
PRT,Groups,0,0,Non Refund,28,Transient,A,0,0,1
Others,Online TA,0,0,No Deposit,0,Transient,D,0,0,1
PRT,Direct,0,5,No Deposit,0,Transient,E,1,1,0
PRT,Online TA,0,0,No Deposit,0,Transient,H,0,2,1
IRL,Direct,0,0,No Deposit,0,Transient-Party,F,0,0,1
Others,Online TA,0,0,No Deposit,0,Transient,E,0,2,0
GBR,Online TA,0,2,No Deposit,0,Transient,D,1,2,0
NOR,Online TA,0,0,No Deposit,0,Transient-Party,D,0,1,0
ESP,Direct,0,0,No Deposit,0,Transient,H,0,0,1
POL,Corporate,0,0,No Deposit,0,Transient,E,0,0,0
ISR,Online TA,0,1,No Deposit,0,Transient,F,0,0,0
Others,Online TA,0,1,No Deposit,0,Transient,D,0,1,0
GBR,Direct,0,0,No Deposit,0,Transient-Party,A,0,1,0
GBR,Groups,0,0,No Deposit,0,Transient,A,1,1,0
Others,Groups,0,0,No Deposit,0,Transient-Party,A,0,0,0
Others,Online TA,0,0,No Deposit,0,Transient,D,0,2,1
PRT,Direct,0,1,No Deposit,0,Group,D,0,0,1
PRT,Online TA,0,0,No Deposit,0,Transient,F,1,3,0
USA,Online TA,0,1,No Deposit,0,Transient-Party,A,0,3,0
GBR,Corporate,0,0,No Deposit,0,Transient,E,0,1,0
NOR,Direct,0,0,No Deposit,0,Transient,G,0,1,0
USA,Online TA,0,3,No Deposit,0,Transient,B,0,1,0
Others,Offline TA/TO,0,0,No Deposit,0,Transient,A,0,0,0
USA,Online TA,0,1,No Deposit,0,Transient,G,0,1,1
ITA,Offline TA/TO,0,1,No Deposit,44,Group,A,0,0,0
CHE,Online TA,0,0,No Deposit,0,Contract,B,0,1,0
ITA,Online TA,0,2,No Deposit,0,Transient,A,0,2,1
USA,Direct,0,2,No Deposit,0,Transient,F,0,0,1
IRL,Online TA,0,7,No Deposit,0,Transient-Party,A,0,1,0
Others,Offline TA/TO,0,0,No Deposit,0,Transient,A,0,0,0
Others,Direct,0,0,No Deposit,0,Transient,A,1,0,0
Others,Online TA,0,0,No Deposit,0,Transient,A,0,1,0
GBR,Direct,0,1,No Deposit,0,Transient,E,0,2,1
Others,Online TA,0,0,No Deposit,0,Transient,D,0,2,1
GBR,Online TA,0,1,No Deposit,0,Transient,B,0,2,1
PRT,Direct,3,0,No Deposit,0,Transient,A,0,3,1
ESP,Direct,0,4,No Deposit,0,Transient-Party,F,1,0,0
PRT,Direct,0,4,No Deposit,0,Transient,E,0,2,0
FRA,Direct,0,2,No Deposit,0,Transient,D,0,3,0
BRA,Online TA,0,1,No Deposit,0,Transient-Party,H,1,0,0
IRL,Direct,0,0,No Deposit,0,Transient,F,0,3,0
IRL,Direct,0,0,No Deposit,0,Transient,F,0,0,1
PRT,Direct,0,0,No Deposit,0,Transient-Party,B,0,0,1
CHN,Direct,0,0,No Deposit,0,Transient,A,0,3,0
BEL,Online TA,0,0,No Deposit,0,Transient-Party,E,0,1,0
BEL,Online TA,0,2,No Deposit,0,Transient,A,0,3,1
DEU,Corporate,0,0,No Deposit,0,Transient,D,0,0,0
IRL,Online TA,0,2,No Deposit,0,Transient,E,0,2,0
POL,Groups,0,1,Refundable,0,Transient-Party,A,0,0,0
Others,Online TA,0,0,No Deposit,0,Transient,D,0,0,1
ESP,Groups,0,0,No Deposit,44,Transient-Party,A,0,0,0
Others,Offline TA/TO,0,0,No Deposit,21,Transient-Party,A,0,0,0
DEU,Corporate,0,3,No Deposit,0,Transient-Party,A,0,0,0
AUT,Online TA,0,2,No Deposit,0,Transient,D,1,1,0
FIN,Online TA,0,0,No Deposit,0,Transient,D,0,2,1
PRT,Groups,0,0,Non Refund,30,Transient,A,0,0,1
CHE,Online TA,0,0,No Deposit,0,Transient-Party,E,0,0,1
Others,Direct,0,4,No Deposit,0,Transient,A,0,1,0
GBR,Offline TA/TO,0,2,No Deposit,0,Transient,D,0,2,0
NLD,Groups,0,0,No Deposit,0,Transient,A,0,0,0
RUS,Online TA,0,0,No Deposit,0,Transient,B,0,2,1
Others,Offline TA/TO,0,1,No Deposit,0,Transient-Party,A,0,0,0
BEL,Direct,0,0,No Deposit,0,Group,F,0,2,0
POL,Online TA,0,1,No Deposit,0,Transient,E,0,1,0
PRT,Online TA,0,1,Refundable,0,Transient,C,0,0,1
BRA,Online TA,0,2,No Deposit,0,Transient,E,0,2,1
ESP,Online TA,0,4,No Deposit,0,Transient,A,0,0,1
CHN,Online TA,0,1,No Deposit,0,Transient,A,0,0,1
CHE,Corporate,0,2,No Deposit,0,Transient-Party,A,0,0,0
USA,Online TA,0,2,No Deposit,0,Transient,F,0,0,1
DNK,Online TA,0,2,No Deposit,0,Transient,B,0,0,1
Others,Direct,0,1,No Deposit,0,Transient,A,0,1,0
FIN,Offline TA/TO,0,0,No Deposit,0,Transient,A,0,0,0
Others,Online TA,0,0,No Deposit,0,Transient,E,0,0,1
Others,Online TA,0,0,No Deposit,0,Transient-Party,B,0,0,1
GBR,Groups,0,0,No Deposit,43,Transient-Party,D,0,0,0
Others,Online TA,0,0,No Deposit,0,Transient,D,0,2,1
IRL,Online TA,0,1,No Deposit,0,Transient,G,0,2,0
PRT,Complementary,0,1,No Deposit,0,Transient,F,1,1,0
RUS,Groups,0,0,No Deposit,0,Transient-Party,E,0,0,0
CHE,Online TA,0,2,No Deposit,0,Transient-Party,D,0,2,0
Others,Direct,0,0,No Deposit,0,Transient,G,1,0,0
PRT,Complementary,0,2,No Deposit,0,Transient,A,1,1,0
NLD,Offline TA/TO,0,2,No Deposit,0,Transient-Party,A,0,1,0
ESP,Groups,0,4,No Deposit,0,Transient,A,0,0,0
FRA,Online TA,0,1,No Deposit,0,Transient-Party,B,0,0,1
Others,Online TA,0,0,No Deposit,0,Transient,A,0,0,1
USA,Corporate,0,0,No Deposit,0,Transient-Party,D,0,0,0
Others,Online TA,0,0,No Deposit,0,Transient-Party,D,1,0,0
PRT,Direct,0,0,No Deposit,0,Transient,L,0,0,1
FIN,Direct,0,0,No Deposit,0,Transient,E,0,1,0
Others,Online TA,0,0,No Deposit,0,Transient,D,0,0,0
FIN,Online TA,0,2,No Deposit,0,Transient,A,0,2,0
Others,Online TA,0,0,No Deposit,0,Transient,E,0,2,0
SWE,Online TA,0,1,No Deposit,0,Transient,A,0,2,1
PRT,Online TA,0,2,No Deposit,0,Transient,E,0,2,1
NLD,Offline TA/TO,0,1,No Deposit,0,Transient,A,1,0,0
CHE,Corporate,0,1,No Deposit,0,Transient,A,0,0,0
Others,Aviation,0,1,No Deposit,0,Transient,D,0,0,0
AUT,Direct,0,2,No Deposit,0,Transient,E,1,0,0
Others,Corporate,0,0,No Deposit,0,Transient,E,0,1,0
NLD,Direct,0,2,No Deposit,0,Transient,A,1,0,0
ROU,Online TA,0,0,No Deposit,0,Transient,A,0,4,1
PRT,Corporate,0,1,No Deposit,0,Group,A,0,1,0
GBR,Direct,0,0,No Deposit,0,Transient,C,1,0,0
BRA,Online TA,0,0,No Deposit,0,Transient,E,0,1,1
ESP,Direct,0,1,No Deposit,0,Transient,D,0,0,1
PRT,Offline TA/TO,1,0,No Deposit,0,Transient-Party,A,0,1,1
Others,Online TA,0,0,No Deposit,0,Transient,A,1,1,0
BEL,Direct,0,3,No Deposit,0,Transient,H,0,0,0
Others,Online TA,0,0,No Deposit,0,Transient-Party,A,0,1,1
POL,Offline TA/TO,0,1,No Deposit,0,Transient,A,0,2,0
Others,Direct,0,0,No Deposit,0,Transient,A,0,0,0
Others,Online TA,0,0,No Deposit,0,Transient-Party,D,0,0,1
NLD,Online TA,0,0,No Deposit,0,Transient,B,0,0,1
CHN,Direct,0,1,No Deposit,0,Transient,E,0,1,0
PRT,Direct,0,1,No Deposit,0,Transient,G,0,1,1
NOR,Online TA,0,5,No Deposit,0,Transient-Party,E,0,0,1
Others,Online TA,0,0,No Deposit,0,Transient,D,0,1,0
USA,Direct,0,0,Refundable,0,Transient,D,0,0,1
BRA,Online TA,0,0,No Deposit,0,Transient,F,0,3,0
IRL,Direct,0,0,No Deposit,0,Transient,B,0,0,1
CHE,Online TA,0,0,No Deposit,0,Transient,H,0,0,1
Others,Direct,0,1,No Deposit,0,Transient,E,0,0,0
Others,Groups,0,0,No Deposit,0,Transient,A,0,0,0
USA,Online TA,0,0,No Deposit,0,Transient,C,1,1,0
CHN,Direct,0,2,No Deposit,0,Transient,B,0,0,0
Others,Online TA,0,1,No Deposit,0,Transient,D,0,1,1
DEU,Corporate,0,4,No Deposit,0,Transient-Party,A,0,1,0
PRT,Complementary,0,3,No Deposit,0,Transient,A,0,1,0
DEU,Complementary,0,0,No Deposit,0,Transient,F,0,1,0
AUT,Corporate,0,0,No Deposit,0,Transient,F,0,2,0
PRT,Direct,1,1,No Deposit,0,Transient,A,1,0,0
Others,Groups,0,1,No Deposit,0,Transient,A,0,0,0
Others,Offline TA/TO,0,0,No Deposit,0,Transient,E,0,0,0
PRT,Offline TA/TO,1,0,No Deposit,0,Contract,A,0,3,1
CN,Direct,0,1,No Deposit,0,Transient-Party,E,0,1,0
BRA,Online TA,0,2,No Deposit,0,Transient,E,0,1,1
PRT,Direct,1,0,No Deposit,0,Transient,E,0,1,1
PRT,Groups,21,0,No Deposit,0,Transient-Party,A,0,0,1
CHE,Direct,0,0,No Deposit,0,Transient,A,1,1,0
RUS,Online TA,0,1,No Deposit,0,Transient,D,0,1,1
ITA,Online TA,0,1,No Deposit,0,Transient,A,1,1,0
PRT,Corporate,0,2,No Deposit,0,Contract,A,0,1,0
GBR,Online TA,0,2,No Deposit,0,Transient,F,0,0,0
GBR,Online TA,0,1,No Deposit,0,Transient,E,1,2,0
Others,Offline TA/TO,0,0,No Deposit,0,Transient-Party,A,0,0,0
RUS,Online TA,0,0,No Deposit,0,Transient,D,1,2,0
NLD,Direct,0,0,No Deposit,0,Transient,A,0,0,1
Others,Online TA,0,0,No Deposit,0,Transient,A,1,1,0
PRT,Groups,0,2,No Deposit,1,Transient-Party,D,1,1,0
PRT,Direct,11,0,No Deposit,0,Transient,E,0,0,1
DEU,Offline TA/TO,0,0,No Deposit,0,Transient,A,0,3,0
Others,Online TA,0,0,No Deposit,0,Transient,A,0,1,0
Others,Online TA,0,0,No Deposit,0,Transient,D,0,2,1
FRA,Online TA,0,2,No Deposit,0,Transient,C,0,2,0
GBR,Direct,0,0,No Deposit,0,Transient,G,0,2,0
Others,Online TA,0,0,No Deposit,0,Transient,F,0,1,0
GBR,Online TA,0,0,No Deposit,0,Group,A,0,2,0
DEU,Online TA,0,0,No Deposit,0,Group,A,0,2,0
Others,Offline TA/TO,0,1,No Deposit,36,Transient-Party,A,0,0,0
GBR,Offline TA/TO,0,0,No Deposit,0,Contract,A,1,1,0
IRL,Corporate,0,0,No Deposit,0,Transient,A,1,1,0
Others,Online TA,0,0,No Deposit,0,Transient,A,0,0,0
ESP,Direct,0,3,No Deposit,0,Transient,F,1,3,0
NOR,Offline TA/TO,0,2,No Deposit,0,Transient,A,0,1,0
Others,Online TA,0,1,No Deposit,0,Transient,A,0,0,1
PRT,Online TA,0,0,No Deposit,0,Transient-Party,C,0,3,1
ESP,Offline TA/TO,0,1,No Deposit,0,Transient-Party,A,1,0,0
CN,Online TA,0,1,No Deposit,0,Transient,E,0,0,0
PRT,Corporate,1,2,No Deposit,0,Transient,A,1,2,0
Others,Online TA,0,0,No Deposit,0,Transient,A,1,2,0
USA,Direct,0,1,No Deposit,0,Transient,F,0,2,0
DEU,Groups,0,3,No Deposit,0,Contract,A,0,0,0
Others,Online TA,0,0,No Deposit,0,Transient,E,1,2,0
Others,Direct,0,0,No Deposit,0,Transient,G,0,2,1
GBR,Online TA,0,2,No Deposit,0,Transient,G,0,0,0
FIN,Direct,0,0,No Deposit,0,Transient,D,0,2,0
DNK,Online TA,0,1,No Deposit,0,Transient,A,0,0,0
CN,Direct,0,2,No Deposit,0,Transient,E,0,0,0
BEL,Direct,0,0,No Deposit,0,Transient,D,0,2,1
AUT,Online TA,0,0,No Deposit,0,Transient,F,0,2,0
PRT,Groups,0,0,No Deposit,0,Transient,A,0,1,1
CHE,Direct,0,2,No Deposit,0,Transient,A,0,2,1
PRT,Online TA,0,2,No Deposit,0,Transient,E,1,2,0
PRT,Offline TA/TO,0,0,No Deposit,0,Transient,C,0,1,1
Others,Online TA,0,1,No Deposit,0,Transient,A,0,2,0
PRT,Direct,0,0,No Deposit,0,Group,D,0,3,0
PRT,Offline TA/TO,2,1,No Deposit,0,Group,A,0,0,0
PRT,Offline TA/TO,0,0,No Deposit,0,Group,D,0,0,0
PRT,Corporate,0,2,No Deposit,0,Transient-Party,G,0,0,0
Others,Online TA,0,0,No Deposit,0,Transient,A,0,1,1
NOR,Offline TA/TO,0,1,No Deposit,0,Contract,A,0,1,0
FIN,Online TA,0,0,No Deposit,0,Contract,A,0,2,0
ITA,Online TA,0,1,No Deposit,0,Transient,B,0,0,0
Others,Direct,0,0,No Deposit,0,Transient,D,0,1,0
ISR,Online TA,0,1,No Deposit,0,Transient,A,0,0,1
FRA,Online TA,0,1,No Deposit,0,Transient,B,1,0,0
BRA,Online TA,0,0,No Deposit,0,Transient,C,1,2,0
GBR,Complementary,0,0,No Deposit,0,Transient-Party,D,0,1,0
CHE,Online TA,0,2,No Deposit,0,Transient,D,0,2,0
BEL,Online TA,0,2,No Deposit,0,Transient,E,0,0,0
DNK,Online TA,0,0,No Deposit,0,Transient-Party,F,1,2,0
Others,Direct,0,0,No Deposit,0,Transient,A,0,0,0
Others,Offline TA/TO,0,0,No Deposit,0,Transient,A,0,0,0
ESP,Direct,0,0,No Deposit,0,Transient,E,0,0,1
AUT,Direct,0,0,No Deposit,0,Transient-Party,D,0,0,0
Others,Direct,0,0,No Deposit,0,Transient,A,0,1,0
PRT,Online TA,0,1,No Deposit,0,Transient,E,0,4,0
Others,Online TA,0,0,No Deposit,0,Transient-Party,A,0,0,0
RUS,Online TA,0,1,No Deposit,0,Transient,B,0,1,1
NOR,Groups,0,2,No Deposit,0,Transient-Party,A,0,0,0
Others,Offline TA/TO,0,0,No Deposit,0,Transient,D,1,0,0
Others,Online TA,0,0,No Deposit,0,Transient,B,0,2,0
ITA,Online TA,0,1,No Deposit,0,Transient-Party,B,0,0,1
GBR,Online TA,0,2,No Deposit,0,Transient,E,0,0,1
NOR,Offline TA/TO,0,1,No Deposit,0,Transient,A,0,0,0
USA,Offline TA/TO,0,1,No Deposit,0,Transient,A,0,1,0
FRA,Direct,0,0,No Deposit,0,Transient,F,0,1,0
BEL,Direct,0,1,No Deposit,0,Transient-Party,D,0,1,0
SWE,Online TA,0,1,No Deposit,0,Transient,G,0,1,0
BRA,Online TA,0,2,No Deposit,0,Transient,D,0,1,0
Others,Online TA,0,2,No Deposit,0,Transient,A,0,2,1
FRA,Online TA,0,0,No Deposit,0,Transient,B,0,1,1
PRT,Online TA,0,3,No Deposit,0,Transient,D,0,2,0
PRT,Corporate,0,3,No Deposit,0,Transient-Party,C,0,0,0
FRA,Offline TA/TO,0,0,No Deposit,0,Transient,C,0,0,0
BEL,Online TA,0,0,No Deposit,0,Contract,F,0,0,0
FRA,Online TA,0,1,No Deposit,0,Contract,F,0,0,0
ESP,Online TA,0,1,No Deposit,0,Transient,G,0,2,0
ROU,Online TA,0,1,No Deposit,0,Transient,D,0,3,1
Others,Online TA,0,0,No Deposit,0,Contract,A,0,0,0
ITA,Online TA,0,1,No Deposit,0,Transient,F,0,1,0
Others,Online TA,0,3,No Deposit,0,Transient,A,0,1,1
DEU,Groups,0,1,No Deposit,0,Transient,D,0,0,0
PRT,Groups,0,1,No Deposit,46,Transient-Party,A,0,0,0
USA,Direct,0,2,No Deposit,0,Transient,D,0,0,0
GBR,Online TA,0,0,No Deposit,0,Transient-Party,B,0,1,0
ESP,Direct,0,0,No Deposit,0,Transient,E,1,3,0
DEU,Offline TA/TO,0,2,No Deposit,0,Transient-Party,D,0,1,0
FRA,Direct,0,2,No Deposit,0,Transient,H,1,0,0
PRT,Online TA,0,1,No Deposit,0,Transient,B,0,4,0
PRT,Direct,0,0,No Deposit,0,Group,C,0,1,0
DEU,Online TA,0,3,No Deposit,0,Transient,A,0,1,0
Others,Online TA,0,1,No Deposit,0,Transient,F,1,3,0
ISR,Online TA,0,0,No Deposit,0,Transient,D,0,2,1
ESP,Offline TA/TO,0,2,No Deposit,0,Transient,D,0,1,0
GBR,Online TA,0,0,No Deposit,0,Transient,H,1,1,0
GBR,Offline TA/TO,0,2,No Deposit,0,Contract,A,0,1,0
PRT,Offline TA/TO,1,1,No Deposit,0,Contract,A,0,1,1
Others,Online TA,0,0,No Deposit,0,Transient,E,0,0,0
Others,Online TA,0,0,No Deposit,0,Transient,A,1,1,0
NOR,Offline TA/TO,0,0,No Deposit,0,Contract,D,0,1,0
CN,Online TA,0,3,No Deposit,0,Transient,A,0,1,1
Others,Online TA,0,0,No Deposit,0,Transient,A,0,1,0
PRT,Direct,0,0,No Deposit,0,Group,G,0,2,0
NLD,Direct,0,1,No Deposit,0,Transient,A,1,0,0
IRL,Direct,0,0,No Deposit,0,Transient,E,0,3,0
ROU,Direct,0,1,No Deposit,0,Transient,E,0,2,0
PRT,Online TA,1,1,No Deposit,0,Transient,D,0,2,1
BRA,Online TA,0,0,No Deposit,0,Transient-Party,E,1,1,0
PRT,Offline TA/TO,0,0,No Deposit,0,Transient-Party,G,0,1,1
GBR,Direct,0,0,No Deposit,0,Transient-Party,G,2,0,0
Others,Online TA,0,1,No Deposit,0,Transient,D,0,1,0
PRT,Direct,0,0,No Deposit,0,Group,G,1,0,0
Others,Online TA,0,0,No Deposit,0,Transient,D,0,2,0
CHE,Groups,0,1,No Deposit,0,Transient,A,0,0,0
Others,Online TA,0,0,No Deposit,0,Transient-Party,D,1,3,0
Others,Online TA,0,0,No Deposit,0,Transient,A,0,0,0
PRT,Direct,0,2,No Deposit,0,Transient-Party,A,0,1,0
Others,Direct,0,1,No Deposit,0,Transient,A,1,0,0
ITA,Online TA,0,1,No Deposit,0,Transient-Party,A,0,3,0
SWE,Online TA,0,0,No Deposit,0,Contract,A,0,0,0
FIN,Offline TA/TO,0,0,No Deposit,0,Transient,E,0,2,0
Others,Online TA,0,0,No Deposit,0,Transient,G,0,0,0
BEL,Direct,0,0,No Deposit,0,Transient,E,1,2,0
USA,Corporate,0,0,No Deposit,0,Transient,D,0,1,0
PRT,Offline TA/TO,0,1,No Deposit,0,Transient,C,0,0,0
NLD,Online TA,0,1,No Deposit,0,Transient-Party,A,0,0,0
PRT,Direct,0,0,No Deposit,0,Transient,D,0,3,1
NLD,Online TA,0,1,No Deposit,0,Transient,F,0,0,0
ESP,Online TA,0,1,No Deposit,0,Transient-Party,E,1,1,0
PRT,Complementary,3,0,No Deposit,0,Transient,F,0,1,0
BRA,Online TA,0,0,No Deposit,0,Transient-Party,A,0,2,0
PRT,Aviation,0,1,No Deposit,0,Transient,D,0,1,0
IRL,Direct,0,1,No Deposit,0,Transient,G,0,2,1
ESP,Online TA,0,1,No Deposit,0,Contract,A,0,1,0
PRT,Direct,0,4,No Deposit,0,Transient,A,0,1,0
ESP,Online TA,0,2,No Deposit,0,Transient,G,0,1,0
Others,Online TA,0,0,No Deposit,0,Transient,E,0,2,1
GBR,Offline TA/TO,0,0,No Deposit,0,Group,D,0,2,0
FRA,Offline TA/TO,0,1,No Deposit,0,Transient,C,0,1,0
CHE,Online TA,0,0,No Deposit,0,Contract,A,1,1,0
Others,Direct,0,1,No Deposit,0,Transient,A,0,2,0
DNK,Online TA,0,1,No Deposit,0,Transient,B,0,0,1
ROU,Groups,0,0,No Deposit,0,Transient-Party,A,0,0,0
DEU,Online TA,0,1,No Deposit,0,Transient-Party,A,1,1,0
FRA,Direct,0,2,No Deposit,0,Transient,E,0,0,0
PRT,Online TA,0,2,No Deposit,0,Transient,F,0,2,0
NOR,Groups,0,1,No Deposit,0,Transient-Party,A,0,0,0
DEU,Direct,0,1,No Deposit,0,Transient,F,0,0,0
DEU,Aviation,0,1,No Deposit,0,Transient,A,0,0,0
PRT,Direct,0,1,No Deposit,0,Transient,A,0,4,0
PRT,Online TA,0,2,No Deposit,0,Contract,F,0,3,0
GBR,Corporate,0,6,No Deposit,8,Transient-Party,A,0,0,0
AUT,Direct,0,1,No Deposit,0,Transient,F,0,0,0
Others,Online TA,0,0,No Deposit,0,Transient-Party,E,0,1,0
CHN,Online TA,0,3,No Deposit,0,Transient,D,0,2,0
IRL,Online TA,0,1,No Deposit,0,Transient,E,0,3,0
Others,Online TA,0,0,No Deposit,0,Transient,D,0,1,0
FIN,Online TA,0,0,No Deposit,0,Transient-Party,D,0,1,0
IRL,Offline TA/TO,0,4,No Deposit,4,Transient-Party,A,0,1,0
Others,Online TA,0,0,No Deposit,0,Transient,D,1,0,0
Others,Online TA,0,0,No Deposit,0,Transient,A,0,0,1
Others,Offline TA/TO,0,1,No Deposit,0,Transient,A,0,0,0
FIN,Direct,0,0,No Deposit,0,Transient,E,1,0,0
PRT,Online TA,0,2,No Deposit,0,Transient-Party,A,1,0,0
ESP,Offline TA/TO,0,1,No Deposit,0,Contract,A,0,1,0
Others,Offline TA/TO,0,1,No Deposit,0,Transient-Party,A,0,1,0
CN,Offline TA/TO,0,0,Non Refund,0,Transient,A,0,0,1
Others,Online TA,0,0,No Deposit,0,Transient,A,0,3,0
BRA,Direct,0,3,No Deposit,0,Transient,A,0,0,0
Others,Corporate,0,0,No Deposit,0,Transient,A,0,0,0
PRT,Online TA,0,2,No Deposit,0,Transient-Party,B,0,1,0
DEU,Online TA,0,3,No Deposit,0,Transient,D,0,0,1
Others,Offline TA/TO,0,1,No Deposit,0,Transient-Party,A,0,0,0
GBR,Online TA,0,3,No Deposit,0,Transient,F,0,3,0
Others,Direct,0,2,No Deposit,0,Transient,C,0,2,0
RUS,Online TA,0,0,No Deposit,0,Transient,D,0,2,1
Others,Corporate,0,5,No Deposit,0,Transient,A,0,0,0
ITA,Direct,0,0,No Deposit,0,Transient,A,1,1,0
Others,Offline TA/TO,0,0,No Deposit,0,Transient-Party,A,0,1,0
GBR,Online TA,0,1,No Deposit,0,Transient,A,0,3,1
DNK,Online TA,0,0,No Deposit,0,Transient-Party,A,0,2,0
Others,Groups,0,2,No Deposit,0,Transient,A,0,0,0
ITA,Online TA,0,2,No Deposit,0,Transient,A,0,3,0
AUT,Online TA,0,0,No Deposit,0,Transient,G,0,2,0
PRT,Complementary,0,0,No Deposit,0,Transient,F,1,0,0
PRT,Corporate,0,1,Non Refund,0,Transient,A,0,1,1
DEU,Online TA,0,4,No Deposit,0,Transient,E,0,3,0
GBR,Online TA,0,0,No Deposit,0,Transient,F,0,3,1
Others,Groups,0,1,No Deposit,15,Transient-Party,A,0,0,0
DEU,Online TA,0,5,No Deposit,0,Transient-Party,A,0,2,1
FRA,Online TA,0,3,No Deposit,0,Transient,D,0,2,1
NLD,Direct,0,0,No Deposit,0,Transient,F,0,0,1
PRT,Direct,1,1,No Deposit,0,Transient,E,0,2,0
CHE,Direct,0,0,No Deposit,0,Transient,D,0,3,0
USA,Direct,0,1,No Deposit,0,Transient,A,0,0,1
ESP,Online TA,0,0,Refundable,0,Transient,D,0,1,1
FRA,Offline TA/TO,0,0,No Deposit,0,Transient-Party,E,0,0,0
POL,Online TA,0,2,No Deposit,0,Transient,A,0,3,1
Others,Online TA,0,0,No Deposit,0,Transient,A,1,2,0
PRT,Online TA,0,4,No Deposit,0,Transient,E,0,1,0
NOR,Online TA,0,0,No Deposit,0,Transient-Party,A,0,2,1
PRT,Complementary,0,0,No Deposit,0,Transient,E,0,2,1
USA,Online TA,0,1,No Deposit,0,Transient,G,0,1,0
FRA,Corporate,0,1,No Deposit,0,Transient,A,0,1,0
FRA,Offline TA/TO,0,0,No Deposit,0,Transient-Party,F,0,1,0
PRT,Offline TA/TO,0,3,No Deposit,0,Transient,A,0,2,0
Others,Online TA,0,1,No Deposit,0,Transient,H,0,0,0
Others,Direct,0,0,No Deposit,0,Transient,A,0,0,0
PRT,Corporate,0,1,No Deposit,0,Transient-Party,D,1,1,0
SWE,Online TA,0,1,No Deposit,0,Transient,B,0,2,1
PRT,Direct,0,3,No Deposit,0,Transient-Party,D,0,0,0
CHE,Online TA,0,1,No Deposit,0,Transient,F,0,0,0
Others,Online TA,0,0,No Deposit,0,Transient,C,0,0,1
PRT,Direct,0,0,No Deposit,0,Transient-Party,E,1,2,0
Others,Groups,0,1,No Deposit,0,Transient-Party,A,0,0,0
Others,Online TA,0,1,No Deposit,0,Transient,B,0,1,1
RUS,Online TA,0,2,No Deposit,0,Transient,D,0,1,1
CHE,Online TA,0,0,No Deposit,0,Transient,E,0,2,1
ESP,Direct,0,0,No Deposit,0,Transient,C,1,2,0
CN,Offline TA/TO,0,0,No Deposit,0,Transient,A,1,2,0
Others,Online TA,0,1,No Deposit,0,Transient-Party,B,0,0,0
Others,Direct,0,2,No Deposit,0,Transient,H,1,0,0
BRA,Direct,0,0,No Deposit,0,Transient,E,0,3,0
ITA,Direct,0,0,No Deposit,0,Transient,E,1,1,0
BRA,Online TA,0,1,No Deposit,0,Transient,G,0,2,0
Others,Online TA,0,0,No Deposit,0,Transient,A,0,0,0
Others,Offline TA/TO,0,0,No Deposit,0,Transient-Party,A,0,0,0
ITA,Offline TA/TO,0,2,No Deposit,0,Transient-Party,D,0,0,0
Others,Online TA,0,0,No Deposit,0,Transient,D,0,1,0
Others,Groups,0,1,No Deposit,0,Transient,A,0,0,0
Others,Offline TA/TO,0,0,No Deposit,0,Transient,A,0,0,0
GBR,Online TA,0,1,No Deposit,0,Transient,C,0,1,1
Others,Online TA,0,0,No Deposit,0,Transient,H,1,0,0
PRT,Direct,0,1,No Deposit,0,Group,A,0,2,0
IRL,Online TA,0,7,No Deposit,0,Transient,D,0,1,1
DEU,Direct,0,1,No Deposit,0,Transient,D,0,1,0
CHN,Direct,0,0,No Deposit,0,Transient,D,0,3,0
GBR,Online TA,0,0,No Deposit,0,Transient-Party,A,2,1,0
PRT,Online TA,0,0,No Deposit,0,Group,A,1,2,0
BRA,Online TA,0,0,No Deposit,0,Group,A,0,0,0
CHE,Offline TA/TO,0,0,No Deposit,0,Transient,E,0,1,0
SWE,Direct,0,0,No Deposit,0,Transient,H,0,0,0
RUS,Online TA,0,0,No Deposit,0,Transient-Party,B,0,0,1
ESP,Direct,0,0,No Deposit,0,Transient-Party,B,0,0,0
ITA,Online TA,0,0,No Deposit,0,Transient-Party,A,1,3,0
PRT,Direct,0,2,No Deposit,0,Transient-Party,E,0,1,0
PRT,Offline TA/TO,0,2,No Deposit,0,Transient-Party,A,1,0,0
BRA,Direct,0,2,No Deposit,0,Transient-Party,A,0,0,0
Others,Direct,0,0,No Deposit,0,Transient,A,0,1,0
ESP,Online TA,0,4,No Deposit,0,Transient,G,1,5,0
FRA,Direct,0,0,No Deposit,0,Transient-Party,A,0,2,0
FIN,Online TA,0,0,No Deposit,0,Transient,G,1,2,0
Others,Online TA,0,2,No Deposit,0,Transient,A,0,1,0
SWE,Online TA,0,0,No Deposit,0,Transient,F,1,0,0
SWE,Online TA,0,0,No Deposit,0,Transient,E,0,4,0
Others,Online TA,0,0,No Deposit,0,Transient,D,1,1,0
POL,Online TA,0,1,No Deposit,0,Transient,G,1,1,0
Others,Online TA,0,0,No Deposit,0,Transient,D,0,0,0
FRA,Direct,0,0,No Deposit,0,Transient,E,0,1,1
Others,Online TA,0,0,No Deposit,0,Transient,G,1,0,0
POL,Online TA,0,0,No Deposit,0,Transient,D,0,3,1
Others,Online TA,0,0,No Deposit,0,Transient-Party,D,0,2,0
ISR,Direct,0,1,No Deposit,0,Transient-Party,B,0,1,0
POL,Direct,0,0,No Deposit,0,Transient,F,0,0,0
NOR,Online TA,0,0,No Deposit,0,Transient,F,0,1,1
Others,Direct,0,0,No Deposit,0,Transient-Party,E,0,2,0
GBR,Direct,0,1,No Deposit,0,Transient,A,0,2,1
BRA,Online TA,0,0,No Deposit,0,Group,D,0,3,0
CHE,Direct,0,1,No Deposit,0,Transient,G,0,0,0
Others,Offline TA/TO,0,0,No Deposit,0,Transient,E,0,0,0
Others,Online TA,0,0,No Deposit,0,Transient,G,1,0,0
GBR,Direct,0,0,No Deposit,0,Transient,B,0,0,0
Others,Direct,0,0,No Deposit,0,Transient,A,0,1,0
Others,Online TA,0,2,No Deposit,0,Transient,D,0,3,0
Others,Online TA,0,0,No Deposit,0,Transient,A,0,1,0
IRL,Offline TA/TO,0,0,No Deposit,0,Transient-Party,D,0,0,0
ISR,Online TA,0,1,No Deposit,0,Transient,A,0,4,0
PRT,Corporate,1,1,No Deposit,0,Transient,A,1,0,0
PRT,Corporate,1,2,No Deposit,0,Transient,A,1,1,0
Others,Online TA,0,0,No Deposit,0,Transient-Party,A,1,1,0
BEL,Online TA,0,0,No Deposit,0,Transient-Party,E,1,2,0
Others,Direct,0,0,No Deposit,0,Transient,A,0,1,0
ESP,Online TA,0,1,No Deposit,0,Transient-Party,A,1,0,0
Others,Corporate,0,0,No Deposit,15,Transient-Party,A,0,0,0
ISR,Online TA,0,0,No Deposit,0,Transient-Party,A,0,2,0
PRT,Groups,0,0,Non Refund,4,Transient,A,0,0,1
BRA,Online TA,0,2,No Deposit,0,Transient,D,0,0,0
Others,Direct,0,0,No Deposit,0,Transient,D,0,0,1
USA,Direct,0,0,No Deposit,0,Transient,G,0,1,0
USA,Groups,0,3,No Deposit,0,Transient-Party,A,0,0,0
GBR,Online TA,0,1,No Deposit,0,Transient,G,0,1,1
BEL,Direct,0,2,No Deposit,0,Transient,A,0,3,0
Others,Online TA,0,1,No Deposit,0,Transient,A,0,1,0
Others,Online TA,0,0,No Deposit,0,Transient,F,0,0,1
Others,Online TA,0,0,No Deposit,0,Transient,E,0,0,1
AUT,Online TA,0,0,No Deposit,0,Transient-Party,D,0,2,0
PRT,Groups,0,10,No Deposit,0,Transient-Party,A,0,1,0
CHN,Direct,0,0,No Deposit,0,Transient,A,0,0,1
GBR,Online TA,0,1,No Deposit,0,Transient,D,0,3,0
PRT,Direct,0,2,No Deposit,0,Transient-Party,D,0,1,0
ESP,Online TA,0,0,No Deposit,0,Transient-Party,B,0,1,0
CN,Offline TA/TO,0,0,No Deposit,0,Transient,E,1,1,0
Others,Direct,0,1,No Deposit,0,Transient,A,0,1,0
AUT,Online TA,0,1,No Deposit,0,Transient-Party,B,0,0,0
ITA,Direct,0,0,No Deposit,0,Transient,A,1,0,0
GBR,Groups,0,6,No Deposit,0,Transient-Party,A,0,1,0
Others,Direct,0,0,No Deposit,0,Transient,D,0,0,1
PRT,Offline TA/TO,0,2,No Deposit,0,Transient,D,1,0,0
SWE,Online TA,0,2,No Deposit,0,Transient-Party,A,0,0,1
FRA,Online TA,0,1,No Deposit,0,Group,A,0,2,0
DEU,Aviation,0,0,No Deposit,0,Transient,A,0,0,0
PRT,Corporate,0,2,Non Refund,0,Transient,A,0,0,1
BRA,Online TA,0,0,No Deposit,0,Group,A,0,1,0
AUT,Online TA,0,2,No Deposit,0,Transient-Party,A,0,0,1
CHE,Direct,0,0,No Deposit,0,Transient,D,0,0,1
CN,Offline TA/TO,0,2,No Deposit,0,Transient,A,0,1,0
PRT,Online TA,1,0,No Deposit,0,Transient,F,0,0,1
IRL,Groups,0,1,No Deposit,0,Transient-Party,D,0,1,0
ESP,Direct,0,2,No Deposit,0,Transient,C,1,2,0
AUT,Direct,0,0,No Deposit,0,Transient,F,0,0,0
BEL,Aviation,0,0,No Deposit,0,Transient,D,0,1,0
PRT,Offline TA/TO,0,2,No Deposit,0,Group,A,0,0,0
NLD,Offline TA/TO,0,1,No Deposit,0,Transient,D,0,1,0
PRT,Online TA,0,3,No Deposit,0,Transient,A,1,1,0
BEL,Online TA,0,3,No Deposit,0,Transient,D,1,1,0
IRL,Online TA,0,2,No Deposit,0,Transient-Party,A,0,0,0
Others,Direct,0,1,No Deposit,0,Transient,A,0,0,0
Others,Online TA,0,1,No Deposit,0,Transient,F,0,1,0
DEU,Groups,0,2,No Deposit,0,Transient-Party,E,0,1,0
PRT,Online TA,0,1,No Deposit,0,Transient,A,0,4,0
BEL,Online TA,0,2,No Deposit,0,Transient-Party,A,0,0,0
CHE,Online TA,0,1,No Deposit,0,Transient-Party,A,0,0,0
GBR,Online TA,0,0,No Deposit,0,Transient,B,1,2,0
FRA,Online TA,0,0,No Deposit,0,Group,A,1,1,0
Others,Online TA,0,0,No Deposit,0,Transient,G,0,1,1
Others,Online TA,0,0,No Deposit,0,Transient,D,0,2,0
IRL,Direct,0,3,No Deposit,0,Transient,C,0,0,0
POL,Online TA,0,0,No Deposit,0,Transient,D,1,2,0
PRT,Direct,0,0,No Deposit,0,Transient-Party,D,1,2,0
Others,Corporate,0,1,No Deposit,0,Transient-Party,A,0,0,0
DNK,Online TA,0,0,No Deposit,0,Transient,C,0,0,0
AUT,Online TA,0,0,No Deposit,0,Transient,D,0,3,1
Others,Online TA,0,0,No Deposit,0,Transient,D,0,2,0
PRT,Online TA,0,0,No Deposit,0,Group,D,1,0,0
NOR,Online TA,0,1,No Deposit,0,Transient,G,0,0,1
PRT,Direct,0,0,Refundable,0,Transient-Party,A,0,0,0
AUT,Online TA,0,1,No Deposit,0,Transient,F,0,0,0
Others,Online TA,0,1,No Deposit,0,Transient-Party,A,0,0,0
FRA,Online TA,0,2,No Deposit,0,Transient,F,0,0,0
ITA,Direct,0,1,No Deposit,0,Transient,D,0,1,0
Others,Online TA,0,2,No Deposit,0,Transient,A,0,2,1
ITA,Direct,0,0,No Deposit,0,Transient,E,0,0,1
NOR,Online TA,0,1,No Deposit,0,Transient,D,0,0,0
IRL,Online TA,0,0,No Deposit,0,Transient,G,0,4,0
USA,Online TA,0,4,No Deposit,0,Transient,A,0,0,0
Others,Online TA,0,1,No Deposit,0,Transient,B,0,1,1
GBR,Online TA,0,0,No Deposit,0,Transient,H,1,0,0
DEU,Corporate,0,0,No Deposit,0,Transient,G,0,0,0
ESP,Direct,0,1,No Deposit,0,Transient-Party,B,0,0,0
Others,Online TA,0,1,No Deposit,0,Transient,D,0,0,0
PRT,Online TA,0,0,No Deposit,0,Contract,D,1,1,0
RUS,Online TA,0,1,No Deposit,0,Transient,G,1,0,0
PRT,Groups,0,3,No Deposit,0,Transient-Party,D,0,0,1
Others,Online TA,0,0,No Deposit,0,Transient,A,0,1,0
GBR,Online TA,0,2,No Deposit,0,Transient-Party,A,1,1,0
ESP,Direct,0,0,No Deposit,0,Transient-Party,A,0,2,0
ITA,Direct,0,0,No Deposit,0,Transient-Party,C,0,0,0
DEU,Online TA,0,0,No Deposit,0,Group,A,0,1,0
SWE,Online TA,0,1,No Deposit,0,Transient-Party,A,0,0,0
NOR,Offline TA/TO,0,1,No Deposit,0,Transient-Party,A,0,0,0
FRA,Groups,0,1,No Deposit,14,Transient-Party,A,0,0,0
NLD,Online TA,0,0,No Deposit,0,Transient-Party,H,0,0,0
PRT,Direct,1,0,No Deposit,0,Transient,D,0,1,0
IRL,Online TA,0,8,No Deposit,0,Transient,D,0,3,0
Others,Direct,0,0,No Deposit,0,Transient,A,0,0,1
BRA,Complementary,0,1,No Deposit,0,Transient,A,0,2,0
BRA,Offline TA/TO,0,1,No Deposit,0,Transient,A,0,0,0
Others,Online TA,0,0,No Deposit,0,Transient,D,0,1,1
IRL,Offline TA/TO,0,0,No Deposit,0,Transient,A,0,3,0
Others,Online TA,0,0,No Deposit,0,Transient,B,0,0,1
GBR,Groups,0,1,No Deposit,6,Transient-Party,D,0,0,0
IRL,Online TA,0,2,No Deposit,0,Transient,D,1,1,0
BEL,Online TA,0,1,No Deposit,0,Contract,A,0,2,0
BEL,Online TA,0,0,No Deposit,0,Contract,A,1,0,0
Others,Corporate,0,1,No Deposit,0,Transient-Party,A,0,0,0
PRT,Offline TA/TO,0,0,No Deposit,0,Contract,E,0,1,1
FRA,Online TA,0,0,No Deposit,0,Transient,C,0,2,0
BEL,Direct,0,3,No Deposit,0,Transient-Party,D,0,0,0
CHE,Direct,0,1,No Deposit,0,Transient-Party,B,0,1,0
DNK,Offline TA/TO,0,1,No Deposit,0,Transient,D,0,1,0
BRA,Direct,0,1,No Deposit,0,Transient,D,0,0,0
GBR,Online TA,0,2,No Deposit,0,Transient,E,0,2,1
ESP,Online TA,0,5,No Deposit,0,Transient,A,0,1,0
BRA,Online TA,0,0,No Deposit,0,Transient-Party,C,0,1,0
Others,Online TA,0,0,No Deposit,0,Transient,E,0,1,0
Others,Direct,0,0,No Deposit,0,Transient,F,0,0,0
POL,Offline TA/TO,0,0,No Deposit,0,Contract,A,0,2,0
GBR,Offline TA/TO,0,1,No Deposit,0,Transient-Party,F,0,0,0
USA,Online TA,0,0,No Deposit,0,Transient-Party,B,0,0,0
ISR,Offline TA/TO,0,0,No Deposit,0,Transient,D,0,0,0
DEU,Direct,0,0,No Deposit,0,Transient,G,1,0,0
USA,Online TA,0,0,No Deposit,0,Contract,F,0,1,0
PRT,Online TA,0,5,No Deposit,0,Transient,A,0,1,0
USA,Online TA,0,0,No Deposit,0,Transient,E,1,3,0
BEL,Online TA,0,3,No Deposit,0,Transient,F,1,0,0
PRT,Corporate,0,1,No Deposit,0,Transient,B,1,0,0
PRT,Corporate,0,0,No Deposit,0,Group,D,0,0,0
Others,Direct,0,0,No Deposit,0,Transient,A,0,1,0
ESP,Online TA,0,0,No Deposit,0,Transient,G,0,2,1
CN,Offline TA/TO,0,0,No Deposit,0,Contract,D,0,2,0
GBR,Corporate,0,1,No Deposit,0,Transient-Party,E,0,0,0
GBR,Online TA,0,1,No Deposit,0,Contract,A,1,2,0
RUS,Online TA,0,0,No Deposit,0,Contract,A,1,1,0
ROU,Online TA,0,0,No Deposit,0,Transient-Party,D,1,1,0
AUT,Offline TA/TO,0,0,No Deposit,0,Contract,A,0,0,0
RUS,Online TA,0,2,No Deposit,0,Transient,A,0,1,0
DEU,Direct,0,1,No Deposit,0,Transient,A,0,4,0
RUS,Direct,0,0,No Deposit,0,Transient,A,1,0,0
NOR,Direct,0,0,No Deposit,0,Transient,F,0,0,0
Others,Corporate,0,0,No Deposit,0,Transient-Party,A,0,0,0
USA,Online TA,0,0,No Deposit,0,Group,G,0,0,0
PRT,Corporate,2,0,No Deposit,0,Transient,A,1,1,0
IRL,Groups,0,1,No Deposit,0,Transient-Party,A,1,0,0
DEU,Online TA,0,0,No Deposit,0,Transient,F,0,3,1
Others,Online TA,0,2,No Deposit,0,Transient,D,0,0,1
USA,Direct,0,3,No Deposit,0,Transient,H,1,1,0
SWE,Offline TA/TO,0,1,No Deposit,0,Transient,A,1,0,0
FRA,Corporate,0,2,No Deposit,0,Transient,D,0,0,0
CN,Online TA,0,1,No Deposit,0,Transient-Party,C,1,3,0
ESP,Direct,0,0,No Deposit,0,Transient,C,0,1,1
PRT,Groups,0,0,No Deposit,0,Transient-Party,F,0,0,1
PRT,Groups,0,1,Non Refund,0,Transient,D,0,0,1
IRL,Direct,0,2,No Deposit,0,Transient,A,0,1,0
BRA,Online TA,0,1,No Deposit,0,Transient,D,0,0,0
PRT,Groups,0,0,No Deposit,0,Transient,E,0,1,0
BEL,Direct,0,0,No Deposit,0,Transient,B,0,0,0
ESP,Online TA,0,17,No Deposit,0,Transient,A,0,1,0
BRA,Online TA,0,0,No Deposit,0,Transient,B,0,1,0
POL,Online TA,0,0,No Deposit,0,Transient,D,0,3,0
PRT,Complementary,0,3,No Deposit,0,Transient,G,0,0,0
IRL,Aviation,0,0,No Deposit,0,Transient,D,0,0,0
ISR,Offline TA/TO,0,0,No Deposit,0,Transient,A,0,1,0
PRT,Complementary,3,0,No Deposit,0,Transient,A,0,1,0
ESP,Offline TA/TO,0,1,No Deposit,0,Transient-Party,F,0,1,0
Others,Direct,0,0,No Deposit,0,Transient,A,0,1,0
Others,Online TA,0,1,No Deposit,0,Transient,A,0,1,0
PRT,Direct,2,0,No Deposit,0,Transient,C,0,1,0
FIN,Corporate,0,0,No Deposit,0,Transient,E,0,0,0
GBR,Online TA,0,0,No Deposit,0,Transient,F,1,2,0
FRA,Online TA,0,0,No Deposit,0,Transient,C,1,0,0
PRT,Direct,0,0,No Deposit,0,Transient,H,0,2,0
PRT,Direct,0,0,No Deposit,0,Transient,G,1,3,0
Others,Online TA,0,0,No Deposit,0,Transient,A,1,1,0
FRA,Direct,0,0,No Deposit,0,Transient,B,0,1,0
PRT,Offline TA/TO,1,1,Non Refund,0,Transient,A,0,0,1
Others,Online TA,0,0,No Deposit,0,Transient,G,0,0,1
ESP,Direct,0,0,No Deposit,0,Transient,F,1,3,0
Others,Online TA,0,1,No Deposit,0,Transient,A,1,3,0
FRA,Direct,0,3,No Deposit,0,Transient-Party,D,0,3,0
ESP,Direct,0,1,No Deposit,0,Transient,F,0,2,0
Others,Direct,0,0,No Deposit,0,Transient,D,1,0,0
Others,Offline TA/TO,0,0,No Deposit,0,Transient,A,0,0,0
Others,Direct,0,0,Non Refund,0,Transient-Party,A,0,0,0
PRT,Online TA,0,1,No Deposit,0,Transient,G,2,2,0
CHN,Online TA,0,0,No Deposit,0,Transient,H,0,0,1
ROU,Groups,0,0,No Deposit,0,Transient-Party,D,0,1,0
Others,Direct,0,1,No Deposit,0,Transient,A,0,0,0
CHE,Direct,0,2,No Deposit,0,Transient,D,0,1,0
Others,Online TA,0,0,No Deposit,0,Transient,D,0,2,1
PRT,Offline TA/TO,0,1,No Deposit,0,Contract,A,0,2,0
Others,Online TA,0,0,No Deposit,0,Transient,F,0,0,1
ITA,Online TA,0,0,No Deposit,0,Transient-Party,A,1,1,0
GBR,Groups,0,2,No Deposit,0,Transient-Party,C,0,0,0
Others,Online TA,0,0,No Deposit,0,Transient,G,0,0,0
BEL,Online TA,0,1,No Deposit,0,Transient,A,0,1,1
IRL,Online TA,0,0,No Deposit,0,Transient,H,0,0,0
PRT,Groups,0,7,No Deposit,0,Transient-Party,A,0,1,0
BEL,Online TA,0,2,No Deposit,0,Transient,A,0,1,1
PRT,Online TA,0,2,No Deposit,0,Transient,F,2,1,0
PRT,Direct,0,1,No Deposit,0,Transient-Party,E,0,3,0
CHE,Online TA,0,3,No Deposit,0,Transient,B,0,3,0
RUS,Groups,0,2,No Deposit,0,Transient,A,0,0,0
NLD,Direct,0,0,No Deposit,0,Group,A,0,0,0
CN,Online TA,0,2,No Deposit,0,Transient,D,0,1,0
AUT,Online TA,0,1,No Deposit,0,Transient,A,0,2,1
Others,Groups,0,2,No Deposit,0,Transient-Party,A,0,0,0
POL,Online TA,0,0,No Deposit,0,Transient,A,1,2,0
FRA,Online TA,0,1,No Deposit,0,Transient,F,1,1,0
Others,Online TA,0,1,No Deposit,0,Transient,A,1,1,0
AUT,Offline TA/TO,0,0,No Deposit,0,Transient,E,0,0,0
FIN,Direct,0,2,No Deposit,0,Transient,D,0,0,0
Others,Offline TA/TO,0,0,No Deposit,0,Transient,A,0,1,0
PRT,Direct,0,0,No Deposit,0,Transient-Party,A,1,2,0
FRA,Direct,0,0,No Deposit,0,Transient-Party,G,0,1,0
IRL,Online TA,0,0,No Deposit,0,Contract,D,0,1,0
POL,Direct,0,3,No Deposit,0,Transient-Party,A,0,0,0
DEU,Offline TA/TO,0,1,No Deposit,0,Contract,A,0,1,0
GBR,Complementary,0,1,No Deposit,0,Transient,F,0,1,0
Others,Online TA,0,1,No Deposit,0,Transient,D,0,1,0
PRT,Corporate,0,0,No Deposit,0,Transient,G,0,1,0
NOR,Online TA,0,0,No Deposit,0,Transient,G,0,2,0
BEL,Direct,0,2,No Deposit,0,Transient,E,0,1,0
Others,Online TA,0,1,No Deposit,0,Transient,A,1,2,0
CN,Online TA,0,0,No Deposit,0,Transient-Party,A,0,3,0
GBR,Online TA,0,1,No Deposit,0,Transient,F,0,2,1
DNK,Online TA,0,0,No Deposit,0,Transient,G,0,0,1
USA,Online TA,0,0,No Deposit,0,Transient-Party,B,0,1,0
PRT,Offline TA/TO,1,1,No Deposit,0,Transient,E,0,1,1
PRT,Online TA,0,1,No Deposit,0,Transient,D,1,3,0
ESP,Groups,0,3,No Deposit,0,Transient-Party,A,0,0,0
Others,Online TA,0,0,No Deposit,0,Transient,D,0,0,0
ESP,Corporate,0,3,No Deposit,0,Transient-Party,A,0,0,0
PRT,Direct,0,1,No Deposit,0,Transient-Party,E,1,2,0
CHE,Online TA,0,1,No Deposit,0,Transient-Party,G,0,0,1
PRT,Complementary,0,1,No Deposit,0,Transient,D,1,0,0
ISR,Offline TA/TO,0,1,No Deposit,0,Transient-Party,A,0,0,0
BRA,Direct,0,0,No Deposit,0,Transient,E,1,1,0
USA,Online TA,0,0,No Deposit,0,Transient,A,0,5,0
IRL,Groups,0,0,No Deposit,0,Transient-Party,A,0,0,1
Others,Direct,0,0,No Deposit,0,Transient,E,0,2,0
Others,Groups,0,1,No Deposit,0,Transient-Party,A,0,0,0
CN,Direct,0,0,No Deposit,0,Transient,G,0,0,1
ITA,Aviation,0,1,No Deposit,0,Transient,A,0,0,0
Others,Online TA,0,1,No Deposit,0,Transient,A,0,1,0
Others,Direct,0,0,No Deposit,0,Transient,A,0,1,0
PRT,Online TA,1,0,No Deposit,0,Transient,F,0,1,1
ITA,Direct,0,1,No Deposit,0,Transient-Party,A,0,1,0
PRT,Groups,0,1,No Deposit,11,Transient-Party,A,0,0,0
IRL,Offline TA/TO,0,2,No Deposit,0,Contract,A,0,3,0
DEU,Direct,0,0,No Deposit,0,Transient,E,0,0,1
PRT,Offline TA/TO,1,1,No Deposit,0,Transient,A,0,0,1
Others,Aviation,0,0,No Deposit,0,Transient,A,0,0,0
RUS,Online TA,0,1,No Deposit,0,Transient,B,0,0,1
Others,Online TA,0,1,No Deposit,0,Transient,A,0,0,1
GBR,Online TA,0,1,No Deposit,0,Group,A,0,0,0
CHN,Groups,0,1,No Deposit,0,Transient-Party,A,0,0,0
Others,Online TA,0,1,No Deposit,0,Transient,A,0,0,0
FRA,Online TA,0,0,No Deposit,0,Transient-Party,F,0,0,1
DNK,Direct,0,0,No Deposit,0,Transient,E,1,0,0
ESP,Direct,0,1,No Deposit,0,Transient,D,0,2,1
GBR,Offline TA/TO,0,1,No Deposit,0,Contract,E,0,1,0
ESP,Online TA,0,1,No Deposit,0,Contract,F,0,3,0
Others,Online TA,0,0,No Deposit,0,Transient,D,0,2,1
ISR,Online TA,0,3,No Deposit,0,Transient,D,0,1,1
GBR,Direct,0,1,No Deposit,0,Transient,E,0,0,1
PRT,Corporate,0,4,No Deposit,0,Transient-Party,D,0,0,0
FIN,Direct,0,0,No Deposit,0,Transient,G,0,3,0
POL,Online TA,0,0,No Deposit,0,Transient,C,0,2,1
POL,Direct,0,3,No Deposit,0,Transient-Party,G,0,1,0
Others,Offline TA/TO,0,0,No Deposit,0,Transient,A,0,0,0
Others,Online TA,0,0,No Deposit,0,Transient,A,0,1,0
PRT,Online TA,4,0,No Deposit,0,Transient,A,0,5,0
PRT,Online TA,0,10,No Deposit,0,Transient-Party,A,1,4,0
FRA,Direct,0,1,No Deposit,0,Transient,D,1,0,0
Others,Online TA,0,2,No Deposit,0,Transient,D,0,1,0
Others,Online TA,0,0,No Deposit,0,Transient,E,0,0,1
Others,Direct,0,1,No Deposit,0,Transient-Party,A,0,0,0
Others,Online TA,0,1,No Deposit,0,Transient,D,0,1,0
Others,Offline TA/TO,0,0,No Deposit,0,Transient-Party,A,0,0,0
DEU,Corporate,0,2,No Deposit,0,Transient,A,0,0,0
PRT,Direct,0,2,No Deposit,0,Transient,F,1,1,0
Others,Online TA,0,0,No Deposit,0,Transient,B,0,0,1
CHN,Online TA,0,0,No Deposit,0,Transient-Party,B,0,1,1
GBR,Direct,0,0,No Deposit,0,Transient,E,0,2,1
BEL,Aviation,0,0,No Deposit,0,Transient,A,0,0,1
PRT,Online TA,0,1,No Deposit,0,Transient,G,0,3,1
PRT,Offline TA/TO,0,1,No Deposit,0,Contract,D,0,1,1
PRT,Direct,0,1,No Deposit,0,Transient,G,0,0,1
Others,Online TA,0,1,No Deposit,0,Transient,A,0,2,0
RUS,Online TA,0,0,No Deposit,0,Group,A,0,1,0
USA,Direct,0,1,No Deposit,0,Transient,A,0,3,0
FRA,Direct,0,2,No Deposit,0,Transient-Party,E,0,2,0
USA,Online TA,0,1,No Deposit,0,Transient-Party,C,1,1,0
Others,Online TA,0,1,No Deposit,0,Transient,A,0,2,0
Others,Online TA,0,0,No Deposit,0,Transient,C,0,1,0
Others,Direct,0,1,No Deposit,0,Transient,A,0,0,0
PRT,Corporate,2,0,No Deposit,0,Transient,A,1,0,0
Others,Online TA,0,2,No Deposit,0,Transient,A,0,0,1
Others,Online TA,0,2,No Deposit,0,Transient,A,0,2,1
Others,Online TA,0,0,No Deposit,0,Transient,D,0,0,0
USA,Online TA,0,2,No Deposit,0,Transient,G,1,1,0
FRA,Direct,0,0,No Deposit,0,Transient,H,0,1,0
ESP,Direct,0,1,No Deposit,0,Transient,G,1,1,0
ESP,Online TA,0,0,No Deposit,0,Transient,H,0,2,1
NLD,Direct,0,0,No Deposit,0,Transient,D,1,2,0
ESP,Direct,0,0,No Deposit,0,Transient-Party,B,0,1,0
NOR,Online TA,0,5,No Deposit,0,Transient,A,0,2,0
CHE,Direct,0,0,No Deposit,0,Transient,G,0,2,0
BRA,Online TA,0,3,No Deposit,0,Transient,A,0,1,0
Others,Groups,0,0,No Deposit,0,Transient-Party,D,0,0,0
RUS,Online TA,0,1,No Deposit,0,Transient-Party,B,0,1,0
USA,Direct,0,4,No Deposit,0,Transient,D,0,0,0
ROU,Direct,0,0,No Deposit,0,Transient,F,0,1,0
PRT,Offline TA/TO,0,0,No Deposit,0,Transient,F,1,0,0
PRT,Offline TA/TO,0,0,No Deposit,4,Transient-Party,A,1,0,0
ESP,Direct,0,1,No Deposit,0,Transient,F,0,0,0
IRL,Groups,0,3,No Deposit,0,Transient-Party,D,0,0,0
Others,Online TA,0,0,No Deposit,0,Transient,A,0,1,1
DEU,Offline TA/TO,0,0,No Deposit,0,Transient-Party,B,0,1,0
CHE,Online TA,0,0,No Deposit,0,Transient,C,0,0,1
PRT,Online TA,0,4,No Deposit,0,Transient,E,0,2,0
PRT,Direct,0,1,No Deposit,0,Transient,F,0,1,1
IRL,Direct,0,0,No Deposit,0,Transient-Party,E,0,3,0
PRT,Online TA,0,0,No Deposit,0,Contract,F,0,1,1
PRT,Online TA,0,0,No Deposit,0,Group,E,0,1,0
PRT,Direct,0,1,No Deposit,0,Transient,H,0,0,1
ESP,Offline TA/TO,1,0,No Deposit,0,Transient,D,0,0,0
BEL,Direct,0,0,No Deposit,0,Transient,G,1,1,0
CHN,Online TA,0,1,No Deposit,0,Contract,A,0,1,0
PRT,Direct,0,0,No Deposit,0,Group,F,1,2,0
Others,Online TA,0,1,No Deposit,0,Transient,F,0,0,1
IRL,Groups,0,1,No Deposit,0,Transient-Party,D,0,3,0
CHE,Offline TA/TO,0,0,No Deposit,0,Transient-Party,B,0,0,0
Others,Direct,0,0,No Deposit,0,Transient,A,0,0,1
ESP,Online TA,0,0,No Deposit,0,Transient,H,0,2,0
PRT,Online TA,0,0,No Deposit,0,Group,E,1,0,0
CN,Online TA,0,3,No Deposit,0,Transient,A,0,2,0
Others,Online TA,0,0,No Deposit,0,Transient,A,0,4,1
ITA,Online TA,0,0,No Deposit,0,Transient,A,0,4,1
CHE,Offline TA/TO,0,0,No Deposit,0,Transient,E,1,0,0
Others,Online TA,0,0,No Deposit,0,Transient,D,0,1,0
GBR,Direct,0,3,No Deposit,0,Transient-Party,D,0,1,0
PRT,Direct,0,2,No Deposit,0,Transient,D,1,3,0
BRA,Direct,0,0,No Deposit,0,Transient,E,0,2,0
CHE,Online TA,0,1,No Deposit,0,Transient,G,0,2,0
RUS,Corporate,0,3,No Deposit,0,Transient-Party,A,0,0,0
Others,Online TA,0,0,No Deposit,0,Transient,A,0,0,0
ITA,Online TA,0,0,No Deposit,0,Transient,E,1,2,0
ITA,Online TA,2,0,No Deposit,0,Transient-Party,A,0,1,0
PRT,Aviation,0,0,No Deposit,0,Transient-Party,A,0,0,0
CHE,Online TA,0,1,No Deposit,0,Transient,D,1,0,0
PRT,Online TA,0,2,No Deposit,0,Transient,E,0,1,0
ISR,Online TA,0,1,No Deposit,0,Transient,F,0,3,1
PRT,Online TA,0,1,No Deposit,0,Group,F,0,3,0
DEU,Offline TA/TO,0,3,No Deposit,0,Transient,A,0,0,0
Others,Online TA,0,0,No Deposit,0,Transient,A,1,1,0
NLD,Online TA,0,0,No Deposit,0,Group,D,0,2,0
PRT,Online TA,0,3,No Deposit,0,Transient,E,0,0,0
PRT,Direct,1,0,No Deposit,0,Transient,G,0,1,1
PRT,Online TA,0,0,No Deposit,0,Transient,D,1,4,0
DEU,Direct,0,2,No Deposit,0,Transient,D,0,1,0
CN,Direct,0,0,No Deposit,0,Transient,G,0,1,0
SWE,Online TA,0,0,No Deposit,0,Transient,D,0,4,0
FIN,Groups,0,0,No Deposit,0,Transient,A,0,0,0
BRA,Direct,0,2,No Deposit,0,Transient,A,0,1,0
Others,Online TA,0,0,No Deposit,0,Transient,C,1,2,0
Others,Online TA,0,0,No Deposit,0,Transient,E,0,1,0
DEU,Direct,0,2,No Deposit,0,Transient,D,0,2,0
NLD,Online TA,0,0,No Deposit,0,Transient,F,1,2,0
Others,Online TA,0,2,No Deposit,0,Transient,A,0,1,0
Others,Groups,0,0,No Deposit,0,Transient,A,0,0,0
Others,Corporate,0,0,No Deposit,0,Transient-Party,A,0,1,0
PRT,Online TA,0,0,No Deposit,0,Transient,E,2,1,0
PRT,Online TA,1,0,No Deposit,0,Transient,E,0,3,1
PRT,Offline TA/TO,0,3,No Deposit,0,Transient-Party,A,1,2,0
BRA,Complementary,0,3,No Deposit,0,Transient,E,0,2,0
PRT,Offline TA/TO,3,0,No Deposit,0,Transient-Party,A,0,0,1
IRL,Online TA,0,0,No Deposit,0,Transient,C,0,1,1
CHE,Offline TA/TO,0,2,No Deposit,0,Transient-Party,A,0,0,0
Others,Groups,0,2,No Deposit,0,Transient-Party,A,0,0,0
Others,Online TA,0,0,No Deposit,0,Transient,D,0,1,1
CHE,Offline TA/TO,0,0,No Deposit,0,Contract,E,0,1,0
ISR,Online TA,0,0,No Deposit,0,Contract,D,0,2,0
Others,Online TA,0,0,No Deposit,0,Transient,F,0,2,0
Others,Online TA,0,0,No Deposit,0,Transient,E,0,3,1
GBR,Direct,0,1,No Deposit,0,Transient,A,1,0,0
FRA,Online TA,0,1,No Deposit,0,Transient-Party,B,0,2,0
RUS,Online TA,0,1,No Deposit,0,Transient-Party,A,0,0,1
PRT,Direct,0,2,No Deposit,0,Transient,E,1,3,0
ITA,Online TA,0,2,No Deposit,0,Transient,B,0,2,0
GBR,Groups,0,1,No Deposit,0,Transient-Party,E,0,0,0
DEU,Online TA,0,2,No Deposit,0,Transient,E,0,4,0
GBR,Groups,0,1,No Deposit,0,Transient,E,0,0,0
NLD,Online TA,0,4,No Deposit,0,Transient,A,0,2,0
USA,Online TA,0,0,No Deposit,0,Transient,H,0,0,1
IRL,Online TA,0,2,No Deposit,0,Transient-Party,A,0,1,0
ESP,Offline TA/TO,0,3,No Deposit,0,Transient-Party,D,0,0,0
ESP,Direct,0,4,No Deposit,0,Transient,D,0,0,1
Others,Online TA,0,0,No Deposit,0,Transient,D,0,1,0
Others,Online TA,0,0,No Deposit,0,Transient,D,0,1,0
ESP,Online TA,0,0,No Deposit,0,Transient-Party,G,0,0,0
GBR,Online TA,0,0,No Deposit,0,Contract,F,0,0,0
IRL,Online TA,0,10,No Deposit,0,Transient,D,0,1,1
RUS,Direct,0,1,No Deposit,0,Transient,G,1,0,0
GBR,Online TA,0,2,No Deposit,0,Transient,G,1,0,0
DEU,Online TA,0,1,No Deposit,0,Transient,B,0,1,1
IRL,Online TA,0,0,No Deposit,0,Transient,E,1,1,0
Others,Online TA,0,0,No Deposit,0,Transient,F,0,2,0
BEL,Offline TA/TO,0,1,No Deposit,0,Group,D,0,0,0
USA,Online TA,0,4,No Deposit,0,Transient,D,0,5,0
ITA,Groups,0,1,No Deposit,0,Transient-Party,A,1,0,0
Others,Online TA,0,0,No Deposit,0,Transient,A,0,2,1
IRL,Direct,0,0,No Deposit,0,Transient-Party,A,0,2,0
DEU,Groups,0,1,No Deposit,0,Transient-Party,D,0,0,0
Others,Online TA,0,0,No Deposit,0,Transient,A,0,2,0
NLD,Direct,0,1,No Deposit,0,Transient,A,0,2,0
Others,Groups,0,1,No Deposit,0,Transient-Party,A,0,0,0
Others,Direct,0,0,No Deposit,0,Transient,F,1,1,0
PRT,Online TA,0,1,No Deposit,0,Transient-Party,G,1,1,0
ESP,Groups,0,0,No Deposit,18,Transient-Party,A,0,0,0
Others,Groups,0,1,No Deposit,0,Transient-Party,A,0,0,0
PRT,Direct,1,0,No Deposit,0,Transient,E,0,2,1
Others,Online TA,0,0,No Deposit,0,Transient,F,0,1,1
PRT,Online TA,0,5,No Deposit,0,Transient-Party,E,1,2,0
PRT,Offline TA/TO,0,1,No Deposit,40,Transient-Party,A,0,0,0
ESP,Direct,0,0,No Deposit,0,Transient,D,0,2,1
PRT,Complementary,0,0,No Deposit,0,Transient,F,0,0,1
Others,Corporate,0,1,No Deposit,0,Transient-Party,A,0,0,0
PRT,Aviation,0,2,No Deposit,0,Transient,A,0,0,0
Others,Direct,0,2,No Deposit,0,Transient,A,0,1,0
DEU,Direct,0,3,No Deposit,0,Transient,E,0,1,0
FIN,Online TA,0,0,No Deposit,0,Transient-Party,B,0,0,0
AUT,Groups,0,0,No Deposit,0,Transient,A,0,1,0
ESP,Online TA,0,1,No Deposit,0,Transient,E,0,2,1
PRT,Offline TA/TO,1,0,No Deposit,0,Group,A,0,1,1
GBR,Offline TA/TO,1,0,No Deposit,0,Transient,A,0,0,1
Others,Online TA,0,0,No Deposit,0,Transient,D,0,3,0
FRA,Direct,0,0,No Deposit,0,Transient,H,0,2,0
IRL,Direct,0,4,No Deposit,0,Transient,A,0,0,1
PRT,Direct,0,0,No Deposit,0,Transient-Party,D,0,1,1
Others,Online TA,0,0,No Deposit,0,Transient,D,1,3,0
Others,Online TA,0,2,No Deposit,0,Transient,A,1,1,0
Others,Online TA,0,1,No Deposit,0,Group,A,0,2,0
PRT,Online TA,0,4,No Deposit,0,Transient-Party,B,0,1,0
GBR,Online TA,0,4,No Deposit,0,Transient,G,0,1,0
PRT,Direct,0,0,No Deposit,0,Group,F,0,1,0
Others,Online TA,0,3,No Deposit,0,Transient,A,0,2,0
Others,Online TA,0,1,No Deposit,0,Transient,G,0,1,0
ESP,Direct,0,2,No Deposit,0,Transient,C,0,1,0
FRA,Online TA,0,0,No Deposit,0,Transient,F,0,3,1
PRT,Offline TA/TO,0,0,Non Refund,53,Transient,A,0,0,1
Others,Corporate,0,1,No Deposit,0,Transient,B,0,2,0
Others,Direct,0,2,No Deposit,0,Transient,D,0,0,0
BEL,Direct,0,1,No Deposit,0,Transient-Party,B,1,1,0
CN,Direct,0,2,No Deposit,0,Transient,A,0,2,0
CHN,Direct,0,2,No Deposit,0,Transient,F,0,1,0
Others,Online TA,0,0,No Deposit,0,Transient,D,0,1,1
FRA,Offline TA/TO,0,0,No Deposit,0,Transient,F,0,2,0
FIN,Offline TA/TO,0,0,No Deposit,0,Group,D,0,2,0
Others,Online TA,0,0,No Deposit,0,Transient,A,0,2,0
Others,Groups,0,0,No Deposit,0,Transient,A,0,0,0
NLD,Online TA,0,1,No Deposit,0,Contract,F,0,0,0
PRT,Corporate,1,0,No Deposit,0,Transient,A,0,3,0
PRT,Online TA,0,1,No Deposit,0,Transient,E,0,3,0
Others,Direct,0,3,No Deposit,0,Transient-Party,A,0,0,0
PRT,Direct,0,4,No Deposit,0,Transient,C,0,2,0
POL,Offline TA/TO,0,1,No Deposit,0,Transient-Party,E,0,1,0
GBR,Direct,0,3,No Deposit,0,Transient,F,1,3,0
IRL,Direct,0,2,No Deposit,0,Transient,F,1,0,0
Others,Online TA,0,0,No Deposit,0,Transient,A,0,2,0
Others,Offline TA/TO,0,0,No Deposit,0,Transient,A,0,1,0
IRL,Online TA,0,0,No Deposit,0,Transient,H,0,1,0
ISR,Online TA,0,0,No Deposit,0,Transient,E,0,2,1
FRA,Corporate,1,0,No Deposit,0,Transient,A,0,1,0
PRT,Direct,0,5,No Deposit,0,Transient,A,0,1,0
GBR,Online TA,0,0,No Deposit,0,Transient,A,1,4,0
ISR,Online TA,0,0,No Deposit,0,Transient,F,0,1,1
SWE,Online TA,0,1,No Deposit,0,Transient,A,1,1,0
AUT,Online TA,0,1,No Deposit,0,Transient,B,0,2,1
PRT,Direct,0,1,No Deposit,0,Group,G,0,0,0
CN,Groups,0,1,No Deposit,0,Transient-Party,E,0,1,0
Others,Online TA,0,0,No Deposit,0,Transient,A,0,1,1
Others,Online TA,0,0,No Deposit,0,Transient,E,0,1,1
ROU,Direct,0,1,No Deposit,0,Transient,G,0,0,0
DEU,Offline TA/TO,0,2,No Deposit,0,Transient,A,0,0,0
Others,Online TA,0,1,No Deposit,0,Transient,A,0,2,1
CHN,Online TA,0,3,No Deposit,0,Transient,A,0,0,1
PRT,Direct,1,0,No Deposit,0,Transient,C,0,0,1
Others,Online TA,0,2,No Deposit,0,Transient,D,0,1,1
BRA,Groups,0,1,No Deposit,0,Transient-Party,D,0,1,0
DEU,Online TA,0,3,No Deposit,0,Transient,A,0,4,0
PRT,Direct,1,1,No Deposit,0,Transient,G,0,0,1
Others,Direct,0,0,No Deposit,0,Transient,E,1,0,0
IRL,Direct,0,2,No Deposit,0,Transient,D,0,1,1
Others,Online TA,0,0,No Deposit,0,Transient,A,1,1,0
Others,Direct,0,0,No Deposit,0,Transient,A,0,0,0
BEL,Online TA,0,0,No Deposit,0,Transient-Party,D,0,4,0
Others,Online TA,0,0,No Deposit,0,Transient,A,0,3,1
IRL,Online TA,0,1,No Deposit,0,Transient,B,0,1,0
AUT,Offline TA/TO,0,1,No Deposit,0,Transient,A,0,0,0
PRT,Offline TA/TO,0,1,No Deposit,0,Group,D,0,1,0
FRA,Online TA,0,2,No Deposit,0,Transient,D,1,1,0
PRT,Online TA,1,0,No Deposit,0,Transient-Party,B,0,2,1
PRT,Direct,0,1,No Deposit,0,Transient-Party,D,0,3,0
BRA,Direct,0,2,No Deposit,0,Transient,F,0,0,1
ESP,Offline TA/TO,0,0,No Deposit,0,Transient,D,2,0,0
Others,Online TA,0,0,No Deposit,0,Transient,G,0,0,0
AUT,Direct,0,0,No Deposit,0,Transient,D,1,1,0
PRT,Corporate,1,2,No Deposit,0,Transient,A,1,0,0
Others,Online TA,0,1,No Deposit,0,Transient-Party,D,0,0,0
GBR,Online TA,0,2,No Deposit,0,Transient,H,0,1,0
PRT,Direct,0,5,No Deposit,0,Transient,D,0,0,0
BRA,Online TA,0,2,No Deposit,0,Transient,A,1,0,0
Others,Online TA,0,0,No Deposit,0,Transient,G,0,2,0
Others,Online TA,0,1,No Deposit,0,Transient,A,0,1,0
Others,Direct,0,0,No Deposit,0,Transient,C,0,3,0
CHN,Direct,0,1,No Deposit,0,Transient,E,0,0,0
Others,Online TA,0,0,No Deposit,0,Transient,B,0,0,1
ITA,Online TA,0,4,No Deposit,0,Transient,D,0,2,0
RUS,Online TA,0,2,No Deposit,0,Transient,H,0,0,0
Others,Online TA,0,1,No Deposit,0,Transient,A,0,2,0
Others,Direct,0,2,No Deposit,0,Transient,A,1,0,0
DNK,Online TA,0,1,No Deposit,0,Transient-Party,E,0,3,0
FRA,Corporate,0,1,No Deposit,0,Transient,E,0,0,0
DEU,Online TA,0,1,No Deposit,0,Transient,G,0,0,0
Others,Direct,0,0,No Deposit,0,Transient,G,0,1,0
IRL,Online TA,0,8,No Deposit,0,Transient-Party,D,0,1,1
CN,Offline TA/TO,0,0,No Deposit,0,Transient-Party,D,0,1,0
SWE,Direct,0,0,No Deposit,0,Transient,G,1,1,0
Others,Online TA,0,0,No Deposit,0,Transient,D,0,1,0
ITA,Groups,0,2,No Deposit,0,Transient-Party,A,1,0,0
DEU,Groups,0,1,No Deposit,0,Contract,A,1,0,0
PRT,Online TA,0,0,No Deposit,0,Transient-Party,B,0,2,0
DEU,Offline TA/TO,0,1,No Deposit,0,Transient-Party,D,0,1,0
DEU,Direct,0,2,No Deposit,0,Transient,D,1,0,0
GBR,Online TA,0,0,No Deposit,0,Transient,B,0,1,1
Others,Online TA,0,0,No Deposit,0,Transient,E,0,1,1
SWE,Online TA,0,0,No Deposit,0,Transient,A,0,3,1
ESP,Offline TA/TO,0,0,No Deposit,0,Transient,C,1,1,0
RUS,Direct,0,0,No Deposit,0,Transient,F,0,0,1
IRL,Direct,0,4,No Deposit,0,Transient,D,0,2,1
PRT,Offline TA/TO,0,2,No Deposit,0,Transient,C,0,0,0
SWE,Groups,0,2,No Deposit,0,Transient-Party,E,1,2,0
Others,Online TA,0,0,No Deposit,0,Transient,D,1,3,0
ISR,Online TA,0,2,No Deposit,0,Transient,D,1,1,0
Others,Online TA,0,0,No Deposit,0,Transient,A,1,1,0
NOR,Online TA,0,0,No Deposit,0,Transient-Party,A,0,3,0
Others,Online TA,0,2,No Deposit,0,Transient,D,0,1,0
Others,Online TA,0,2,No Deposit,0,Transient,A,0,1,0
GBR,Online TA,0,0,No Deposit,0,Transient-Party,G,0,3,0
Others,Groups,0,2,No Deposit,0,Transient,A,0,1,0
FRA,Online TA,0,1,No Deposit,0,Transient,D,1,0,0
Others,Direct,0,1,No Deposit,0,Transient,A,0,0,1
Others,Offline TA/TO,0,0,No Deposit,0,Transient-Party,A,0,0,0
CHE,Online TA,0,2,No Deposit,0,Transient,B,0,3,0
GBR,Direct,0,2,No Deposit,0,Transient,F,0,3,0
PRT,Corporate,0,0,No Deposit,0,Transient-Party,E,0,1,0
ITA,Online TA,0,1,No Deposit,0,Transient,F,0,3,0
Others,Offline TA/TO,0,0,No Deposit,0,Transient,D,0,0,0
Others,Online TA,0,1,No Deposit,0,Transient,A,0,2,0
BRA,Online TA,0,1,No Deposit,0,Transient,E,0,2,0
ISR,Online TA,0,0,No Deposit,0,Transient,E,0,1,1
Others,Groups,0,1,No Deposit,0,Transient-Party,A,0,0,0
POL,Online TA,0,1,No Deposit,0,Transient-Party,A,0,1,0
USA,Online TA,0,0,No Deposit,0,Transient-Party,H,0,0,0
NOR,Direct,0,0,No Deposit,0,Transient,E,0,1,0
GBR,Online TA,0,0,No Deposit,0,Transient-Party,A,0,1,1
FRA,Online TA,0,1,No Deposit,0,Transient,F,0,0,1
FRA,Online TA,0,1,No Deposit,0,Transient,A,1,3,0
IRL,Online TA,0,0,No Deposit,0,Transient-Party,A,0,4,0
ESP,Online TA,0,3,No Deposit,0,Transient,D,0,0,0
Others,Online TA,0,2,No Deposit,0,Transient,E,0,0,1
IRL,Offline TA/TO,0,1,No Deposit,0,Transient,A,0,3,0
USA,Online TA,0,0,No Deposit,0,Transient,D,1,0,0
SWE,Online TA,0,1,No Deposit,0,Transient-Party,D,0,2,0
PRT,Direct,0,1,No Deposit,0,Group,A,0,0,0
GBR,Online TA,0,7,No Deposit,0,Transient,G,0,1,0
Others,Online TA,0,0,No Deposit,0,Transient,A,0,2,0
Others,Direct,0,1,No Deposit,0,Transient,F,0,0,0
PRT,Online TA,0,1,No Deposit,0,Group,E,0,1,0
NLD,Online TA,0,0,No Deposit,0,Transient,C,0,2,1
CHN,Online TA,0,4,No Deposit,0,Transient,F,0,0,1
CHE,Online TA,0,1,No Deposit,0,Transient,E,1,2,0
Others,Online TA,0,0,No Deposit,0,Contract,D,0,0,0
ITA,Online TA,0,2,No Deposit,0,Transient,F,0,0,1
Others,Online TA,0,0,No Deposit,0,Transient-Party,D,0,0,0
PRT,Online TA,0,0,No Deposit,0,Contract,F,0,0,1
AUT,Online TA,0,1,No Deposit,0,Transient,B,0,1,0
NOR,Offline TA/TO,0,0,No Deposit,0,Transient,A,1,1,0
BEL,Online TA,0,0,No Deposit,0,Contract,A,1,1,0
Others,Online TA,0,0,No Deposit,0,Transient,D,1,0,0
CHN,Online TA,0,5,No Deposit,0,Transient,A,0,1,0
ROU,Offline TA/TO,0,0,No Deposit,0,Transient,E,0,3,0
DEU,Online TA,0,2,No Deposit,0,Transient,D,0,2,1
PRT,Offline TA/TO,0,2,No Deposit,0,Transient,B,0,4,0
SWE,Online TA,0,0,No Deposit,0,Transient,H,0,0,0
PRT,Corporate,0,1,No Deposit,0,Transient,A,0,1,1
Others,Direct,0,1,No Deposit,0,Transient,D,0,0,0
Others,Online TA,0,1,No Deposit,0,Transient,A,0,0,0
PRT,Online TA,0,1,No Deposit,0,Transient,F,0,1,1
PRT,Online TA,0,0,No Deposit,0,Transient-Party,H,0,2,0
Others,Online TA,0,0,No Deposit,0,Transient,D,0,1,0
GBR,Offline TA/TO,0,3,No Deposit,0,Transient,D,0,2,0
Others,Online TA,0,0,No Deposit,0,Transient,B,0,0,1
FRA,Online TA,0,4,No Deposit,0,Transient,A,0,2,1
BEL,Online TA,0,0,No Deposit,0,Transient-Party,E,0,3,0
CHE,Groups,0,0,No Deposit,0,Transient,A,0,0,0
PRT,Corporate,0,0,No Deposit,0,Transient-Party,C,0,0,0
Others,Online TA,0,2,No Deposit,0,Transient,C,1,2,0
Others,Online TA,0,0,No Deposit,0,Contract,A,0,2,0
GBR,Offline TA/TO,0,2,No Deposit,0,Transient-Party,E,0,4,0
POL,Direct,0,0,No Deposit,0,Transient,A,1,0,0
GBR,Offline TA/TO,0,2,No Deposit,0,Transient-Party,D,0,1,0
ITA,Online TA,0,3,No Deposit,0,Transient,E,0,2,0
USA,Offline TA/TO,0,2,No Deposit,0,Transient-Party,A,0,0,0
ITA,Offline TA/TO,0,1,No Deposit,0,Contract,D,0,0,0
Others,Online TA,0,2,No Deposit,0,Transient,A,0,0,1
ESP,Direct,0,0,No Deposit,0,Transient,D,0,5,0
Others,Online TA,0,0,No Deposit,0,Transient,F,0,2,0
PRT,Direct,0,2,No Deposit,0,Transient,G,1,3,0
ISR,Groups,0,1,No Deposit,0,Transient,A,0,1,0
PRT,Online TA,1,0,No Deposit,0,Transient,H,0,2,1
Others,Online TA,0,0,No Deposit,0,Transient-Party,E,0,0,0
GBR,Online TA,0,3,No Deposit,0,Transient,D,0,0,0
ESP,Online TA,0,1,No Deposit,0,Transient-Party,D,0,0,1
PRT,Offline TA/TO,0,3,No Deposit,0,Transient,D,1,1,0
BRA,Direct,0,2,No Deposit,0,Transient-Party,A,0,1,0
USA,Offline TA/TO,0,1,No Deposit,0,Transient-Party,E,0,0,0
SWE,Direct,0,0,No Deposit,0,Transient,B,0,0,1
DNK,Online TA,0,0,No Deposit,0,Group,B,0,2,0
PRT,Offline TA/TO,0,2,No Deposit,59,Transient-Party,A,0,0,0
USA,Online TA,0,1,No Deposit,0,Transient,D,1,1,0
CN,Offline TA/TO,0,0,No Deposit,0,Transient,E,0,2,0
Others,Direct,0,0,No Deposit,0,Transient-Party,E,0,0,0
POL,Online TA,0,1,No Deposit,0,Transient,A,0,0,1
PRT,Direct,3,1,No Deposit,0,Transient,E,0,2,1
BEL,Online TA,0,2,No Deposit,0,Transient,A,0,3,0
DNK,Online TA,0,1,No Deposit,0,Transient-Party,B,0,0,1
FRA,Online TA,0,0,No Deposit,0,Group,A,0,0,0
Others,Corporate,0,3,No Deposit,0,Transient,A,0,0,0
DEU,Direct,0,1,No Deposit,0,Transient-Party,D,0,0,0
DEU,Groups,0,2,No Deposit,0,Contract,C,0,0,0
BRA,Online TA,0,1,No Deposit,0,Transient,H,1,2,0
FRA,Online TA,0,1,No Deposit,0,Transient,C,0,2,1
PRT,Direct,0,0,No Deposit,0,Transient-Party,F,0,0,1
PRT,Online TA,11,1,No Deposit,0,Transient,A,1,0,0
DEU,Online TA,0,3,No Deposit,0,Group,A,0,0,0
PRT,Direct,0,5,No Deposit,0,Transient,F,1,3,0
PRT,Direct,0,0,No Deposit,0,Transient,E,2,3,0
GBR,Online TA,0,2,No Deposit,0,Transient,D,1,1,0
FIN,Complementary,1,0,No Deposit,0,Transient,A,0,2,1
PRT,Groups,0,0,Non Refund,56,Transient,A,0,0,1
PRT,Direct,0,2,No Deposit,0,Transient,A,0,1,1
BRA,Online TA,0,2,No Deposit,0,Transient,H,0,0,1
FIN,Direct,0,2,No Deposit,0,Transient,F,0,1,0
PRT,Direct,0,0,No Deposit,0,Transient,E,0,4,1
RUS,Online TA,0,0,No Deposit,0,Transient,A,0,3,1
Others,Online TA,0,0,No Deposit,0,Transient-Party,A,1,0,0
CN,Direct,0,0,No Deposit,0,Transient,A,0,1,1
BRA,Direct,0,4,No Deposit,0,Transient,D,0,0,0
PRT,Groups,0,4,No Deposit,14,Transient-Party,A,0,1,0
Others,Online TA,0,2,No Deposit,0,Transient,C,0,1,1
Others,Online TA,0,0,No Deposit,0,Transient,B,0,0,0
AUT,Online TA,0,0,No Deposit,0,Transient,E,0,3,1
FRA,Online TA,0,0,No Deposit,0,Transient,B,0,3,0
DEU,Online TA,0,2,No Deposit,0,Transient,F,0,0,0
PRT,Online TA,0,3,No Deposit,0,Transient-Party,A,0,1,0
USA,Direct,0,2,No Deposit,0,Transient,E,0,1,0
PRT,Online TA,0,15,No Deposit,0,Transient-Party,D,0,1,0
CHE,Online TA,0,0,No Deposit,0,Transient,D,0,4,1
RUS,Online TA,0,0,No Deposit,0,Transient,H,1,0,0
BEL,Online TA,0,0,No Deposit,0,Transient,G,0,0,0
POL,Direct,0,6,No Deposit,0,Transient,E,1,2,0
PRT,Complementary,0,0,No Deposit,0,Transient,F,0,2,1
ESP,Direct,0,0,No Deposit,0,Transient,H,0,0,0
PRT,Online TA,0,3,No Deposit,0,Transient,C,0,0,1
CHE,Online TA,0,0,No Deposit,0,Transient,G,0,3,0
Others,Online TA,0,0,No Deposit,0,Transient,A,0,0,1
GBR,Online TA,0,0,No Deposit,0,Transient,E,1,3,0
PRT,Corporate,2,0,No Deposit,0,Transient-Party,A,0,1,1
Others,Online TA,0,0,No Deposit,0,Transient,D,0,2,1
POL,Groups,0,1,No Deposit,0,Transient-Party,E,0,0,0
PRT,Corporate,3,0,No Deposit,0,Transient,D,0,0,1
Others,Direct,0,0,No Deposit,0,Transient,A,0,0,1
GBR,Online TA,0,0,No Deposit,0,Transient-Party,G,1,0,0
ITA,Online TA,0,5,No Deposit,0,Transient,D,1,0,0
CHN,Online TA,0,0,No Deposit,0,Transient,F,0,2,0
CN,Direct,0,2,No Deposit,0,Transient,E,1,0,0
USA,Online TA,0,1,No Deposit,0,Transient,E,0,0,0
ROU,Direct,0,0,No Deposit,0,Transient,A,0,1,1
DEU,Direct,0,0,No Deposit,0,Transient,A,0,2,1
IRL,Online TA,0,0,No Deposit,0,Transient-Party,D,0,3,0
Others,Online TA,0,0,No Deposit,0,Transient,D,0,2,0
PRT,Offline TA/TO,0,1,No Deposit,0,Transient,F,0,0,0
ITA,Direct,0,0,No Deposit,0,Transient,A,0,2,1
Others,Online TA,0,0,No Deposit,0,Group,A,0,0,0
BEL,Direct,0,0,No Deposit,0,Transient,G,0,1,0
FRA,Online TA,0,1,No Deposit,0,Transient,B,0,2,1
ESP,Complementary,0,1,No Deposit,0,Transient-Party,C,0,0,0
SWE,Groups,0,4,No Deposit,0,Transient-Party,A,0,0,0
GBR,Groups,0,2,No Deposit,0,Transient-Party,E,0,0,0
POL,Direct,0,0,No Deposit,0,Transient-Party,A,0,1,0
Others,Online TA,0,0,No Deposit,0,Transient,E,0,2,0
DEU,Groups,0,4,No Deposit,0,Transient-Party,A,0,0,0
BEL,Groups,0,0,No Deposit,0,Transient,B,0,0,0
Others,Online TA,0,0,No Deposit,0,Transient,D,0,3,0
DEU,Online TA,0,2,No Deposit,0,Transient-Party,B,0,1,1
Others,Online TA,0,0,No Deposit,0,Transient,D,0,0,1
ROU,Direct,0,0,No Deposit,0,Transient,A,0,3,0
PRT,Direct,0,1,No Deposit,0,Transient-Party,A,0,3,0
AUT,Corporate,0,1,No Deposit,0,Transient-Party,A,0,1,0
FIN,Direct,0,1,No Deposit,0,Transient,D,1,0,0
Others,Corporate,0,2,No Deposit,0,Transient-Party,A,0,0,0
PRT,Offline TA/TO,0,0,No Deposit,0,Transient,A,2,1,0
IRL,Direct,0,2,No Deposit,0,Transient-Party,A,0,1,0
CHE,Online TA,0,0,No Deposit,0,Transient-Party,E,0,3,0
Others,Online TA,0,0,No Deposit,0,Transient,D,0,1,0
DEU,Online TA,0,4,No Deposit,0,Transient,A,0,1,0
ITA,Corporate,0,6,No Deposit,0,Transient,A,0,0,0
Others,Online TA,0,2,No Deposit,0,Transient,G,1,0,0
PRT,Groups,0,0,No Deposit,0,Transient-Party,D,1,0,0
USA,Online TA,0,4,No Deposit,0,Group,A,0,0,0
ESP,Direct,0,0,No Deposit,0,Transient,D,0,4,0
Others,Online TA,0,2,No Deposit,0,Transient,A,0,1,1
GBR,Direct,0,1,No Deposit,0,Transient,C,0,0,0
Others,Online TA,0,0,No Deposit,0,Transient,G,1,0,0
Others,Online TA,0,2,No Deposit,0,Transient,A,0,2,0
GBR,Online TA,0,1,No Deposit,0,Transient,F,0,5,0
PRT,Offline TA/TO,0,1,No Deposit,0,Transient,C,0,1,1
USA,Online TA,0,4,No Deposit,0,Transient-Party,A,0,2,0
Others,Online TA,0,0,No Deposit,0,Transient,D,0,2,0
FRA,Online TA,0,3,No Deposit,0,Transient,E,0,2,0
IRL,Online TA,1,0,No Deposit,0,Transient,A,0,0,1
PRT,Corporate,0,1,No Deposit,0,Transient-Party,D,0,0,1
Others,Direct,0,2,No Deposit,0,Transient-Party,F,0,0,0
Others,Online TA,0,0,No Deposit,0,Group,F,0,0,0
PRT,Online TA,2,1,No Deposit,0,Transient,A,0,4,1
PRT,Direct,0,4,No Deposit,0,Transient,F,0,1,0
Others,Direct,0,1,No Deposit,0,Transient,A,0,0,0
ITA,Groups,0,3,No Deposit,0,Transient,A,0,1,0
POL,Online TA,0,0,No Deposit,0,Transient-Party,A,0,2,0
GBR,Online TA,0,3,No Deposit,0,Transient,B,0,0,0
DEU,Online TA,0,2,No Deposit,0,Transient,G,1,0,0
NLD,Direct,0,1,No Deposit,0,Transient,F,0,0,0
NOR,Corporate,0,0,No Deposit,0,Transient,D,1,0,0
DEU,Offline TA/TO,0,0,No Deposit,0,Transient,F,0,0,0
FIN,Online TA,0,2,No Deposit,0,Transient-Party,B,0,0,0
Others,Online TA,0,2,No Deposit,0,Transient,A,0,0,1
ITA,Offline TA/TO,0,0,No Deposit,0,Group,D,0,1,0
RUS,Groups,0,0,No Deposit,22,Transient-Party,A,0,0,0
GBR,Offline TA/TO,0,0,No Deposit,0,Contract,A,1,0,0
USA,Corporate,0,2,No Deposit,0,Transient-Party,G,0,0,0
PRT,Online TA,0,4,No Deposit,0,Transient,E,0,1,1
FRA,Offline TA/TO,0,2,No Deposit,0,Transient,A,1,0,0
ESP,Direct,0,0,No Deposit,0,Transient,H,1,1,0
Others,Direct,0,1,No Deposit,0,Transient,A,0,1,0
Others,Online TA,0,0,No Deposit,0,Transient,A,0,2,1
ROU,Online TA,0,1,No Deposit,0,Transient,D,0,2,0
FRA,Direct,0,2,No Deposit,0,Transient-Party,D,0,3,0
CN,Online TA,0,1,No Deposit,0,Transient,E,0,0,1
USA,Online TA,0,3,No Deposit,0,Transient-Party,A,0,2,0
ESP,Online TA,0,0,No Deposit,0,Transient,D,0,4,1
Others,Online TA,0,0,No Deposit,0,Transient,A,0,2,1
ESP,Direct,0,2,No Deposit,0,Transient,A,0,1,1
SWE,Corporate,0,2,No Deposit,0,Transient-Party,A,0,0,0
BRA,Corporate,0,1,No Deposit,0,Transient-Party,A,0,0,0
Others,Direct,0,0,No Deposit,0,Transient,F,0,0,1
GBR,Online TA,0,1,No Deposit,0,Transient-Party,E,1,2,0
RUS,Online TA,0,2,No Deposit,0,Transient,B,0,2,1
DEU,Online TA,0,5,No Deposit,0,Transient,A,0,2,1
POL,Complementary,0,1,No Deposit,0,Transient,E,0,1,0
BRA,Direct,0,1,No Deposit,0,Transient,F,1,0,0
Others,Online TA,0,0,No Deposit,0,Transient,D,0,1,1
FIN,Online TA,0,0,No Deposit,0,Contract,F,0,1,0
BEL,Direct,0,3,No Deposit,0,Transient,D,1,0,0
CHN,Direct,0,1,No Deposit,0,Transient,A,0,2,0
PRT,Corporate,2,2,No Deposit,0,Transient,A,0,1,1
NLD,Online TA,0,0,No Deposit,0,Transient,C,0,1,0
Others,Online TA,0,0,No Deposit,0,Transient,G,0,0,0
SWE,Direct,0,2,No Deposit,0,Transient,E,1,2,0
Others,Online TA,0,0,No Deposit,0,Transient-Party,A,0,1,0
FRA,Direct,0,0,No Deposit,0,Transient-Party,E,1,0,0
ESP,Aviation,1,2,No Deposit,0,Transient-Party,D,0,0,1
PRT,Online TA,0,0,No Deposit,0,Group,A,0,2,0
IRL,Online TA,0,3,No Deposit,0,Transient,D,0,1,1
IRL,Direct,0,2,No Deposit,0,Transient-Party,B,0,2,0
Others,Direct,0,1,No Deposit,0,Transient,A,0,0,0
FRA,Corporate,0,3,No Deposit,0,Transient,A,0,1,0
NLD,Groups,0,3,No Deposit,0,Transient-Party,D,0,0,0
FIN,Online TA,0,3,No Deposit,0,Transient,E,0,1,1
Others,Direct,0,0,No Deposit,0,Group,A,0,0,0
USA,Online TA,0,0,No Deposit,0,Group,A,0,2,0
ESP,Online TA,0,0,Refundable,0,Transient,A,0,2,1
PRT,Complementary,3,0,No Deposit,0,Transient,G,0,1,0
ESP,Direct,0,4,No Deposit,0,Transient-Party,A,0,0,0
Others,Direct,0,1,No Deposit,0,Transient,C,0,0,0
RUS,Online TA,0,0,No Deposit,0,Transient,C,0,1,0
PRT,Complementary,1,0,No Deposit,0,Transient,A,1,3,0
ESP,Offline TA/TO,0,1,No Deposit,0,Transient,C,0,0,0
PRT,Direct,0,3,No Deposit,0,Transient,H,0,1,0
PRT,Direct,0,2,No Deposit,0,Transient-Party,E,0,3,0
PRT,Corporate,0,3,No Deposit,0,Group,D,0,0,0
FRA,Online TA,0,1,No Deposit,0,Transient-Party,A,0,3,0
ESP,Online TA,0,3,No Deposit,0,Transient,D,1,0,0
USA,Direct,0,1,No Deposit,0,Transient,E,1,2,0
BEL,Online TA,0,0,No Deposit,0,Transient,E,1,2,0
NLD,Online TA,0,2,No Deposit,0,Transient-Party,D,0,1,0
Others,Direct,0,0,No Deposit,0,Transient,D,0,0,1
GBR,Direct,0,1,No Deposit,0,Transient,D,1,0,0
PRT,Groups,0,0,No Deposit,31,Transient-Party,A,0,0,1
ESP,Direct,0,3,No Deposit,0,Transient-Party,F,0,1,0
USA,Online TA,0,0,No Deposit,0,Transient,A,0,4,0
Others,Online TA,0,3,No Deposit,0,Transient,A,0,0,0
Others,Online TA,0,0,No Deposit,0,Contract,A,0,0,0
CHE,Online TA,0,1,No Deposit,0,Contract,A,1,1,0
BRA,Online TA,0,0,No Deposit,0,Transient,A,0,4,1
PRT,Offline TA/TO,0,2,No Deposit,0,Transient-Party,E,0,0,0
Others,Direct,0,1,No Deposit,0,Transient,E,0,0,0
CN,Online TA,0,0,No Deposit,0,Transient,A,0,4,0
DEU,Groups,0,0,No Deposit,0,Contract,D,0,0,0
Others,Direct,0,1,No Deposit,0,Transient,D,1,0,0
IRL,Direct,0,3,No Deposit,0,Transient-Party,D,0,1,0
PRT,Corporate,0,1,No Deposit,0,Transient-Party,A,0,2,0
BEL,Online TA,0,0,No Deposit,0,Transient,E,1,3,0
ESP,Online TA,0,0,No Deposit,0,Transient,C,1,2,0
DNK,Online TA,0,1,No Deposit,0,Transient,A,1,1,0
POL,Online TA,0,3,No Deposit,0,Transient,A,0,1,1
PRT,Online TA,0,1,No Deposit,0,Transient,C,0,1,1
Others,Direct,0,2,No Deposit,0,Transient,E,0,0,0
BEL,Direct,0,1,No Deposit,0,Transient-Party,B,1,0,0
GBR,Direct,0,2,No Deposit,0,Transient,D,0,0,0
IRL,Online TA,0,0,No Deposit,0,Transient-Party,E,0,1,0
USA,Offline TA/TO,0,3,No Deposit,0,Transient-Party,A,0,3,0
Others,Online TA,0,0,No Deposit,0,Transient,E,0,1,1
BEL,Online TA,0,0,No Deposit,0,Transient,B,0,0,1
IRL,Direct,0,2,No Deposit,0,Transient-Party,F,0,2,0
Others,Online TA,0,2,No Deposit,0,Transient,A,0,0,0
NLD,Groups,0,1,No Deposit,0,Transient,A,0,0,0
ITA,Online TA,0,0,No Deposit,0,Transient,F,0,2,1
Others,Offline TA/TO,0,3,No Deposit,0,Transient-Party,A,0,1,0
CHN,Offline TA/TO,0,0,No Deposit,0,Transient,A,0,2,0
Others,Online TA,0,0,No Deposit,0,Transient,E,0,3,1
FIN,Offline TA/TO,0,0,No Deposit,0,Transient,D,1,1,0
CHE,Direct,0,1,No Deposit,0,Transient,F,0,1,0
PRT,Direct,1,1,No Deposit,0,Transient,F,0,2,0
CN,Direct,0,2,No Deposit,0,Transient,C,0,1,0
PRT,Offline TA/TO,0,1,No Deposit,33,Transient-Party,A,0,0,0
USA,Groups,0,4,No Deposit,0,Transient-Party,D,0,2,0
Others,Groups,0,1,No Deposit,0,Transient-Party,A,0,0,0
GBR,Offline TA/TO,0,0,No Deposit,0,Transient-Party,D,1,2,0
PRT,Online TA,0,1,No Deposit,0,Transient,G,0,3,0
NLD,Direct,0,0,No Deposit,0,Transient,D,0,1,1
CHE,Online TA,0,2,No Deposit,0,Transient-Party,A,0,0,0
NLD,Offline TA/TO,0,1,No Deposit,0,Contract,A,0,2,0
Others,Online TA,0,0,No Deposit,0,Transient-Party,A,0,0,1
NLD,Online TA,0,0,No Deposit,0,Transient-Party,D,1,1,0
GBR,Online TA,0,0,No Deposit,0,Transient,C,0,3,0
GBR,Online TA,0,0,No Deposit,0,Transient,F,0,3,0
BEL,Direct,0,1,No Deposit,0,Transient,E,0,1,0
Others,Online TA,0,0,No Deposit,0,Transient,E,1,1,0
Others,Offline TA/TO,0,0,No Deposit,0,Transient,A,0,0,0
IRL,Online TA,0,0,No Deposit,0,Transient-Party,D,0,0,0
Others,Corporate,0,0,No Deposit,0,Transient-Party,A,0,0,0
FRA,Online TA,11,0,No Deposit,0,Transient,A,0,1,0
IRL,Direct,0,0,No Deposit,0,Transient,D,1,1,0
GBR,Online TA,0,1,No Deposit,0,Transient,F,0,2,0
GBR,Direct,0,2,No Deposit,0,Transient-Party,A,1,1,0
CHN,Online TA,0,0,No Deposit,0,Transient-Party,C,0,2,0
BEL,Groups,0,0,No Deposit,0,Transient-Party,A,0,1,0
NLD,Online TA,0,0,No Deposit,0,Transient,B,0,0,0
ITA,Offline TA/TO,0,0,No Deposit,0,Transient,A,0,2,0
